OUTCOME_CONCEPT_ID,REACTION_NAME
37219909,PRODUCTIVE COUGH
36718197,BRADYKINESIA
35909594,HEPATOMEGALY
36211451,SUNBURN
35205184,CHEST DISCOMFORT
35607320,PHOTOPHOBIA
36516728,BONE DISORDER
37019263,CYSTITIS NONINFECTIVE
37320109,DRY SKIN
36009736,DERMATITIS EXFOLIATIVE
35205023,CYANOSIS
35607470,DIPLOPIA
35306232,LARYNGOMALACIA
35809133,HOT FLUSH
37219941,FOREIGN BODY ASPIRATION
36919197,LOSS OF LIBIDO
35607367,RETINAL DEGENERATION
36718509,CONVULSION NEONATAL
36110084,PERTUSSIS
35808963,INJECTION SITE ATROPHY
36416641,DYSLIPIDAEMIA
36516738,EXOSTOSIS
35809406,ULCER
35205168,CORONARY ARTERY OCCLUSION
36110583,BRONCHIECTASIS
36617224,METASTASES TO LUNG
35607445,BLINDNESS TRANSIENT
35809199,MUCOSAL DRYNESS
37219924,RHONCHI
35707639,LOOSE TOOTH
36516988,GROIN PAIN
35607483,Vision blurred
35606961,Eye disorder
36313437,Neutrophil count increased
35708094,Diarrhoea haemorrhagic
36313968,Laboratory test abnormal
37420447,Breast feeding
36211103,Lower limb fracture
36315575,Blood creatinine increased
36718317,Loss of consciousness
35809120,Disease progression
36211263,Muscle strain
37019377,Urethral obstruction
35607013,Optic ischaemic neuropathy
36110356,Cryptococcosis
42889605,H1N1 influenza
36718016,ISCHAEMIC STROKE
36919232,SELF INJURIOUS BEHAVIOUR
36211675,PERITONEAL DIALYSIS COMPLICATION
36313477,White blood cell count increased
35708318,Oesophageal ulcer
35808816,Application site pain
36718371,Unresponsive to stimuli
35708606,Odynophagia
35607109,Eye discharge
35506610,Diabetes mellitus inadequate control
37622497,Vein disorder
35104299,Microangiopathic haemolytic anaemia
35708103,Gastric dilatation
36918908,Panic reaction
35205039,Dyspnoea at rest
35708248,Subileus
35607126,Herpes ophthalmic
36416567,HYPERMAGNESAEMIA
35306079,CEREBRAL PALSY
36516932,SPINAL DEFORMITY
35104123,INCREASED TENDENCY TO BRUISE
37019456,NEPHROLITHIASIS
35205160,ARTERIOSCLEROSIS CORONARY ARTERY
37219902,BRAIN HYPOXIA
37219801,BRONCHITIS CHRONIC
36110319,ASPERGILLOSIS
36516930,SCOLIOSIS
36718267,AREFLEXIA
35909469,CHOLESTASIS
35104868,Leukopenia
35809225,Oedema
36315380,Weight decreased
35606827,Cataract subcapsular
37622451,Orthostatic hypotension
37622439,Blood pressure inadequately controlled
36313718,Carcinoembryonic antigen increased
35809125,Energy increased
36211269,Tendonitis
36718045,Cerebrovascular disorder
42889505,Immune reconstitution inflammatory syndrome
36718285,Coordination abnormal
36516961,Back disorder
36516757,Spinal disorder
37420551,Wheelchair user
35205040,DYSPNOEA EXERTIONAL
35707593,COLON ADENOMA
35707632,TOOTH INFECTION
35708444,SMALL INTESTINE CARCINOMA
42889655,POST-TRAUMATIC NECK SYNDROME
36211492,Intentional overdose
35708073,Inflammatory bowel disease
37521157,Bone marrow transplant
36918947,Anhedonia
36818840,Pregnancy with contraceptive device
36516905,Intervertebral disc disorder
42889463,Product physical issue
37320141,Dermatitis
36315471,Blood albumin decreased
35204976,Sudden death
36110874,Cytomegalovirus infection
35809381,Impaired healing
43562827,Pneumocystis jirovecii pneumonia
43562831,Product physical consistency issue
36718169,Autism
37019322,Azotaemia
36919210,Sleep disorder due to a general medical condition
37420549,Walking aid user
35809146,Mobility decreased
37521713,Bladder operation
35809283,Product colour issue
35809124,Effusion
36919082,Violence-related symptom
35909542,Liver abscess
35708110,Intestinal dilatation
36110256,Pneumococcal sepsis
36146460,Bacterial vaginosis
36718610,Cerebral calcification
42889323,Tongue pruritus
37019392,Bladder irritation
37019355,Renal infarct
35707749,Abdominal compartment syndrome
35305971,Caudal regression syndrome
36718502,Peripheral sensorimotor neuropathy
36110013,Arthritis bacterial
36718474,Mononeuropathy multiplex
35708321,Oesophagitis ulcerative
36919085,Self esteem decreased
37522138,Cyst removal
36516923,Cervical spine flattening
42890353,Band sensation
35104075,Anaemia macrocytic
35104794,Splenic granuloma
35607122,EYE IRRITATION
36516810,Temporomandibular joint syndrome
35708166,Acute abdomen
37521547,Vertebroplasty
35506681,Pituitary tumour
35708678,Peritoneal adhesions
36110024,Bronchitis bacterial
36919144,"Delusional disorder, unspecified type"
36313096,Prothrombin time shortened
36718319,Postictal state
35606836,Conjunctival disorder
35305408,Congenital aortic anomaly
36211457,Burns second degree
36516897,Knee deformity
35808966,Injection site coldness
36314159,BLOOD GLUCOSE FLUCTUATION
35708248,SUBILEUS
36312234,HORMONE LEVEL ABNORMAL
35708539,PANCREATIC CARCINOMA METASTATIC
35808831,APPLICATION SITE VESICLES
37420551,WHEELCHAIR USER
36313089,PROTHROMBIN TIME ABNORMAL
37520737,CARDIOVERSION
35607323,CHORIORETINOPATHY
35306250,PULMONARY MALFORMATION
42889466,PRODUCT ADHESION ISSUE
42890501,OSTEONECROSIS OF JAW
35707855,PORTAL HYPERTENSIVE GASTROPATHY
35909502,LIVER GRAFT LOSS
35205229,Subacute endocarditis
37520852,Eye laser surgery
35707989,APPENDICITIS
42889280,Oral mucosal blistering
35708642,Stomatitis
37119623,Genital haemorrhage
37019316,Oliguria
36211208,Vascular injury
35606983,Angle closure glaucoma
35708149,FAECES PALE
36718256,Parkinson's disease
37521200,Tooth extraction
37520608,Intramedullary rod insertion
36009917,Vasculitic rash
35809078,Listless
36315819,Semen analysis abnormal
37220006,Laryngospasm
36315849,Spermatozoa progressive motility decreased
36718015,Ischaemic cerebral infarction
37219791,Bronchial wall thickening
36617669,Vulval cancer
36316182,Drug level below therapeutic
37520841,Corneal transplant
36617770,Vocal cord polyp
36312482,Thyroxine decreased
43053760,Eye contusion
37119695,Pelvic prolapse
36111056,Viral upper respiratory tract infection
36918953,Feelings of worthlessness
35708030,Peritoneal tuberculosis
35707730,Pancreatic atrophy
36211059,Avulsion fracture
36516906,Intervertebral disc displacement
37320155,Stasis dermatitis
35305412,Right aortic arch
36314108,Carbon dioxide decreased
36313803,Blood immunoglobulin G decreased
36617338,Tumour pain
36718574,Cervical myelopathy
36313342,CD8 lymphocytes decreased
36919106,Neglect of personal appearance
37622408,Ischaemia
36314249,Blood uric acid decreased
36314501,Cross sensitivity reaction
35707716,Pancreatitis chronic
35606910,Posterior capsule opacification
36211660,Graft loss
36313524,ALANINE AMINOTRANSFERASE INCREASED
36312552,TROPONIN T INCREASED
36316279,DRUG SCREEN NEGATIVE
35104692,Thrombocytopenia neonatal
35607197,OCULAR TOXICITY
36919184,ERECTION INCREASED
36314129,PO2 INCREASED
35808852,CATHETER SITE HAEMORRHAGE
37622439,BLOOD PRESSURE INADEQUATELY CONTROLLED
37320315,PILOERECTION
37622408,ISCHAEMIA
35104098,NEPHROGENIC ANAEMIA
36918897,SOCIAL FEAR
36718299,APRAXIA
36718512,COMPLEX PARTIAL SEIZURES
36416503,RESPIRATORY ALKALOSIS
35104075,ANAEMIA MACROCYTIC
35606991,OPEN ANGLE GLAUCOMA
35607399,CHOROIDAL NEOVASCULARISATION
36110489,EXTRADURAL ABSCESS
37220005,LARYNGEAL STENOSIS
37520605,BONE TRIMMING
35104191,BONE MARROW OEDEMA
36516960,PIRIFORMIS SYNDROME
35205380,PLEUROPERICARDITIS
35708559,LEUKOPLAKIA ORAL
36110665,IMPETIGO
36416592,POLYDIPSIA PSYCHOGENIC
36918910,BURNOUT SYNDROME
37320097,SKIN STRIAE
37119711,ENDOMETRIAL HYPERTROPHY
35607394,HORNER'S SYNDROME
35909530,NODULAR REGENERATIVE HYPERPLASIA
36211503,DELAYED RECOVERY FROM ANAESTHESIA
36617748,TESTIS CANCER
35104785,METASTASES TO SPLEEN
35205031,JUGULAR VEIN DISTENSION
36918987,"HALLUCINATION, OLFACTORY"
35205197,STRESS CARDIOMYOPATHY
36110023,BREAST CELLULITIS
36211581,COMPLICATION OF DEVICE INSERTION
36211433,OSTEORADIONECROSIS
36617475,BLADDER TRANSITIONAL CELL CARCINOMA
35809165,SERUM SICKNESS-LIKE REACTION
36918966,DISSOCIATIVE IDENTITY DISORDER
37019368,URETERIC DILATATION
37521638,OOPHORECTOMY BILATERAL
36919107,PSYCHIATRIC DECOMPENSATION
36617358,CEREBRAL HAEMANGIOMA
36211141,CHEMICAL INJURY
35305408,CONGENITAL AORTIC ANOMALY
36313864,TRYPTASE INCREASED
37520655,MENISCUS OPERATION
36416676,HYPERMETABOLISM
36313375,Lymphocyte morphology abnormal
36718328,Central nervous system necrosis
35305396,Congenital aortic stenosis
35104730,Hilar lymphadenopathy
35204967,Cardiac arrest neonatal
35607333,Vitreous degeneration
36718597,Spinal claudication
37520630,Ankle arthroplasty
35707648,TOOTH DEPOSIT
35808806,APPLICATION SITE HYPERSENSITIVITY
36313251,Mean cell haemoglobin concentration decreased
36718389,Aura
35708113,Post procedural constipation
37520635,Arthroscopic surgery
43053758,Mycotic endophthalmitis
35909625,HEPATOTOXICITY
37119485,BREAST DISCHARGE
37320229,LENTIGO
36211476,CIRCUMSTANCE OR INFORMATION CAPABLE OF LEADING TO MEDICATION ERROR
35808818,APPLICATION SITE PAPULES
37119626,GENITAL ULCERATION
37520928,LAPAROTOMY
37019317,POSTRENAL FAILURE
42890379,TRANSIENT GLOBAL AMNESIA
37019288,GLOMERULONEPHRITIS RAPIDLY PROGRESSIVE
42889636,FOETAL EXPOSURE DURING PREGNANCY
36312566,Blood alkaline phosphatase abnormal
36818754,Neonatal aspiration
36416673,HYPERCREATINAEMIA
37019404,STRESS URINARY INCONTINENCE
35305398,CONGENITAL CORONARY ARTERY MALFORMATION
36516785,Palindromic rheumatism
36110661,Ecthyma
37320118,Scar pain
45885785,Brain empyema
35305681,Congenital intestinal malformation
42890650,IMPAIRED REASONING
36818845,Unwanted pregnancy
35708444,Small intestine carcinoma
35205269,Shoshin beriberi
35909584,Hepatitis infectious
35306227,CONGENITAL TRACHEOMALACIA
35809066,MATERNAL DEATH AFFECTING FOETUS
35305680,ADENOMATOUS POLYPOSIS COLI
35708654,Peritoneal abscess
36516875,Diaphragm muscle weakness
36312572,Blood lactate dehydrogenase decreased
37220013,Vasomotor rhinitis
36516915,NOSE DEFORMITY
36110427,DERMATOPHYTOSIS
37521946,Tenotomy
37119611,PROSTATIC CALCIFICATION
37520617,REMOVAL OF INTERNAL FIXATION
35607176,CONJUNCTIVAL ABRASION
42890370,BLADDER NECK SUSPENSION
36516737,Dental alveolar anomaly
37420405,Occupational problem environmental
35506625,GLUCOSE TOLERANCE IMPAIRED IN PREGNANCY
35707960,GASTROINTESTINAL INFECTION
35809130,FLUSHING
35708746,GLOSSODYNIA
35707854,OESOPHAGEAL VARICES HAEMORRHAGE
35809146,MOBILITY DECREASED
37219831,INTERSTITIAL LUNG DISEASE
35809079,MALAISE
35708221,ILEAL STENOSIS
35707871,UPPER GASTROINTESTINAL HAEMORRHAGE
35809207,MUCOSAL INFLAMMATION
35909441,CHOLECYSTITIS
36516927,LUMBAR SPINAL STENOSIS
36919098,ABNORMAL BEHAVIOUR
35708640,MOUTH ULCERATION
36919234,SUICIDAL BEHAVIOUR
36818634,ABORTION SPONTANEOUS
36516810,TEMPOROMANDIBULAR JOINT SYNDROME
35204927,BRADYARRHYTHMIA
36617321,MALIGNANT PLEURAL EFFUSION
37520685,LIMB OPERATION
35104746,LYMPHADENOPATHY
35205247,CARDIOPULMONARY FAILURE
37320214,RASH MACULAR
42889666,SPINAL COLUMN INJURY
36718338,NERVOUS SYSTEM DISORDER
35809151,NIGHT SWEATS
36316089,CHEST X-RAY ABNORMAL
35204975,SUDDEN CARDIAC DEATH
36211114,SKULL FRACTURE
35506690,INAPPROPRIATE ANTIDIURETIC HORMONE SECRETION
36718269,EXTENSOR PLANTAR RESPONSE
35205319,DILATATION VENTRICULAR
37219932,RESPIRATION ABNORMAL
37119696,UTERINE PROLAPSE
35909542,LIVER ABSCESS
35708754,TONGUE DRY
35204989,Cardiac disorder
35406391,Tinnitus
35708293,Gastrointestinal perforation
36009898,Lung transplant rejection
36110535,Abscess limb
37622521,Hypertensive crisis
36718259,Parkinsonism
42889013,Cardiac septal hypertrophy
36211629,Arachnoiditis
42889623,Pubis fracture
35707682,GINGIVAL RECESSION
36314156,BLOOD GLUCOSE ABNORMAL
35707677,GINGIVAL ERYTHEMA
36516818,Joint swelling
37119602,Scrotal swelling
35809399,Hyperplasia
36315645,Blood urine present
35909492,Hepatic lesion
36211185,Pulmonary toxicity
37521159,DIALYSIS
36316167,Cardioactive drug level increased
42890056,Helicobacter test positive
36211104,Patella fracture
36516973,MUSCULOSKELETAL STIFFNESS
36316031,ASPIRATION PLEURAL CAVITY
36314855,BONE DENSITY ABNORMAL
36110977,POLYOMAVIRUS-ASSOCIATED NEPHROPATHY
35708038,COLITIS
36818632,ABORTION MISSED
35707653,TOOTH INJURY
36009703,BRONCHOSPASM
35707684,GINGIVITIS
35204935,FOETAL HEART RATE DECELERATION
36110378,MENINGITIS FUNGAL
36818682,PREMATURE LABOUR
37420519,DISABILITY
36110253,PHARYNGITIS STREPTOCOCCAL
36211179,NEPHROPATHY TOXIC
35808962,INJECTION SITE ANAESTHESIA
35104074,Anaemia
37420529,Impaired driving ability
36718280,Balance disorder
35809130,Flushing
36919231,Intentional self-injury
36110151,Pneumonia klebsiella
36110764,Bovine tuberculosis
37320217,Rash morbilliform
36918952,Feeling of despair
37080784,Acute kidney injury
36211103,LOWER LIMB FRACTURE
36718364,NEUROLOGICAL SYMPTOM
36516828,PSORIATIC ARTHROPATHY
35909409,BILIARY COLIC
36110768,EXTRAPULMONARY TUBERCULOSIS
36110520,PELVIC INFLAMMATORY DISEASE
35607075,IRITIS
35708048,PYODERMA GANGRENOSUM
37119708,ENDOMETRIAL DISORDER
36516816,Joint range of motion decreased
36315299,Grip strength decreased
36110585,Bronchopneumonia
36516972,Musculoskeletal disorder
36211306,Multiple injuries
36919045,Emotional disorder
37219867,Pulmonary arterial hypertension
36416609,Shock haemorrhagic
35809022,Injection site urticaria
36718233,Monoparesis
36313403,Monocyte count increased
37521103,Ileostomy
43562983,Therapy change
35809336,Idiosyncratic drug reaction
37520809,Parathyroidectomy
42889555,Infection reactivation
35707835,Intestinal villi atrophy
36211100,Fibula fracture
35809211,Mucosal ulceration
36919091,Borderline personality disorder
37119701,Adnexa uteri pain
36718062,Superior sagittal sinus thrombosis
37220061,Tonsillar hypertrophy
36718419,Dyslalia
37019334,Kidney small
37522373,Vena cava filter insertion
37320133,Skin tightness
36718027,Thalamic infarction
36718431,Repetitive speech
36516927,Lumbar spinal stenosis
42889118,Cystoid macular oedema
36313130,Blast cell count increased
35708357,Gastric varices
35305401,Pulmonary artery stenosis congenital
35909454,Gallbladder enlargement
35809102,Cerebellar ataxia
36110475,Mastitis
42889401,Device component issue
37420381,Living in residential institution
36211206,Arterial injury
36211135,Ulna fracture
36313449,Neutrophil percentage increased
36718231,Locked-in syndrome
35809120,DISEASE PROGRESSION
36312076,BLOOD PRESSURE IMMEASURABLE
36311932,ELECTROCARDIOGRAM ST-T CHANGE
36211689,PROCEDURAL COMPLICATION
36718482,RADIAL NERVE PALSY
37521235,ORAL SURGERY
35708184,OESOPHAGEAL DISCOMFORT
36312698,COLONOSCOPY
36516903,INTERVERTEBRAL DISC COMPRESSION
37521192,ENDODONTIC PROCEDURE
36617535,HAEMORRHAGIC OVARIAN CYST
35708741,TONGUE HAEMORRHAGE
36313485,BIOPSY LIVER
35809354,THERAPEUTIC RESPONSE DELAYED
36311846,RIGHT VENTRICULAR SYSTOLIC PRESSURE INCREASED
35809173,YELLOW SKIN
36110260,SCARLET FEVER
36211133,RADIUS FRACTURE
35305401,PULMONARY ARTERY STENOSIS CONGENITAL
37119518,UTERINE CERVIX STENOSIS
36211309,POST CONCUSSION SYNDROME
36314500,CATHETER CULTURE POSITIVE
35809316,Radiation interaction
37520608,INTRAMEDULLARY ROD INSERTION
42889261,Carbohydrate intolerance
36718487,ULNAR NERVE PALSY
37320192,PHOTODERMATOSIS
42889623,PUBIS FRACTURE
36009700,Asthma
35707792,Anal fistula
36919194,LIBIDO DECREASED
36516866,Hypotonia neonatal
35205241,Cardiac failure acute
43053798,Application site bruise
36718598,Spinal cord compression
35809330,Drug resistance
36009713,Multiple allergies
36009843,Dermatomyositis
37119648,Ejaculation failure
35205144,Anomalous pulmonary venous connection
37520638,Bunion operation
36918924,Distractibility
36312698,Colonoscopy
35607307,Pupil fixed
35104849,Acute febrile neutrophilic dermatosis
37521313,Sinus operation
35809357,Therapeutic response unexpected
42889911,Double stranded DNA antibody positive
36312930,Anti factor VIII antibody positive
35808935,Infusion site irritation
36516859,Cataplexy
35808956,Infusion site vesicles
42890574,Burning feet syndrome
36211384,Blood blister
42889639,Maternal exposure during delivery
36110673,Paronychia
37320235,Skin depigmentation
35809396,Denervation atrophy
35104886,Neutropenic infection
37119468,Breast calcifications
35607390,Atrophy of globe
35708742,Tongue injury
35809200,Mucosal erosion
36316381,BLOOD POTASSIUM DECREASED
37520759,Mitral valve repair
35205339,Right atrial dilatation
36110099,Clostridial infection
36009888,Sepsis syndrome
35606868,Corneal striae
37219809,Status asthmaticus
35809096,Sense of oppression
37521227,Ear operation
37220030,Nasal turbinate hypertrophy
35708359,Haemorrhoidal haemorrhage
36919104,Hypervigilance
37520916,Abdominal cavity drainage
36774655,Brow ptosis
37520719,CARDIAC PACEMAKER INSERTION
37521201,TOOTH REPAIR
36517132,CHONDROPATHY
35506689,DIABETES INSIPIDUS
36416612,HYPERVOLAEMIA
35306135,CONGENITAL GENITOURINARY ABNORMALITY
35104076,ANAEMIA MEGALOBLASTIC
37019257,URINARY BLADDER HAEMORRHAGE
37521104,ILEOSTOMY CLOSURE
35809102,CEREBELLAR ATAXIA
35607150,PERIORBITAL OEDEMA
36009876,ENGRAFTMENT SYNDROME
35205104,PULMONARY VALVE INCOMPETENCE
35104822,ALLERGIC GRANULOMATOUS ANGIITIS
36211603,THROMBOSIS IN DEVICE
36617228,METASTASES TO OVARY
35708560,LIP BLISTER
37420460,HIGH RISK SEXUAL BEHAVIOUR
35606893,IRIS DISORDER
35104758,LYMPHATIC DISORDER
37119704,PELVIC HAEMATOMA
35707938,ABDOMINAL SEPSIS
37320235,SKIN DEPIGMENTATION
36110587,INFECTIVE EXACERBATION OF CHRONIC OBSTRUCTIVE AIRWAYS DISEASE
36516934,SPONDYLOLYSIS
37220061,TONSILLAR HYPERTROPHY
35809231,AXILLARY PAIN
36110333,CANDIDA PNEUMONIA
35104739,LYMPH NODE TUBERCULOSIS
35204949,TACHYCARDIA FOETAL
36718605,TETHERED CORD SYNDROME
37520867,VITRECTOMY
35607374,RETINAL PIGMENT EPITHELIAL TEAR
37119743,VAGINAL FISTULA
36516764,METATARSALGIA
35707599,GASTROINTESTINAL TRACT ADENOMA
35104795,SPLENIC HAEMORRHAGE
37019237,BLADDER DILATATION
36718120,ENCEPHALOPATHY NEONATAL
35205341,RIGHT VENTRICULAR DYSFUNCTION
35607065,PUNCTATE KERATITIS
35809281,LIQUID PRODUCT PHYSICAL ISSUE
35305863,NIEMANN-PICK DISEASE
36718523,ATONIC SEIZURES
36718063,TRANSVERSE SINUS THROMBOSIS
42890468,VIBRATORY SENSE INCREASED
37019423,Glycosuria
36211766,Ureteric perforation
36918916,Head banging
37119700,Adnexa uteri mass
35104644,Non-Hodgkin's lymphoma recurrent
37119636,Genital discharge
35306252,Congenital pulmonary hypertension
37622515,Extravasation blood
36211715,FALLOPIAN TUBE PERFORATION
35305998,CONGENITAL MULTIPLEX ARTHROGRYPOSIS
36617351,PERINEURIAL CYST
36110502,AMNIOTIC CAVITY INFECTION
35809167,Symptom masked
42889476,Dermal absorption impaired
36314857,BONE DENSITY INCREASED
37521141,Platelet transfusion
35104109,Febrile bone marrow aplasia
35909641,Focal nodular hyperplasia
37520924,Explorative laparotomy
35809328,DRUG INEFFECTIVE FOR UNAPPROVED INDICATION
36312550,TROPONIN I INCREASED
35606825,Cataract cortical
37119470,BREAST DISORDER FEMALE
35809375,WITHDRAWAL BLEED
35809308,DEVICE INTERACTION
36211537,VASCULAR PSEUDOANEURYSM
36211460,DRUG ADMINISTERED AT INAPPROPRIATE SITE
37219888,GRUNTING
36313571,GAMMA-GLUTAMYLTRANSFERASE ABNORMAL
36110225,SEPTIC ARTHRITIS STAPHYLOCOCCAL
35506617,INSULIN-REQUIRING TYPE 2 DIABETES MELLITUS
37420469,VICTIM OF CHILD ABUSE
36009813,BUTTERFLY RASH
42890123,MYCOBACTERIUM TUBERCULOSIS COMPLEX TEST POSITIVE
35305703,Congenital oral malformation
35809241,Metastatic pain
37521028,Abdominal hernia repair
36009862,CUTANEOUS AMYLOIDOSIS
37521195,Gingivectomy
37220063,TONSILLAR ULCER
36416543,BONE ATROPHY
37522363,CENTRAL VENOUS CATHETER REMOVAL
35506732,PANCREATIC NEUROENDOCRINE TUMOUR
42890219,LOWER URINARY TRACT SYMPTOMS
35305959,Craniorachischisis
36009912,Renal vasculitis
42889501,SKIN SENSITISATION
37520603,Bone lesion excision
35305664,ABDOMINAL TRANSPOSITION
42890819,VASCULAR COMPRESSION
36919074,Overconfidence
36919074,OVERCONFIDENCE
42889094,PERSISTENT CLOACA
42890203,NECK SURGERY
42890586,FOETAL PLACENTAL THROMBOSIS
36211312,SCAR
35707930,GASTROENTERITIS VIRAL
36718175,MEMORY IMPAIRMENT
35406359,DEAFNESS
36918947,ANHEDONIA
37622481,ANGIOPATHY
36718354,DISORIENTATION
35909577,HEPATITIS B
36211078,STRESS FRACTURE
35708108,IMPAIRED GASTRIC EMPTYING
35205112,TRICUSPID VALVE DISEASE
36919037,AFFECT LABILITY
35708129,OESOPHAGEAL SPASM
36617644,OVARIAN CANCER
36718197,Bradykinesia
35607492,VISUAL FIELD DEFECT
36919048,FRUSTRATION
35708167,APHAGIA
36919128,DRUG DEPENDENCE
36516851,MUSCLE TWITCHING
36516907,INTERVERTEBRAL DISC PROTRUSION
35607306,MYDRIASIS
36211347,RENAL INJURY
37219874,PULMONARY THROMBOSIS
35406387,LABYRINTHITIS
35809355,THERAPEUTIC RESPONSE INCREASED
36211260,LIGAMENT SPRAIN
36313957,BLOOD TEST ABNORMAL
35506635,HYPERINSULINISM
35909605,AUTOIMMUNE HEPATITIS
36009878,GLOMERULONEPHRITIS
35708649,MALIGNANT ASCITES
35909528,HEPATIC FIBROSIS
35506494,DIABETIC KETOACIDOSIS
35306001,DYSMORPHISM
35205041,DYSPNOEA PAROXYSMAL NOCTURNAL
36211394,Subcutaneous haematoma
35707930,Gastroenteritis viral
37521792,Lung lobectomy
36516990,Neck mass
36919145,Acute psychosis
35406307,Ear discomfort
36718239,Paresis
35707901,Gastric infection
36009722,SERUM SICKNESS
35305701,OESOPHAGEAL ATRESIA
35204905,ATRIOVENTRICULAR BLOCK SECOND DEGREE
35708155,Abdominal pain lower
37220016,Nasal disorder
36312568,Blood alkaline phosphatase increased
36416638,Hyperlipidaemia
35809001,Injection site necrosis
36009755,Toxic skin eruption
36919068,Homicidal ideation
36312023,Angiogram
42890633,Inflammatory marker increased
35708319,Oesophageal ulcer haemorrhage
36516814,Joint crepitation
35708554,Cheilitis
36211111,Facial bones fracture
36315365,Skin turgor decreased
35707755,Colon injury
35204920,WOLFF-PARKINSON-WHITE SYNDROME
35708684,PERIRENAL HAEMATOMA
37420543,PHYSICAL DISABILITY
37521332,Tonsillectomy
35205255,ACUTE PULMONARY OEDEMA
36110459,ABSCESS JAW
36009804,GUILLAIN-BARRE SYNDROME
37119717,UTERINE ENLARGEMENT
36211296,EXCORIATION
36718062,SUPERIOR SAGITTAL SINUS THROMBOSIS
36718235,PARALYSIS
36316343,BLOOD CALCIUM DECREASED
35306202,HYDROCELE
36516982,WEIGHT BEARING DIFFICULTY
36717962,ENCEPHALITIS
36516951,Back pain
36718354,Disorientation
36516765,Pain in jaw
36316391,Blood sodium decreased
35809232,Breakthrough pain
36315984,Forced expiratory volume decreased
36617419,Meningioma
35104748,LYMPHADENOPATHY MEDIASTINAL
36211688,POSTOPERATIVE WOUND COMPLICATION
36312473,THYROID FUNCTION TEST ABNORMAL
37019399,MICTURITION URGENCY
36211758,COMPLICATIONS OF TRANSPLANTED KIDNEY
36718013,Intraventricular haemorrhage
36211460,Drug administered at inappropriate site
36516888,Rhabdomyolysis
36314160,Blood glucose increased
37019455,Nephrocalcinosis
35808795,Application site discolouration
36211272,Nerve compression
36211758,Complications of transplanted kidney
35607106,Endophthalmitis
35909612,Hepatic steatosis
36211282,Accident at work
37521840,Mechanical ventilation
36211114,Skull fracture
36313544,Bilirubin conjugated increased
37521846,Endotracheal intubation
36718589,Neurogenic bladder
35809097,Temperature intolerance
37622403,Arteriosclerosis
37119497,Nipple pain
35707695,Diverticulum intestinal haemorrhagic
35708182,Mastication disorder
35104874,AGRANULOCYTOSIS
36316209,Blood alcohol increased
36718183,Tachyphrenia
36311984,Heart rate irregular
36110089,Lyme disease
35708045,Enterocolitis haemorrhagic
35607332,Vitreous adhesions
36919234,Suicidal behaviour
37119641,Genital swelling
37320125,Skin fragility
35809347,Surgical failure
36009879,IgA nephropathy
42890331,Nasal obstruction
37521194,Gingival operation
35204930,Bradycardia neonatal
36110386,Onychomycosis
35205187,Kounis syndrome
42888981,Atrioventricular dissociation
36516803,Joint instability
35406403,Eustachian tube dysfunction
37520695,Benign breast lump removal
36617253,Papilloma
35607141,Neuromyelitis optica
36617514,Malignant urinary tract neoplasm
36517126,Tenosynovitis stenosans
36516881,Amyotrophy
35104822,Allergic granulomatous angiitis
35104152,Protein S deficiency
36718190,Chorea
35104122,Haemorrhagic disorder
35607134,Oculomucocutaneous syndrome
35809269,Failure of child resistant mechanism for pharmaceutical product
36314124,PCO2 increased
35707778,Intra-abdominal haematoma
35808907,Implant site swelling
36009764,Laryngeal oedema
43562713,Spinal subdural haematoma
37521331,Adenotonsillectomy
36211508,Unwanted awareness during anaesthesia
35708741,Tongue haemorrhage
36718516,Temporal lobe epilepsy
35305908,Adactyly
35808912,Implant site warmth
37420510,BEDRIDDEN
35809024,INJECTION SITE VESICLES
35809401,METAPLASIA
35708616,LIP DISCOLOURATION
36315539,PROTEIN TOTAL DECREASED
37320341,VASODILATATION
37320219,RASH SCARLATINIFORM
36313662,ANTIPHOSPHOLIPID ANTIBODIES
35707571,PAINFUL DEFAECATION
35808946,INFUSION SITE PRURITUS
37320323,SEBORRHOEA
36617225,METASTASES TO MENINGES
36516862,FLOPPY INFANT
36314249,BLOOD URIC ACID DECREASED
37520911,RETINAL OPERATION
35708150,MUCOUS STOOLS
36516731,BONE FORMATION DECREASED
35809187,PSEUDOPOLYP
36110571,SEXUALLY TRANSMITTED DISEASE
36516963,CHEST WALL MASS
42890238,Sperm concentration zero
37520635,ARTHROSCOPIC SURGERY
35205309,CARDIAC ANEURYSM
35708156,Abdominal pain upper
36919132,Substance abuse
36009750,Reaction to preservatives
36919209,Sleep disorder
36516874,Trismus
35305663,PYLORIC STENOSIS
35707984,ABSCESS INTESTINAL
36211383,Blister
36211491,Accidental overdose
35205272,Cardiomyopathy
35205374,Pericarditis
42889622,Atypical femur fracture
35204968,Cardiac death
36314255,Brain natriuretic peptide increased
42890235,Sperm concentration decreased
35205246,Cardiogenic shock
35306167,Renal aplasia
37320341,Vasodilatation
35808801,Application site exfoliation
37019305,Kidney fibrosis
36313661,Antinuclear antibody positive
36211141,Chemical injury
35708271,Duodenal ulcer haemorrhage
37119782,Vulvovaginal dryness
42889498,Graft versus host disease in skin
35808823,Application site pustules
37521188,Dental implantation
36312378,Blood oestrogen increased
37320302,Onychalgia
36617157,Fibroadenoma of breast
36314128,PO2 decreased
35205334,Myoglobinuria
35305603,Iris coloboma
37320162,Palmar erythema
36312018,Carotid bruit
36516795,Chondromalacia
35506654,Hypopituitarism
35506749,Calcium deficiency
36516775,Myofascitis
42889501,Skin sensitisation
36009882,Jarisch-Herxheimer reaction
36110574,Superinfection
36313259,Mean cell volume decreased
37521013,Intestinal adhesion lysis
37522130,Catheter removal
35808878,Implant site effusion
35506768,Thyroiditis acute
35606967,Eyelid pain
36718044,Cerebral vasoconstriction
37622491,Phlebolith
36818766,Neonatal disorder
35306237,Choanal atresia
36315416,Alpha 1 foetoprotein increased
36314542,False positive tuberculosis test
37119622,Genital erosion
37520970,GASTRIC BYPASS
36617295,MALIGNANT NEOPLASM PROGRESSION
36617389,GLIOBLASTOMA MULTIFORME
36312648,LIPASE INCREASED
36314117,OXYGEN SATURATION DECREASED
36211730,ENDOTRACHEAL INTUBATION COMPLICATION
35809087,FEELING JITTERY
36312883,BIOPSY BONE MARROW ABNORMAL
35809009,INJECTION SITE PHLEBITIS
35809193,ENANTHEMA
36312941,BLEEDING TIME PROLONGED
35708258,OESOPHAGEAL OBSTRUCTION
36110089,LYME DISEASE
35305703,CONGENITAL ORAL MALFORMATION
36211439,RADIATION INJURY
35708136,ABDOMINAL MASS
35809380,EXCESSIVE GRANULATION TISSUE
36718587,NERVE ROOT COMPRESSION
36313790,BLOOD IMMUNOGLOBULIN A DECREASED
36316455,BLOOD OSMOLARITY DECREASED
36918901,OBSESSIVE THOUGHTS
36316176,DRUG CLEARANCE DECREASED
36312866,COOMBS DIRECT TEST POSITIVE
37019443,URINE ABNORMALITY
37119617,PROSTATIC PAIN
35104855,LEUKAEMOID REACTION
36211283,ANIMAL BITE
35707681,GINGIVAL INJURY
36617199,KERATOACANTHOMA
37420580,POOR PERSONAL HYGIENE
37420537,MENTAL DISABILITY
35809143,MACROSOMIA
35506582,HIRSUTISM
37520651,JOINT SURGERY
36110117,ENTEROCOCCAL SEPSIS
36009774,RHINITIS PERENNIAL
37521158,CONTINUOUS HAEMODIAFILTRATION
37521184,DENTAL CARE
35104491,DIFFUSE LARGE B-CELL LYMPHOMA RECURRENT
37521981,CHEMOTHERAPY
36718172,AMNESTIC DISORDER
35809042,HYPOTHERMIA NEONATAL
37119482,BREAST INFLAMMATION
37219796,ASTHMA EXERCISE INDUCED
36312882,BIOPSY BONE MARROW
36110984,PNEUMONIA RESPIRATORY SYNCYTIAL VIRAL
35708655,PERITONEAL CLOUDY EFFLUENT
35305627,MICROPHTHALMOS
37521336,BILE DUCT STENT INSERTION
35708682,BLOODY PERITONEAL EFFLUENT
36516995,SOFT TISSUE NECROSIS
35809274,PRODUCT CONTAINER ISSUE
35809262,PRODUCT EXPIRATION DATE ISSUE
36211554,DEVICE CONNECTION ISSUE
37622457,PARADOXICAL EMBOLISM
42890556,GESTATIONAL HYPERTENSION
36110174,GONORRHOEA
42890652,EMOTIONAL POVERTY
36313103,THROMBIN TIME PROLONGED
37520631,ANKLE OPERATION
35708701,Salivary gland disorder
35607176,Conjunctival abrasion
35707664,Enamel anomaly
36314636,Genotype drug resistance test
36516928,Lumbar spine flattening
36313816,Immunoglobulins decreased
37521885,Mole excision
37520999,Enterostomy
36416664,APOPTOSIS
36617315,BENCE JONES PROTEINURIA
35305516,TERATOGENICITY
35809284,PRODUCT DEPOSIT
37019446,Cystitis-like symptom
36315510,Globulins increased
35707537,Femoral hernia
37521543,Spinal rod insertion
36315029,CSF test abnormal
36313372,Lymphocyte count increased
37320305,Onycholysis
45885924,Procedural anxiety
36718484,Sciatic nerve neuropathy
35809052,Postoperative fever
43053757,Brachydactyly
37019386,Urethral haemorrhage
36110149,Klebsiella infection
36718459,Sensorimotor disorder
35104175,HYPOCOAGULABLE STATE
37522149,DRUG DELIVERY DEVICE IMPLANTATION
35909505,LIVER TRANSPLANT REJECTION
37521538,SPINAL LAMINECTOMY
36315832,SEMEN VOLUME DECREASED
35809004,INJECTION SITE OEDEMA
35306261,APLASIA CUTIS CONGENITA
35808872,IMPLANT SITE CELLULITIS
35707981,TUBERCULOSIS GASTROINTESTINAL
36312866,Coombs direct test positive
35305849,LEUKODYSTROPHY
35707762,GASTROINTESTINAL ANASTOMOTIC LEAK
36919204,Hypnagogic hallucination
42889494,Chronic graft versus host disease in liver
36110929,Pneumonia herpes viral
37521718,CYSTOPEXY
42890434,RESTING TREMOR
43562908,Hypothalamic pituitary adrenal axis suppression
36315866,BIOPSY BREAST
37520959,RECTOCELE REPAIR
35104884,Neutropenia neonatal
37119758,Vulval ulceration
37420515,Corrective lens user
36516911,Cranial sutures widening
35808805,Application site hyperaesthesia
36416562,DYSTROPHIC CALCIFICATION
36718394,HYPERPATHIA
35104781,Asplenia
37119693,Testis discomfort
37521946,TENOTOMY
35707742,PANCREATIC LEAK
37522136,CRYOTHERAPY
35205199,Subendocardial ischaemia
36313127,Anti-erythropoietin antibody negative
36316290,Manganese decreased
36110679,RECURRING SKIN BOILS
42889639,MATERNAL EXPOSURE DURING DELIVERY
36110338,Hepatosplenic candidiasis
36314212,Urine delta aminolevulinate increased
35607482,Vision abnormal neonatal
35809388,Submandibular mass
35606868,CORNEAL STRIAE
37219981,Epiglottis ulcer
42889626,CHEMICAL BURN OF RESPIRATORY TRACT
42890667,Duodenal ulcer repair
36416689,Hyperalbuminaemia
36516750,OSTEORRHAGIA
35809272,PRODUCT CLOSURE REMOVAL DIFFICULT
36110108,ERYTHRASMA
42889660,WOUND HAEMATOMA
42890493,CRYSTAL NEPHROPATHY
35306222,CONGENITAL DIAPHRAGMATIC EVENTRATION
36516779,ARTHRITIS
36919118,MENTAL STATUS CHANGES
35809132,GENERAL SYMPTOM
36718379,PARAESTHESIA
36009738,DRUG HYPERSENSITIVITY
37219871,PULMONARY EMBOLISM
36211273,NERVE INJURY
35909418,CHOLANGITIS
36311995,PULSE ABSENT
36516837,MYALGIA
36818844,UNINTENDED PREGNANCY
37219966,YAWNING
35607272,EYE MOVEMENT DISORDER
36316391,BLOOD SODIUM DECREASED
36110195,PROTEUS INFECTION
35204933,EXTRASYSTOLES
36009764,LARYNGEAL OEDEMA
36211184,POISONING DELIBERATE
36313741,PROSTATIC SPECIFIC ANTIGEN INCREASED
37622497,VEIN DISORDER
36516990,NECK MASS
35707984,Abscess intestinal
37219863,PLEURAL EFFUSION
37420369,LOSS OF EMPLOYMENT
36818833,PREGNANCY
35607110,EYE INFECTION
36211071,JOINT DISLOCATION
36009704,DERMATITIS ALLERGIC
36110682,SKIN INFECTION
36315740,WHITE BLOOD CELLS URINE POSITIVE
36110644,SEPTIC EMBOLUS
35708691,DRY THROAT
35204939,NODAL ARRHYTHMIA
35708310,LARGE INTESTINE PERFORATION
37019303,RENAL TUBULAR DISORDER
35104679,PLATELET DISORDER
36918891,PHOBIA
35708744,Tongue ulceration
36211197,Maternal drugs affecting foetus
35708620,Oral discomfort
37320102,Dermatitis bullous
35205233,HEPATIC CONGESTION
35707625,Dental caries
36312852,Blood count abnormal
36313240,Haemoglobin decreased
37521662,Uterine dilation and curettage
35809116,Crepitations
35205313,Cardiac septal defect
36009754,Toxic epidermal necrolysis
37219890,Hypoventilation
35708207,Retching
37320079,Hyperkeratosis
42889344,Rubber sensitivity
36416592,Polydipsia psychogenic
36919225,Psychogenic pain disorder
42889368,Device computer issue
36311932,Electrocardiogram ST-T change
37320144,Eczema asteatotic
35606924,Eyelash discolouration
36617686,Epididymal cyst
36110013,ARTHRITIS BACTERIAL
36316153,ANTIPSYCHOTIC DRUG LEVEL INCREASED
36313870,BIOPSY
42890298,VULVOVAGINAL SWELLING
35909445,CHOLELITHIASIS
35809386,MASS
36617657,UTERINE CANCER
37219921,PULMONARY HAEMORRHAGE
35707625,DENTAL CARIES
35506774,GOITRE
35708632,GINGIVAL SWELLING
35607340,OPTIC ATROPHY
36009957,HYPOGAMMAGLOBULINAEMIA
37320257,Acne
36919036,Mania
36516858,Restless legs syndrome
36718111,Multiple sclerosis
36110878,Cytomegalovirus viraemia
36718406,Sensory disturbance
37119585,Penile swelling
37219970,MEDIASTINAL DISORDER
37219852,BRONCHOPLEURAL FISTULA
36009728,TYPE IV HYPERSENSITIVITY REACTION
35708417,COLON CANCER
35707663,DENTAL PLAQUE
36919102,CHOKING SENSATION
36009847,NEPHROGENIC SYSTEMIC FIBROSIS
36211544,DEVICE FAILURE
37119469,BREAST DISORDER
35204948,Tachycardia
36009738,Drug hypersensitivity
37320136,Swelling face
35204996,Cardiotoxicity
36718369,Thinking abnormal
35205044,Orthopnoea
35204940,Nodal rhythm
35809025,Injection site warmth
36516738,Exostosis
36617927,Metastatic malignant melanoma
36718098,Trigeminal neuralgia
36818629,Abortion incomplete
36110733,Urethritis
37119650,Painful erection
36110583,Bronchiectasis
42890110,Candida test positive
36416523,Abnormal loss of weight
35205131,Fallot's tetralogy
35104887,Neutropenic sepsis
35506628,Hyperglycaemia
37320206,Pustular psoriasis
37420511,Blood product transfusion dependent
37219855,Pleural disorder
35708132,Ileus paralytic
35809326,Drug effect prolonged
35306223,Congenital diaphragmatic hernia
36110408,Vulvovaginal mycotic infection
36211219,Intracranial hypotension
35708205,Procedural vomiting
36718168,Vascular dementia
37119518,Uterine cervix stenosis
36314062,Lipids abnormal
42890326,Respiratory tract oedema
36516870,Nuchal rigidity
36313867,Skin test positive
36211757,Bladder perforation
35909606,Cholestatic liver injury
35205090,Mitral valve calcification
36919125,Alcoholism
37520628,Open reduction of fracture
35606826,Cataract nuclear
36313548,Blood bilirubin abnormal
36516864,Hypertonia neonatal
35305541,Anomaly of external ear congenital
35104723,Adenoiditis
37521042,Colectomy total
36313975,Precancerous cells present
37522273,Suture insertion
35205349,Ventricular hypokinesia
36617532,Cervical polyp
36314157,BLOOD GLUCOSE DECREASED
36009819,LUPUS-LIKE SYNDROME
36211691,PROCEDURAL HYPOTENSION
36313037,FIBRIN DEGRADATION PRODUCTS INCREASED
36315667,PROTEIN URINE
36312161,BLOOD CORTISOL DECREASED
35607440,AMAUROSIS FUGAX
36110419,PNEUMOCYSTIS JIROVECI PNEUMONIA
36314519,CULTURE URINE POSITIVE
35708635,PALATAL OEDEMA
36211320,TRAUMATIC HAEMATOMA
35104171,FACTOR VIII INHIBITION
43053808,INJECTION SITE BRUISING
37119644,PERINEAL PAIN
35306151,CONGENITAL CYSTIC KIDNEY DISEASE
37219851,NON-CARDIOGENIC PULMONARY OEDEMA
36110763,BONE TUBERCULOSIS
36315819,SEMEN ANALYSIS ABNORMAL
37320091,ACANTHOSIS
35305967,PLAGIOCEPHALY
37219958,RHINALGIA
35607491,UHTHOFF'S PHENOMENON
45885674,Drug titration error
35707741,Pancreatic insufficiency
36617822,Lung adenocarcinoma metastatic
37420516,Dental prosthesis user
35707729,PANCREAS TRANSPLANT REJECTION
35506618,LATENT AUTOIMMUNE DIABETES IN ADULTS
36718229,HEMIPARESIS
35809132,General symptom
36416497,Hypercapnia
35305938,Limb reduction defect
35607445,Blindness transient
37622545,Varicose vein
35104826,Eosinophilia
37119714,Endometriosis
36211150,Acute generalised exanthematous pustulosis
37320134,Skin warm
36516876,Muscular weakness
35708615,Hypoaesthesia oral
35506793,Thyrotoxic crisis
36110777,Pulmonary tuberculosis
35809293,Product taste abnormal
36110248,Erysipelas
36111000,Kaposi's sarcoma
37119493,Breast swelling
36918943,Depression suicidal
37119547,Menometrorrhagia
36416480,Acidosis hyperchloraemic
36211313,Skeletal injury
36110438,Tinea pedis
36314667,Hepatitis B DNA increased
37522192,Inhalation therapy
36110039,Folliculitis
35305548,Microtia
35808848,Catheter site discharge
36718282,Cerebellar syndrome
35708476,Lip and/or oral cavity cancer
36416540,Weight fluctuation
37119711,Endometrial hypertrophy
37219917,Increased viscosity of bronchial secretion
36718104,Vocal cord paralysis
45885772,Foetal heart rate deceleration abnormality
36312311,Blood follicle stimulating hormone increased
36110618,Abscess neck
35909597,Liver tenderness
35707648,Tooth deposit
35708105,Gastrointestinal hypomotility
35708209,Vomiting in pregnancy
37119733,Uterine spasm
42889928,Hepatitis B virus test positive
36110019,Bacteriuria
42890819,Vascular compression
36110930,Varicella
36718151,BRAIN OEDEMA
37622498,VEIN PAIN
36314124,PCO2 INCREASED
36315021,CSF PROTEIN INCREASED
35708549,PANCREATIC NEOPLASM
36516822,CERVICOBRACHIAL SYNDROME
36110636,FUNGAEMIA
35104218,TRANSFUSION REACTION
35104339,ACUTE LYMPHOCYTIC LEUKAEMIA
37119474,BREAST FIBROSIS
37521171,LYMPHADENECTOMY
36416652,LIPODYSTROPHY ACQUIRED
36313708,CARBOHYDRATE ANTIGEN 125 INCREASED
36110691,EPIGLOTTITIS
36314859,BONE SCAN ABNORMAL
37521045,COLON OPERATION
36919013,EATING DISORDER SYMPTOM
37520642,HIP SURGERY
35305920,CONGENITAL FOOT MALFORMATION
36313523,ALANINE AMINOTRANSFERASE DECREASED
36718262,HEAD TITUBATION
36315267,BODY MASS INDEX INCREASED
35809149,MULTIMORBIDITY
36919067,GRANDIOSITY
36110523,SALPINGITIS
36316132,ANTICOAGULATION DRUG LEVEL BELOW THERAPEUTIC
36009919,VASCULITIS CEREBRAL
37320155,STASIS DERMATITIS
36313950,X-RAY ABNORMAL
35708622,ORAL MUCOSAL ERUPTION
35707897,CRYPTOSPORIDIOSIS INFECTION
35306293,POROKERATOSIS
36211548,NEEDLE ISSUE
35809266,PRODUCT LABEL ISSUE
42889605,H1N1 INFLUENZA
35607207,SUPERFICIAL INJURY OF EYE
42890388,PAPULE
36416633,CHOLESTEROSIS
36516741,JAW CYST
42889383,PUMP RESERVOIR ISSUE
42889634,EXPOSURE VIA FATHER
36517019,Osteoma
36110652,Viraemia
36110298,Chlamydial infection
35809245,Phantom pain
37520623,Fracture reduction
35809049,Fever neonatal
35104150,Hypoprothrombinaemia
36211699,SHUNT THROMBOSIS
36009840,SCLERODERMA RENAL CRISIS
37420545,SIGHT DISABILITY
35205282,ISCHAEMIC CARDIOMYOPATHY
35306159,Fanconi syndrome
35909425,Bile duct obstruction
35809044,Temperature regulation disorder
42890092,Streptococcus test positive
35104090,Malaria
35808827,APPLICATION SITE SCAR
36312382,BLOOD TESTOSTERONE DECREASED
35707884,PERIRECTAL ABSCESS
35707996,CYTOMEGALOVIRUS ENTEROCOLITIS
35305890,HYPOTELORISM OF ORBIT
36718322,SOMNOLENCE NEONATAL
35708541,PANCREATIC CARCINOMA RECURRENT
36110627,PSOAS ABSCESS
36110121,CYSTITIS ESCHERICHIA
36516849,MUSCLE SWELLING
35306023,OSTEOPETROSIS
42890550,PREMATURE DELIVERY
35809171,Wound secretion
42890655,PSYCHOLOGICAL TRAUMA
37219854,PLEURAL CALCIFICATION
43562825,Lack of injection site rotation
35305516,Teratogenicity
37019400,Mixed incontinence
37520656,Meniscus removal
36314366,Vitamin D increased
36211639,Procedural dizziness
36314423,Gram stain positive
35707636,Dental necrosis
37521031,Incisional hernia repair
36110823,Trichomoniasis
35607467,Xanthopsia
36918981,Delusional perception
36110225,Septic arthritis staphylococcal
36918848,Adjustment disorder with depressed mood
35809107,Parkinsonian gait
36718492,Brachial plexopathy
35305968,SCAPHOCEPHALY
35809287,PRODUCT GEL FORMATION
37521486,Peripheral nerve operation
37520976,Gastroenterostomy
35506693,Carcinoid syndrome
35808849,Catheter site erosion
35305739,COMBINED IMMUNODEFICIENCY
36211685,Postoperative heterotopic calcification
36316442,Urine copper increased
36009774,Rhinitis perennial
36818841,Pregnancy with contraceptive patch
36009948,Cell-mediated immune deficiency
35305471,Foetal chromosome abnormality
35306184,CONGENITAL UTERINE ANOMALY
37119735,Genital labial adhesions
36416570,Magnesium metabolism disorder
35205269,SHOSHIN BERIBERI
42890573,Plantar fascial fibromatosis
36416657,PARTIAL LIPODYSTROPHY
42889898,Anti-transglutaminase antibody
35506609,DIABETES MELLITUS
35809134,HYPERHIDROSIS
36617495,RENAL CELL CARCINOMA
35204989,CARDIAC DISORDER
35607097,HORDEOLUM
36211127,RIB FRACTURE
35606946,DRY EYE
36313594,LIVER FUNCTION TEST ABNORMAL
37320143,ECZEMA
35708737,TONGUE DISORDER
36919235,SUICIDAL IDEATION
37320257,ACNE
35809382,CYST
35809319,ADVERSE DRUG REACTION
36110015,BACTERIAL INFECTION
35909508,HEPATIC FUNCTION ABNORMAL
36416568,HYPOMAGNESAEMIA
37320237,PIGMENTATION DISORDER
36416638,HYPERLIPIDAEMIA
35909428,BILE DUCT STONE
35406310,EAR INFECTION
36617894,LUNG NEOPLASM MALIGNANT
36718171,AMNESIA
35909527,HEPATIC CIRRHOSIS
35707649,TOOTH DISORDER
36718365,PERSONALITY CHANGE
35708148,FAECES HARD
36818784,POLYHYDRAMNIOS
35809126,EXERCISE TOLERANCE DECREASED
35406443,TYMPANIC MEMBRANE PERFORATION
36918873,FEAR OF DEATH
42889409,FOETAL DEATH
36315155,INTRAOCULAR PRESSURE INCREASED
36718004,CEREBRAL THROMBOSIS
36316004,PEAK EXPIRATORY FLOW RATE DECREASED
35708162,OESOPHAGEAL PAIN
35204930,BRADYCARDIA NEONATAL
35406390,MOTION SICKNESS
37219999,VOCAL CORD DISORDER
37219885,Apnoea
36211187,Skin toxicity
37320161,Generalised erythema
36316153,Antipsychotic drug level increased
37119485,Breast discharge
35707872,ANAL ABSCESS
36009895,GRAFT VERSUS HOST DISEASE
35909525,CIRRHOSIS ALCOHOLIC
35708259,OESOPHAGEAL STENOSIS
36918981,DELUSIONAL PERCEPTION
35708538,Pancreatic carcinoma
36110697,Nasopharyngitis
36313276,Red blood cell count decreased
36718298,Aphasia
37019453,Renal pain
36516836,Fibromyalgia
36516833,Myositis
36211449,Radiation skin injury
35607006,Eye haemorrhage
36313712,Carbohydrate antigen 19-9 increased
36009878,Glomerulonephritis
36516729,Bone erosion
37219970,Mediastinal disorder
36718559,Circadian rhythm sleep disorder
36818631,Abortion late
36919050,MOOD ALTERED
35809077,LETHARGY
36110098,BOTULISM
36718358,GRIMACING
35406308,EAR DISORDER
36110588,LOBAR PNEUMONIA
36718119,Encephalopathy
36919033,BIPOLAR DISORDER
35909456,GALLBLADDER INJURY
35707547,UMBILICAL HERNIA
36416574,HYPOPHOSPHATAEMIA
36818761,NEONATAL RESPIRATORY DISTRESS SYNDROME
36416721,VITAMIN B12 DEFICIENCY
37622476,THROMBOPHLEBITIS
36416599,HYPERNATRAEMIA
35809094,SENSATION OF FOREIGN BODY
36718507,PETIT MAL EPILEPSY
37320149,INTERTRIGO
36315754,URINE OUTPUT DECREASED
35305902,PIERRE ROBIN SYNDROME
37622515,EXTRAVASATION BLOOD
35205236,Oedema peripheral
35205184,Chest discomfort
35708723,Ageusia
36313534,Aspartate aminotransferase increased
37019458,Calculus bladder
35809324,Drug effect delayed
35708140,Epigastric discomfort
35305953,Talipes
42888965,Post transplant lymphoproliferative disorder
36110530,VAGINAL INFECTION
36718098,TRIGEMINAL NEURALGIA
36718476,PERIPHERAL NERVE LESION
35104694,THROMBOTIC THROMBOCYTOPENIC PURPURA
35708321,OESOPHAGITIS ULCERATIVE
35708363,Coeliac disease
36009693,Allergy to arthropod sting
36110715,Upper respiratory tract infection
35205240,Cardiac failure
36516907,Intervertebral disc protrusion
36211466,Incorrect drug administration duration
36316348,Blood chloride decreased
37219856,Pleural fibrosis
36110570,Respiratory tract infection
35607198,Retinal injury
35809024,Injection site vesicles
35305472,Gene mutation
35104129,Acquired haemophilia
36110555,Localised infection
35406308,Ear disorder
35809370,Drug withdrawal syndrome neonatal
37119784,Vulvovaginal pruritus
35707521,Abdominal wall haematoma
42889458,Suspected transmission of an infectious agent via product
36718123,LEUKOENCEPHALOPATHY
36718211,Movement disorder
35606938,Madarosis
36315256,Apgar score low
37420556,Educational problem
35205173,Coronary artery thrombosis
36110939,Mumps
37219842,Pulmonary calcification
36312336,Blood thyroid stimulating hormone increased
35205310,Cardiac hypertrophy
37219901,Anoxia
36110672,Nail infection
37219811,Alveolitis
36311956,Electrocardiogram repolarisation abnormality
36617239,Metastases to the mediastinum
35708594,Oral fungal infection
35708298,Appendicitis perforated
36919201,Male sexual dysfunction
36009909,Polyarteritis nodosa
36918991,"Hallucinations, mixed"
36316450,Blood electrolytes decreased
45886447,Renal transplant failure
36312388,Blood testosterone increased
36316349,Blood chloride increased
35104864,Plasmacytosis
36110260,Scarlet fever
36211075,Osteoporotic fracture
37219854,Pleural calcification
35708628,OROPHARYNGEAL PAIN
37520760,Mitral valve replacement
36211226,Traumatic intracranial haemorrhage
37520644,Joint dislocation reduction
42889082,Huntington's disease
35808891,Implant site irritation
36312571,Blood lactate dehydrogenase abnormal
35306253,Respiratory tract malformation
36918934,Poverty of speech
35204949,Tachycardia foetal
36211121,Lumbar vertebral fracture
36110204,Urinary tract infection pseudomonal
42889660,Wound haematoma
35104179,Leukocytoclastic vasculitis
37119470,Breast disorder female
36311997,Pulse pressure decreased
36110603,Sputum purulent
36818678,Induced labour
36718478,PERONEAL NERVE PALSY
35305423,GASTROINTESTINAL ARTERIOVENOUS MALFORMATION
36315296,GENERAL PHYSICAL CONDITION ABNORMAL
35305490,APLASIA
35205165,CORONARY ARTERY DISSECTION
35305549,CONGENITAL HEARING DISORDER
36617522,BLADDER NEOPLASM
37521841,OXYGEN SUPPLEMENTATION
35606969,HYPOTONY OF EYE
36312420,PREGNANCY TEST NEGATIVE
42889379,DEVICE ISSUE
35506463,Hypoaldosteronism
37520614,Osteotomy
37521589,Salpingectomy
36919132,SUBSTANCE ABUSE
42889647,Toxicity to various agents
36211469,Incorrect route of drug administration
37119548,Menorrhagia
35606915,Blepharal pigmentation
35607458,Hypermetropia
36211098,Femoral neck fracture
36718534,Infantile spasms
35909428,Bile duct stone
36516967,Growth retardation
37320131,Skin plaque
36211522,Cardiac valve replacement complication
35809218,Capillary leak syndrome
35104835,Eosinophilic pneumonia
36315620,Renal function test abnormal
36316380,Blood potassium abnormal
36314009,Low density lipoprotein increased
36211268,Tendon rupture
36416535,Overweight
36718551,Sleep terror
36315910,Smear cervix abnormal
36009714,Mycotic allergy
35707659,Sensitivity of teeth
35808898,Implant site pain
43053876,Unintentional medical device removal
35606995,Conjunctival haemorrhage
36919069,Hostility
35204920,Wolff-Parkinson-White syndrome
37622512,Arteriovenous fistula
35506461,Adrenocortical insufficiency acute
35708675,Abdominal adhesions
35707722,Pancreatitis relapsing
37119704,Pelvic haematoma
36211597,Medical device site reaction
36617167,Breast cancer recurrent
35808876,Implant site discharge
35205167,Coronary artery insufficiency
35306067,Arnold-Chiari malformation
37119705,Pelvic haemorrhage
35305705,Cleft lip and palate
37520697,Breast lump removal
36516999,Benign bone neoplasm
36009835,Rheumatoid nodule
37320123,Skin fibrosis
35707884,Perirectal abscess
35606939,Trichiasis
36110154,Pneumonia legionella
36314622,Cytomegalovirus test positive
36315540,Protein total increased
42890087,Stenotrophomonas test positive
36313044,Fibrinolysis increased
35607161,Retinal vasculitis
36110432,Tinea cruris
37521032,Inguinal hernia repair
36718593,Radiculitis
35305584,Corneal dystrophy
35607167,Vitritis
35305987,Spine malformation
35104693,Thrombocytopenic purpura
36718139,Basilar migraine
36110958,Croup infectious
36314749,Respiratory syncytial virus test positive
45886418,Cancer surgery
43053779,Eye ulcer
36919196,Libido increased
37521045,Colon operation
36211118,Fractured coccyx
35607144,Cellulitis orbital
35506664,Hypophysitis
35305407,Coarctation of the aorta
36211589,Ectopic pregnancy with intrauterine device
36111042,Sweating fever
37219841,Pulmonary bulla
42889346,Chronic spontaneous urticaria
36316371,BLOOD MAGNESIUM DECREASED
35809200,MUCOSAL EROSION
35808853,CATHETER SITE INFECTION
37521224,JAW OPERATION
36313975,PRECANCEROUS CELLS PRESENT
36919049,MOANING
36315657,Glucose urine present
35506710,CARCINOID TUMOUR
36617163,BREAST CANCER FEMALE
36110024,BRONCHITIS BACTERIAL
36516866,HYPOTONIA NEONATAL
37320161,GENERALISED ERYTHEMA
36818748,NEONATAL RESPIRATORY FAILURE
36315672,RED BLOOD CELLS URINE POSITIVE
36516746,OSTEITIS
36718104,VOCAL CORD PARALYSIS
37019355,RENAL INFARCT
35809021,INJECTION SITE ULCER
36416540,WEIGHT FLUCTUATION
36617489,RENAL CANCER METASTATIC
37520600,BONE DEBRIDEMENT
35708115,BOWEL MOVEMENT IRREGULARITY
35306124,TOURETTE'S DISORDER
36516823,NODAL OSTEOARTHRITIS
37521938,TENDON OPERATION
36009716,NEPHRITIS ALLERGIC
35708313,SMALL INTESTINE ULCER
37119467,BREAST ATROPHY
35306048,BRAIN MALFORMATION
36718581,CAUDA EQUINA SYNDROME
36211669,INCISION SITE ERYTHEMA
36617927,METASTATIC MALIGNANT MELANOMA
35707701,DIVERTICULITIS INTESTINAL HAEMORRHAGIC
36110958,CROUP INFECTIOUS
37219962,THROAT LESION
36110603,SPUTUM PURULENT
37522192,INHALATION THERAPY
35808987,INJECTION SITE INJURY
37522364,CENTRAL VENOUS CATHETERISATION
37521115,SMALL INTESTINAL RESECTION
36211077,PSEUDARTHROSIS
36313857,NEUTRALISING ANTIBODIES POSITIVE
36818688,COMPLICATION OF DELIVERY
35506525,DIABETIC EYE DISEASE
36617326,ONCOLOGIC COMPLICATION
35205134,HYPOPLASTIC RIGHT HEART SYNDROME
36516732,BONE FORMATION INCREASED
36919210,SLEEP DISORDER DUE TO A GENERAL MEDICAL CONDITION
35506799,MYXOEDEMA COMA
37220039,ADENOIDAL DISORDER
36315129,VISUAL EVOKED POTENTIALS ABNORMAL
36009886,MULTIPLE CHEMICAL SENSITIVITY
42889462,CAPSULE PHYSICAL ISSUE
35707797,COLONIC FISTULA
36517011,FIBROMA
36110096,CAMPYLOBACTER INFECTION
36211703,Suture related complication
35707958,Gastrointestinal candidiasis
36316431,Transferrin saturation decreased
37521034,Umbilical hernia repair
37520931,PANCREATICODUODENECTOMY
37521535,SPINAL DECOMPRESSION
35707642,POOR DENTAL CONDITION
35607198,RETINAL INJURY
36918939,BEHAVIOURAL AND PSYCHIATRIC SYMPTOMS OF DEMENTIA
36315542,PYROGLUTAMATE INCREASED
36416708,VITAMIN K DEFICIENCY
35506664,HYPOPHYSITIS
37622492,Poor venous access
37622430,Intermittent claudication
36516934,Spondylolysis
37019332,Kidney enlargement
36110439,Tinea versicolour
36211346,Renal haematoma
35506580,Dysfunctional uterine bleeding
36316358,Blood copper increased
36314183,GLYCOSYLATED HAEMOGLOBIN INCREASED
35707767,GASTROINTESTINAL OEDEMA
35205349,VENTRICULAR HYPOKINESIA
35708067,ENTEROCOLITIS
35204956,SICK SINUS SYNDROME
37521035,APPENDICECTOMY
35406412,MASTOIDITIS
36617372,MORTON'S NEUROMA
36718000,CEREBRAL HAEMORRHAGE NEONATAL
37520723,IMPLANTABLE DEFIBRILLATOR INSERTION
35606920,DACRYOSTENOSIS ACQUIRED
35607094,EYELID IRRITATION
36718167,SENILE DEMENTIA
42890087,STENOTROPHOMONAS TEST POSITIVE
36009885,Multifocal motor neuropathy
36617828,Lung adenocarcinoma stage IV
36110145,HELICOBACTER INFECTION
36211257,ILIOTIBIAL BAND SYNDROME
35708466,Metastases to retroperitoneum
36110427,Dermatophytosis
36314816,Aspiration joint
37520959,Rectocele repair
36919106,NEGLECT OF PERSONAL APPEARANCE
37019253,BLADDER TRABECULATION
37520797,Hormone therapy
36818701,Uterine hypertonus
35607268,Binocular eye movement disorder
36617217,Metastases to bladder
36919181,Psychosexual disorder
35708112,OESOPHAGEAL HYPOMOTILITY
37521543,SPINAL ROD INSERTION
36110210,Salmonella bacteraemia
37521418,Varicocele repair
42889497,NON-ALCOHOLIC STEATOHEPATITIS
35708666,PLEUROPERITONEAL COMMUNICATION
42889358,IMMUNE-MEDIATED NECROTISING MYOPATHY
42889273,CORROSIVE OROPHARYNGEAL INJURY
35809059,DEATH
35205025,DIZZINESS
35708395,GASTROINTESTINAL STROMAL TUMOUR
35708044,COLITIS ULCERATIVE
36110978,PROGRESSIVE MULTIFOCAL LEUKOENCEPHALOPATHY
35506621,TYPE 1 DIABETES MELLITUS
37219865,PNEUMOTHORAX
36718418,DYSARTHRIA
35808793,APPLICATION SITE DERMATITIS
35707991,CLOSTRIDIUM DIFFICILE COLITIS
36718288,COMA
36110704,RHINITIS
37320124,SKIN FISSURES
35909459,GALLBLADDER NON-FUNCTIONING
35104812,SPLENOMEGALY
35606985,GLAUCOMA
36718287,DYSSTASIA
36416572,HYPERPHOSPHATAEMIA
35204952,ARRHYTHMIA SUPRAVENTRICULAR
35607364,MACULOPATHY
37219822,PNEUMONITIS
36617488,RENAL CANCER
35204928,BRADYCARDIA
37119754,VULVAL DISORDER
35809112,COLD SWEAT
35205027,DIZZINESS POSTURAL
35708593,ORAL CANDIDIASIS
35708242,INTESTINAL OBSTRUCTION
35205183,ARTERIOSPASM CORONARY
36313475,WHITE BLOOD CELL COUNT ABNORMAL
36718542,TONIC CONVULSION
36211384,BLOOD BLISTER
37622416,VASOSPASM
37320306,ONYCHOMADESIS
37420431,MARITAL PROBLEM
35707994,CYTOMEGALOVIRUS COLITIS
35406360,DEAFNESS BILATERAL
36919027,PATHOLOGICAL GAMBLING
36718014,INTRAVENTRICULAR HAEMORRHAGE NEONATAL
36416606,Dehydration
37420507,Activities of daily living impaired
36211594,Medical device complication
42890501,Osteonecrosis of jaw
36718414,Aphonia
36919098,Abnormal behaviour
36314073,Blood triglycerides increased
36718201,Extrapyramidal disorder
37622432,Peripheral arterial occlusive disease
36617459,Bladder cancer
36211071,Joint dislocation
35305470,CYTOGENETIC ABNORMALITY
35506790,HYPERTHYROIDISM
36516753,PERIOSTITIS
36211288,ASPHYXIA
36416539,Underweight
42889641,Maternal exposure timing unspecified
35205160,Arteriosclerosis coronary artery
36717994,Cerebral artery embolism
37220034,Paranasal sinus hypersecretion
36314099,Blood lactic acid increased
36919027,Pathological gambling
36617241,Metastases to thorax
35607490,TUNNEL VISION
37320324,HAEMORRHAGE SUBCUTANEOUS
35708128,IRRITABLE BOWEL SYNDROME
35708607,ORAL PAIN
36516971,MUSCLE CONTRACTURE
36416529,FEEDING DISORDER NEONATAL
36718312,ALTERED STATE OF CONSCIOUSNESS
35204985,VENTRICULAR TACHYCARDIA
36110460,ARTHRITIS INFECTIVE
37019408,URGE INCONTINENCE
37521612,ABORTION INDUCED
36918855,GENERALISED ANXIETY DISORDER
36009776,Seasonal allergy
35809166,Swelling
35708164,Abdominal discomfort
36416514,Decreased appetite
37320170,Skin exfoliation
36718526,Convulsion
37119600,Scrotal oedema
37320314,Ingrown hair
36311982,Heart rate decreased
37219964,Upper respiratory tract congestion
36718587,Nerve root compression
36313048,International normalised ratio decreased
35708168,Breath odour
35809190,SYSTEMIC INFLAMMATORY RESPONSE SYNDROME
37119544,MENSTRUAL DISORDER
36110954,SKIN PAPILLOMA
36316023,TOTAL LUNG CAPACITY DECREASED
35205002,Heart injury
36919235,Suicidal ideation
36516848,Muscle spasms
35406369,Hypoacusis
45886415,Device defective
36919075,Paranoia
35306001,Dysmorphism
36517082,Metastases to spine
43054193,Invasive ductal breast carcinoma
36416622,Iron deficiency
37219894,Respiratory depression
35306202,Hydrocele
35506469,Adrenal disorder
36918923,Daydreaming
35506649,Hyperprolactinaemia
36211094,Rotator cuff syndrome
35909443,Cholecystitis chronic
36315364,Respiratory rate increased
36211223,Subdural haemorrhage
36313049,International normalised ratio fluctuation
35406381,Meniere's disease
35506764,Autoimmune thyroiditis
36718244,Quadriplegia
37219976,Pneumomediastinum
35606930,Growth of eyelashes
35205097,Mitral valve stenosis
37520642,Hip surgery
35607110,Eye infection
36617166,Breast cancer metastatic
36718392,Genital hypoaesthesia
36919162,"Schizophrenia, paranoid type"
42890046,Enterococcus test positive
37219932,Respiration abnormal
36818755,Neonatal tachypnoea
42889230,Functional gastrointestinal disorder
35606889,Iris adhesions
35205391,Pericardial haemorrhage
36110670,Infected skin ulcer
35104734,Lymph gland infection
36919070,Impatience
37420495,Alcohol use
35708150,Mucous stools
35708221,Ileal stenosis
37320272,Alopecia totalis
35809389,Cell death
35708317,Oesophageal rupture
37219949,Respiratory tract irritation
36718156,Vasogenic cerebral oedema
36313139,Blood viscosity increased
36009801,Cryoglobulinaemia
36315061,Electroencephalogram abnormal
37019361,Renal vein thrombosis
35406331,Cerumen impaction
35707828,GASTROINTESTINAL MUCOSAL DISORDER
36316349,BLOOD CHLORIDE INCREASED
35808850,CATHETER SITE ERYTHEMA
36316372,BLOOD MAGNESIUM INCREASED
37019390,BLADDER DISCOMFORT
35205120,Dextrocardia
36315643,BLOOD URINE
36918900,COMPULSIONS
36818781,MECONIUM IN AMNIOTIC FLUID
36110611,PROSTATE INFECTION
36718389,AURA
36718516,TEMPORAL LOBE EPILEPSY
36315470,BLOOD ALBUMIN ABNORMAL
35708299,ILEAL PERFORATION
35406398,ACOUSTIC NEUROMA
36315365,SKIN TURGOR DECREASED
37320311,HAIR DISORDER
36919104,HYPERVIGILANCE
37420372,STRESS AT WORK
36110733,URETHRITIS
37521713,BLADDER OPERATION
35305407,COARCTATION OF THE AORTA
36315685,URINARY CASTS
36315596,CREATININE RENAL CLEARANCE INCREASED
37119766,COITAL BLEEDING
35607287,OCULOGYRIC CRISIS
37320335,CAPILLARITIS
35809301,PRODUCT FORMULATION ISSUE
37520924,EXPLORATIVE LAPAROTOMY
36009861,CEREBRAL AMYLOID ANGIOPATHY
35809248,Procedural pain
37420369,Loss of employment
35708302,Intestinal perforation
35707869,Melaena
36316074,Sputum abnormal
37622482,ARTERIAL DISORDER
37019274,URINARY TRACT OBSTRUCTION
35809072,Asthenia
35205164,Coronary artery disease
37220054,Pharyngeal oedema
36110566,Post procedural infection
36718007,Embolic stroke
35204960,Sinus tachycardia
36315672,Red blood cells urine positive
36312064,Blood pressure abnormal
35708372,Steatorrhoea
37320117,Scab
36718569,Poor quality sleep
36314114,Oxygen consumption increased
35809137,Induration
35607306,Mydriasis
37522259,Self-medication
35506641,Hypoglycaemic seizure
35808806,Application site hypersensitivity
36516975,Posture abnormal
37320096,Skin atrophy
36416526,Central obesity
36718421,Dysphemia
35707767,Gastrointestinal oedema
35708149,Faeces pale
36110253,Pharyngitis streptococcal
37522286,Tumour excision
35909409,Biliary colic
36316031,Aspiration pleural cavity
36316089,Chest X-ray abnormal
35707809,Intestinal fistula
36315181,Pupillary light reflex tests abnormal
36416528,Feeding disorder
36211190,Toxic encephalopathy
36718350,Apparent life threatening event
36111004,Rhinovirus infection
37320293,Nail discolouration
37019379,Urethral stenosis
37219924,Rhonchi
36718605,Tethered cord syndrome
36315472,Blood albumin increased
35707806,Gastrointestinal fistula
35809189,Soft tissue inflammation
42889224,Gingival inflammation
35909451,Gallbladder cholesterolosis
36313436,NEUTROPHIL COUNT DECREASED
36211232,Chest injury
36312724,Laparoscopy
35707999,Enteritis infectious
37119491,Breast oedema
36110564,Pelvic infection
36718491,Axonal neuropathy
37520843,Keratomileusis
37521235,Oral surgery
35808829,Application site ulcer
36516748,Osteitis deformans
35909530,Nodular regenerative hyperplasia
36211688,Postoperative wound complication
35306249,Pulmonary hypoplasia
36110771,Latent tuberculosis
36818842,Pregnancy with implant contraceptive
36314400,Bacterial test positive
36110190,Nocardiosis
36110935,Molluscum contagiosum
42889172,Periorbital haemorrhage
36313358,EOSINOPHIL PERCENTAGE INCREASED
35104102,BICYTOPENIA
36312331,BLOOD PROLACTIN INCREASED
35809113,CONCOMITANT DISEASE AGGRAVATED
35607275,GAZE PALSY
36918982,DEREALISATION
36416488,RENAL TUBULAR ACIDOSIS
37119654,INFERTILITY
36416622,IRON DEFICIENCY
37622423,EXTREMITY NECROSIS
36919170,PREMATURE EJACULATION
36211209,VASCULAR RUPTURE
35708064,DUODENITIS
36311956,ELECTROCARDIOGRAM REPOLARISATION ABNORMALITY
35708056,GASTRODUODENITIS
35909597,LIVER TENDERNESS
36110658,CARBUNCLE
37520809,PARATHYROIDECTOMY
37521572,INTRA-UTERINE CONTRACEPTIVE DEVICE REMOVAL
37520759,MITRAL VALVE REPAIR
36110576,TOXIC SHOCK SYNDROME
36313130,BLAST CELL COUNT INCREASED
36110075,URINARY TRACT INFECTION BACTERIAL
37520829,THYROIDECTOMY
35707755,COLON INJURY
35808826,APPLICATION SITE SCAB
35809111,BLOODY DISCHARGE
36718348,AGITATION NEONATAL
35305987,SPINE MALFORMATION
35809347,SURGICAL FAILURE
36416494,MILK-ALKALI SYNDROME
37522140,DEBRIDEMENT
37219918,LUNG HYPERINFLATION
35305622,CONGENITAL VISUAL ACUITY REDUCED
35305707,HIGH ARCHED PALATE
36312348,BLOOD ANTIDIURETIC HORMONE INCREASED
37521046,COLON POLYPECTOMY
36110103,TETANUS
36312482,THYROXINE DECREASED
36111049,VIRAL PHARYNGITIS
36516756,SECONDARY SEQUESTRUM
35104215,POST TRANSPLANT DISTAL LIMB SYNDROME
36316135,ANTICONVULSANT DRUG LEVEL ABNORMAL
35808998,INJECTION SITE MACULE
37520703,RADIOTHERAPY TO BREAST
35104341,ACUTE LYMPHOCYTIC LEUKAEMIA RECURRENT
36211500,ANAESTHETIC COMPLICATION NEUROLOGICAL
36919187,ORGANIC ERECTILE DYSFUNCTION
35104380,CHRONIC MYELOID LEUKAEMIA TRANSFORMATION
42888965,POST TRANSPLANT LYMPHOPROLIFERATIVE DISORDER
35808937,Infusion site mass
37119624,Genital lesion
36109998,Sydenham's chorea
37520922,Abdominoplasty
35607154,Choroiditis
36718294,ALEXIA
37019405,TERMINAL DRIBBLING
36313822,LIGHT CHAIN ANALYSIS INCREASED
35406333,EAR CANAL STENOSIS
36211399,POST-TRAUMATIC HEADACHE
35104793,SPLENIC EMBOLISM
35909437,Dilatation intrahepatic duct acquired
42889481,Withdrawal hepatitis
36416668,CATABOLIC STATE
37119680,Testicular disorder
36516772,Connective tissue disorder
37622433,Peripheral ischaemia
36311846,Right ventricular systolic pressure increased
42889408,Device physical property issue
43562714,Cervical radiculopathy
35606958,Dark circles under eyes
36313240,HAEMOGLOBIN DECREASED
35606895,IRIS HYPERPIGMENTATION
36918927,COMMUNICATION DISORDER
36110881,PNEUMONIA CYTOMEGALOVIRAL
36110749,MYCOBACTERIAL INFECTION
37220025,NASAL SEPTUM DEVIATION
36316370,BLOOD MAGNESIUM ABNORMAL
37219789,BRONCHIAL SECRETION RETENTION
42889310,INJURY ASSOCIATED WITH DEVICE
42889461,PRODUCT PACKAGING ISSUE
42889536,INFECTIVE PULMONARY EXACERBATION OF CYSTIC FIBROSIS
36313275,RED BLOOD CELL COUNT ABNORMAL
36818820,MULTIPLE PREGNANCY
36818710,Cervical incompetence
35205159,VACTERL syndrome
35808860,Catheter site rash
36316019,Spirometry abnormal
36718392,GENITAL HYPOAESTHESIA
37522352,THROMBOEMBOLECTOMY
42890454,PRODUCT USED FOR UNKNOWN INDICATION
36517079,METASTASES TO NECK
36617192,BENIGN NEOPLASM OF SKIN
36313336,CD4 lymphocytes decreased
36211151,ACUTE PROMYELOCYTIC LEUKAEMIA DIFFERENTIATION SYNDROME
35506762,PARATHYROID TUMOUR BENIGN
36211080,Traumatic fracture
43053804,Implant site hypoaesthesia
37521743,Renal stone removal
36211526,Deep vein thrombosis postoperative
35306107,Congenital nystagmus
36718000,Cerebral haemorrhage neonatal
37521046,Colon polypectomy
36718617,Hippocampal sclerosis
35305629,Strabismus congenital
36110096,Campylobacter infection
35707897,Cryptosporidiosis infection
36416603,Neonatal hyponatraemia
36568768,Vertebral lesion
43054174,Osteosarcoma
37521467,Neurectomy
35305899,Microstomia
37320203,Guttate psoriasis
37520644,JOINT DISLOCATION REDUCTION
36516825,OSTEOARTHROPATHY
42889156,EYELID SKIN DRYNESS
36110094,Brucellosis
35808877,Implant site discolouration
36211060,Bone fissure
36211266,Sinus tarsi syndrome
35306173,Congenital ureteric anomaly
35708095,Diarrhoea neonatal
37520873,Eyelid operation
36311970,CAROTID PULSE ABNORMAL
42890626,Executive dysfunction
36110106,CORYNEBACTERIUM SEPSIS
35306126,BLADDER AGENESIS
42890529,EXPANDED DISABILITY STATUS SCALE SCORE INCREASED
35104821,Thymus hypoplasia
42889172,PERIORBITAL HAEMORRHAGE
42890260,EPIDURAL INJECTION
36211088,JOINT INJURY
37320154,SKIN IRRITATION
36919207,NIGHTMARE
35708171,DYSPHAGIA
36516904,INTERVERTEBRAL DISC DEGENERATION
36009773,RHINITIS ALLERGIC
36416606,DEHYDRATION
35104085,HAEMORRHAGIC ANAEMIA
37019425,HAEMATURIA
35707535,HIATUS HERNIA
36718282,CEREBELLAR SYNDROME
35607370,RETINAL DETACHMENT
36211637,POST LUMBAR PUNCTURE SYNDROME
35708567,ORAL DISORDER
36617224,Metastases to lung
36718136,SINUS HEADACHE
36516909,SCIATICA
35205077,CARDIAC VALVE DISEASE
35204976,SUDDEN DEATH
35205036,PRESYNCOPE
36110413,HISTOPLASMOSIS
36718501,PERIPHERAL MOTOR NEUROPATHY
35708140,EPIGASTRIC DISCOMFORT
36211222,SUBDURAL HAEMATOMA
36617553,UTERINE LEIOMYOMA
36110911,GENITAL HERPES
36919144,"DELUSIONAL DISORDER, UNSPECIFIED TYPE"
36718132,Headache
36718301,Confusional state
35909452,Gallbladder disorder
36110716,Cystitis
36718341,Psychomotor skills impaired
35607089,Erythema of eyelid
35104768,Metastases to lymph nodes
36776531,Generalised tonic-clonic seizure
37119544,Menstrual disorder
36818730,SMALL FOR DATES BABY
36516895,FOOT DEFORMITY
35606990,OCULAR HYPERTENSION
36314556,Tuberculin test positive
37320223,Decubitus ulcer
35708379,Gastric cancer
36918912,Catatonia
35707714,Pancreatitis acute
36316366,Blood iron decreased
45886450,Embedded device
35708563,Lip oedema
37521876,Hair transplant
37219918,Lung hyperinflation
36313659,Antinuclear antibody increased
35707768,Gastrointestinal stoma complication
37622501,Peripheral vascular disorder
36818792,Placental insufficiency
37521856,Nail operation
37522106,Abscess drainage
42889534,Infectious pleural effusion
36919005,Morbid thoughts
36313984,Blood cholesterol decreased
42889351,Encephalitis autoimmune
35406372,Presbyacusis
36919105,IMPAIRED SELF-CARE
36312311,BLOOD FOLLICLE STIMULATING HORMONE INCREASED
36718207,HYPOKINESIA
35808905,IMPLANT SITE REACTION
36311918,ELECTROCARDIOGRAM QRS COMPLEX PROLONGED
36718543,ABNORMAL DREAMS
36416542,WEIGHT LOSS POOR
36313476,WHITE BLOOD CELL COUNT DECREASED
36110059,PNEUMONIA BACTERIAL
35809221,GENERALISED OEDEMA
36009759,ANAPHYLACTOID REACTION
36918961,DEPERSONALISATION
35607031,CONJUNCTIVITIS
36416541,WEIGHT GAIN POOR
35205068,BICUSPID AORTIC VALVE
36110391,PNEUMONIA FUNGAL
36312855,FULL BLOOD COUNT ABNORMAL
36416559,CALCIPHYLAXIS
36919021,IMPULSIVE BEHAVIOUR
35708093,Diarrhoea
36918861,Stress
37019425,Haematuria
37019416,Chromaturia
35205070,Congenital aortic valve stenosis
35708736,Tongue biting
35707991,Clostridium difficile colitis
36918982,Derealisation
37019450,Polyuria
36516930,Scoliosis
43053924,Prescribed overdose
36009707,Erythema multiforme
35708209,VOMITING IN PREGNANCY
35809321,ADVERSE REACTION
36919040,FLAT AFFECT
35708245,INTUSSUSCEPTION
35708322,PEPTIC ULCER
42889633,Exposure during breast feeding
36617335,Tumour haemorrhage
37220014,Epistaxis
36009918,Vasculitis
35708310,Large intestine perforation
36516904,Intervertebral disc degeneration
36416615,Cow's milk intolerance
36110630,Bacteraemia
35606854,Corneal abrasion
35506621,Type 1 diabetes mellitus
35809148,Multi-organ failure
35506745,Hyperparathyroidism
36718090,Anosmia
36919033,Bipolar disorder
37219966,Yawning
35809323,Drug effect decreased
36516865,Hypotonia
36312076,Blood pressure immeasurable
36919049,Moaning
36009852,Vitiligo
35306079,Cerebral palsy
35506663,Galactorrhoea
35708648,Localised intraabdominal fluid collection
37320312,Hair growth abnormal
35305424,Haemangioma congenital
36110078,Vaginitis bacterial
37522359,Vascular stent insertion
37019371,Ureteric obstruction
35909456,Gallbladder injury
36918891,Phobia
36110224,Pneumonia staphylococcal
36416690,Hyperammonaemic encephalopathy
36516903,Intervertebral disc compression
36110320,Bronchopulmonary aspergillosis
45885929,Myocardial necrosis marker increased
36919208,Parasomnia
42889616,Atypical fracture
36315738,White blood cells urine
36110700,Pharyngeal abscess
35708072,Ileitis
36718039,Cerebral arteriosclerosis
35809277,Product outer packaging issue
36517140,Ligament disorder
35708548,Pancreatic cyst
36617351,Perineurial cyst
36211211,Venous injury
37522259,SELF-MEDICATION
35809313,FOOD INTERACTION
36617703,PROSTATE CANCER METASTATIC
37320265,DERMATITIS ACNEIFORM
36315910,SMEAR CERVIX ABNORMAL
36313553,BLOOD BILIRUBIN UNCONJUGATED INCREASED
36110258,PNEUMONIA STREPTOCOCCAL
36110475,MASTITIS
37522106,ABSCESS DRAINAGE
36315707,URINE LEUKOCYTE ESTERASE POSITIVE
37119646,EJACULATION DELAYED
36315271,BODY TEMPERATURE FLUCTUATION
36314108,CARBON DIOXIDE DECREASED
35809172,XEROSIS
36918999,FLIGHT OF IDEAS
35205108,CONGENITAL TRICUSPID VALVE ATRESIA
35708372,STEATORRHOEA
36717975,BASAL GANGLIA INFARCTION
35708095,DIARRHOEA NEONATAL
35305823,TYPE V HYPERLIPIDAEMIA
36211748,ENGRAFT FAILURE
36313475,White blood cell count abnormal
36516827,Spinal osteoarthritis
35506537,Diabetic nephropathy
37622384,Aortic aneurysm
35707792,ANAL FISTULA
36009894,CHRONIC GRAFT VERSUS HOST DISEASE
36416581,HYPOCHLORAEMIA
37219942,Lung disorder
42890163,Second primary malignancy
35707864,Gastrointestinal haemorrhage
36211091,Limb injury
35607402,Vitreous haemorrhage
35708146,Faecaloma
42889278,Lip injury
42889318,Ultrafiltration failure
37521359,Liver transplant
36718234,Monoplegia
37220036,Sinus congestion
37219832,Lung consolidation
36918961,Depersonalisation
35708243,Intestinal stenosis
36818814,High risk pregnancy
36918955,Negative thoughts
43562712,Spinal epidural haematoma
37622487,Hyperaemia
37520918,Abdominal operation
35607399,Choroidal neovascularisation
36416559,Calciphylaxis
42889666,Spinal column injury
43053802,Implant site bruising
36110491,Meningitis
36617535,Haemorrhagic ovarian cyst
36316416,Serum ferritin decreased
35506642,Hypoglycaemic unconsciousness
35306234,Tracheo-oesophageal fistula
37119481,Nipple disorder
36516981,Upper extremity mass
37019409,Urinary hesitation
37320152,Prurigo
36818771,Umbilical cord abnormality
36918925,Learning disorder
36110235,Staphylococcal skin infection
37522209,Medical device implantation
42888924,Monoclonal gammopathy
36316392,BLOOD SODIUM INCREASED
37119501,Cervical dysplasia
35607465,Cyanopsia
37521104,Ileostomy closure
37119524,Vaginal inflammation
36818722,Somatoform disorder pregnancy
42890556,Gestational hypertension
36718363,Neurological decompensation
36111030,Meningitis viral
36110244,Beta haemolytic streptococcal infection
37520714,Mastectomy
35708462,Metastases to abdominal cavity
42889194,Macular fibrosis
37219830,Idiopathic pulmonary fibrosis
36718400,Morton's neuralgia
36718088,Bulbar palsy
36316189,DRUG SPECIFIC ANTIBODY PRESENT
36316358,BLOOD COPPER INCREASED
36211150,ACUTE GENERALISED EXANTHEMATOUS PUSTULOSIS
37521169,STEM CELL TRANSPLANT
36110123,ESCHERICHIA INFECTION
36316367,BLOOD IRON INCREASED
36516816,JOINT RANGE OF MOTION DECREASED
36818829,LIVE BIRTH
35205167,CORONARY ARTERY INSUFFICIENCY
36416615,COW'S MILK INTOLERANCE
37420486,PHYSICAL ASSAULT
35708753,TONGUE DISCOLOURATION
37119645,PRURITUS GENITAL
36316136,ANTICONVULSANT DRUG LEVEL ABOVE THERAPEUTIC
35104796,SPLENIC INFARCTION
35909611,HEPATIC NECROSIS
36211697,SHUNT OCCLUSION
37119622,GENITAL EROSION
37019371,URETERIC OBSTRUCTION
37522317,CORONARY ARTERIAL STENT INSERTION
35708062,CAECITIS
36211108,ILIUM FRACTURE
37119532,EPIDIDYMITIS
35506488,METASTASES TO ADRENALS
35708158,ABDOMINAL RIGIDITY
35607410,RETINAL ARTERY OCCLUSION
35909665,HEPATIC CANCER METASTATIC
36110562,PATHOGEN RESISTANCE
36316167,CARDIOACTIVE DRUG LEVEL INCREASED
36517108,BONE NEOPLASM
35104713,POLYCHROMASIA
36313315,B-LYMPHOCYTE COUNT DECREASED
36312545,MUSCLE ENZYME INCREASED
37522286,TUMOUR EXCISION
37521537,SPINAL FUSION SURGERY
36718279,REFLEXES ABNORMAL
36316120,ANALGESIC DRUG LEVEL INCREASED
36211128,STERNAL FRACTURE
36517124,SYNOVIAL DISORDER
36313637,ANTI-INSULIN ANTIBODY POSITIVE
36919190,COMPULSIVE SEXUAL BEHAVIOUR
35707749,ABDOMINAL COMPARTMENT SYNDROME
35909515,CHRONIC HEPATIC FAILURE
35707812,OESOPHAGEAL FISTULA
36315144,CORNEAL REFLEX DECREASED
37420516,DENTAL PROSTHESIS USER
36718557,TERMINAL INSOMNIA
35707679,GINGIVAL HYPERTROPHY
36211075,OSTEOPOROTIC FRACTURE
36313152,RED BLOOD CELL SEDIMENTATION RATE DECREASED
42890500,EXPOSED BONE IN JAW
35205148,MULTIPLE CARDIAC DEFECTS
36718113,PRIMARY PROGRESSIVE MULTIPLE SCLEROSIS
42890654,SEXUALLY INAPPROPRIATE BEHAVIOUR
35205250,LOW CARDIAC OUTPUT SYNDROME
35104574,ADULT T-CELL LYMPHOMA/LEUKAEMIA
35607366,RETINAL CYST
35606915,BLEPHARAL PIGMENTATION
36110774,MENINGITIS TUBERCULOUS
37119561,OVARIAN HAEMORRHAGE
36211319,TRAUMATIC ARTHRITIS
35104812,Splenomegaly
36416517,Food craving
35707867,Intra-abdominal haemorrhage
35808897,Implant site oedema
35708418,Colon cancer metastatic
35104092,Normochromic normocytic anaemia
35606982,Vitreous disorder
37119644,Perineal pain
36009909,POLYARTERITIS NODOSA
36313410,MONOCYTE PERCENTAGE INCREASED
35306136,CONGENITAL HYDRONEPHROSIS
35707743,PANCREATIC MASS
36315157,INTRAOCULAR PRESSURE TEST ABNORMAL
35607066,ULCERATIVE KERATITIS
36313220,HAEMATOCRIT ABNORMAL
36617545,BENIGN HYDATIDIFORM MOLE
35809300,PRODUCT COUNTERFEIT
37320144,ECZEMA ASTEATOTIC
36718266,TREMOR NEONATAL
36110655,ACNE PUSTULAR
35506500,DIABETIC VASCULAR DISORDER
36617311,PELVIC NEOPLASM
36313950,X-ray abnormal
36416698,HYPERURICAEMIA
36718149,BENIGN INTRACRANIAL HYPERTENSION
35205143,VENTRICULAR HYPOPLASIA
35306126,Bladder agenesis
36313571,Gamma-glutamyltransferase abnormal
36818623,Post abortion haemorrhage
42889273,Corrosive oropharyngeal injury
37119760,Vulvar erosion
35809233,Costovertebral angle tenderness
36313315,B-lymphocyte count decreased
36718457,Drop attacks
35506500,Diabetic vascular disorder
36313866,Skin test negative
42889459,Transmission of an infectious agent via product
36111049,Viral pharyngitis
36313791,Blood immunoglobulin A increased
36516732,Bone formation increased
45885660,Application site hypoaesthesia
35306259,Abnormal palmar/plantar creases
35104073,SUBACUTE COMBINED CORD DEGENERATION
42890455,RAPID CORRECTION OF HYPONATRAEMIA
35909439,Post procedural bile leak
36111037,Post viral fatigue syndrome
35205387,Pericardial disease
35205129,Ebstein's anomaly
36316442,URINE COPPER INCREASED
36517098,SARCOMA METASTATIC
35708201,Infantile spitting up
36516889,Acquired claw toe
35104710,Microcytosis
35809162,Pseudocyst
35205265,Cor pulmonale chronic
42889250,Ischaemic gastritis
36818731,Weight decrease neonatal
37522031,Laser therapy
35305853,Mucopolysaccharidosis I
36211189,Tobacco poisoning
35305739,Combined immunodeficiency
35306228,Laryngeal cleft
35607230,EYE NAEVUS
37320119,Skin degenerative disorder
37522199,Lithotripsy
37522378,VENOUS STENT INSERTION
35708210,Vomiting neonatal
35305664,Abdominal transposition
36211685,POSTOPERATIVE HETEROTOPIC CALCIFICATION
42890247,OVARIAN VEIN THROMBOSIS
42889357,UNDIFFERENTIATED CONNECTIVE TISSUE DISEASE
36416634,HYPERCHOLESTEROLAEMIA
36718526,CONVULSION
36516951,BACK PAIN
36718298,APHASIA
35909452,GALLBLADDER DISORDER
35809104,GAIT DISTURBANCE
35204953,ATRIAL FIBRILLATION
35909501,LIVER DISORDER
36918904,PANIC ATTACK
36211641,PSEUDOMENINGOCELE
35809353,THERAPEUTIC RESPONSE DECREASED
36110918,HERPES ZOSTER
37219810,WHEEZING
36312064,BLOOD PRESSURE ABNORMAL
35305952,SYNDACTYLY
35204902,ATRIOVENTRICULAR BLOCK
36316344,BLOOD CALCIUM INCREASED
43053921,Accidental exposure to product by child
36516781,ARTHROPATHY
35708615,HYPOAESTHESIA ORAL
35708677,PELVIC ADHESIONS
36315061,ELECTROENCEPHALOGRAM ABNORMAL
36110631,BACTERIAL SEPSIS
35707694,DIVERTICULUM INTESTINAL
35708070,GASTROINTESTINAL INFLAMMATION
35104281,HAEMOLYTIC ANAEMIA
35205172,CORONARY ARTERY STENOSIS
35305629,STRABISMUS CONGENITAL
36110585,BRONCHOPNEUMONIA
36919035,HYPOMANIA
36416682,METABOLIC SYNDROME
37019444,URINE ODOUR ABNORMAL
35104252,MYELOFIBROSIS
35707649,Tooth disorder
36718500,Neuropathy peripheral
37521795,Lung transplant
36110664,Furuncle
36211542,Device breakage
35205021,Cardiac discomfort
37219865,Pneumothorax
37019452,Renal colic
36009768,Dermatitis atopic
35205196,Silent myocardial infarction
35406309,EAR HAEMORRHAGE
35205189,Myocardial infarction
35708368,Lactose intolerance
37019410,Urinary retention
35104306,Jaundice
35708044,Colitis ulcerative
43053718,Platelet dysfunction
37119619,Prostatomegaly
35204903,Atrioventricular block complete
35506624,Glucose tolerance impaired
35809168,Terminal state
36211550,Syringe issue
36110587,Infective exacerbation of chronic obstructive airways disease
36919101,Staring
36211428,Heat stroke
35606948,Lacrimal disorder
35708313,Small intestine ulcer
35305863,Niemann-Pick disease
36110549,Infected bites
42889478,Medication overuse headache
37019462,CALCULUS URINARY
37019319,RENAL FAILURE ACUTE
36919046,EMOTIONAL DISTRESS
35205243,CARDIAC FAILURE CONGESTIVE
35708275,EROSIVE DUODENITIS
37622434,POOR PERIPHERAL CIRCULATION
36919036,MANIA
35707651,TOOTH FRACTURE
36718228,DIPLEGIA
36718163,DEMENTIA
35708565,LIP ULCERATION
35306062,NEURAL TUBE DEFECT
35205179,ACUTE CORONARY SYNDROME
36919083,PERSONALITY DISORDER
35607288,OPHTHALMOPLEGIA
37320295,NAIL DISORDER
36516785,PALINDROMIC RHEUMATISM
36009861,Cerebral amyloid angiopathy
36311946,Electrocardiogram abnormal
42890355,Posterior reversible encephalopathy syndrome
35809019,Injection site swelling
36919051,Premenstrual syndrome
37119494,Breast tenderness
37019316,OLIGURIA
36617375,BRAIN NEOPLASM MALIGNANT
35809171,WOUND SECRETION
35708294,GASTROINTESTINAL ULCER
43053923,Prescribed underdose
37219820,Pneumonia aspiration
42889640,Maternal exposure during pregnancy
35708369,Malabsorption
36315262,Body height decreased
37119724,Uterine pain
36416525,Cachexia
36918918,Attention deficit/hyperactivity disorder
42889670,Procedural haemorrhage
36110597,Pneumonia
37220031,Nasal ulcer
36516851,Muscle twitching
37520757,Heart valve replacement
37219952,Choking
36718566,Sleep apnoea syndrome
35104364,Chronic lymphocytic leukaemia
42889454,Spinal pain
35809281,Liquid product physical issue
36718178,Bradyphrenia
36313153,Red blood cell sedimentation rate increased
36211665,Iatrogenic injury
36516734,Bone lesion
36110358,Meningitis cryptococcal
35104713,Polychromasia
35808810,Application site irritation
35809301,Product formulation issue
35305490,Aplasia
35205091,Mitral valve disease
35809026,Malabsorption from injection site
35104679,Platelet disorder
35205061,Aortic valve calcification
36316344,Blood calcium increased
35708010,Pseudomembranous colitis
35708277,Gastric perforation
35809375,Withdrawal bleed
36312550,Troponin I increased
36313969,Laboratory test interference
35607461,Presbyopia
37520980,Gastrostomy
35506488,Metastases to adrenals
43053793,Large intestine benign neoplasm
35707598,Gastric polyps
37521939,Tendon sheath incision
37521292,Nasal operation
37220065,Tracheal disorder
35104739,Lymph node tuberculosis
35305823,Type V hyperlipidaemia
36314726,Human papilloma virus test positive
36516739,Extraskeletal ossification
36009928,HIV infection
35104380,Chronic myeloid leukaemia transformation
35809047,Febrile infection
37622443,Hypoperfusion
36516751,Osteosclerosis
42890455,Rapid correction of hyponatraemia
35808879,Implant site erosion
35809131,GENERAL PHYSICAL HEALTH DETERIORATION
36313350,EOSINOPHIL COUNT INCREASED
37119487,BREAST DISCOMFORT
36313402,MONOCYTE COUNT DECREASED
36313375,LYMPHOCYTE MORPHOLOGY ABNORMAL
36313301,RED CELL DISTRIBUTION WIDTH INCREASED
36109980,NOSOCOMIAL INFECTION
36516975,POSTURE ABNORMAL
36316185,DRUG LEVEL FLUCTUATING
37119680,TESTICULAR DISORDER
35809393,WOUND NECROSIS
36313657,ANTINEUTROPHIL CYTOPLASMIC ANTIBODY POSITIVE
36312378,BLOOD OESTROGEN INCREASED
36818757,RESPIRATORY DISORDER NEONATAL
35808790,APPLICATION SITE BURN
35607418,RETINAL VASCULAR DISORDER
36312377,BLOOD OESTROGEN DECREASED
36211550,SYRINGE ISSUE
35104289,EVANS SYNDROME
36211117,DISLOCATION OF VERTEBRA
35305627,Microphthalmos
36311942,Electrocardiogram T wave peaked
36718541,Tonic clonic movements
42889439,Humidity intolerance
35506805,Benign neoplasm of thyroid gland
35607382,Subretinal fibrosis
36312572,BLOOD LACTATE DEHYDROGENASE DECREASED
36919061,ASOCIAL BEHAVIOUR
35606890,IRIS ATROPHY
37019428,HYPEROXALURIA
37320134,SKIN WARM
35909514,ASTERIXIS
36416501,Respiratory failure
42889636,Foetal exposure during pregnancy
45885696,Intentional product misuse
35909426,Bile duct stenosis
36109964,Bacterial disease carrier
35708226,Small intestinal obstruction
35808988,Injection site irritation
35205325,Left ventricular hypertrophy
37320097,Skin striae
36416516,EATING DISORDER
35708132,ILEUS PARALYTIC
36211099,Femur fracture
35809092,Peripheral coldness
35104860,Monocytosis
37420486,Physical assault
37119655,Infertility female
35909525,Cirrhosis alcoholic
36316138,Anticonvulsant drug level decreased
36416548,Osteolysis
37320115,Parakeratosis
35204959,Sinus bradycardia
36818838,Pregnancy on contraceptive
36110651,Urosepsis
36110643,Sepsis neonatal
37219826,Atelectasis
37622528,Essential hypertension
36516995,Soft tissue necrosis
37521751,Bladder catheterisation
36617941,Neoplasm skin
36918969,Delusion of grandeur
36110162,Listeriosis
35305421,Gastrointestinal angiodysplasia
35707856,Anal haemorrhage
37522149,Drug delivery device implantation
36718608,Cerebellar atrophy
37420368,Job dissatisfaction
36617753,Nasal polyps
36313275,Red blood cell count abnormal
35708496,Salivary gland cancer
42890436,Hand-eye coordination impaired
36918901,Obsessive thoughts
37520640,Elbow operation
36313605,TRANSAMINASES INCREASED
36718476,Peripheral nerve lesion
36818684,Prolonged labour
35607472,Glare
36315605,Glomerular filtration rate abnormal
37521652,Endometrial ablation
36617250,Benign neoplasm
35808960,Injection site abscess
36313903,Computerised tomogram abnormal
37320282,Milia
36311910,Electrocardiogram PR prolongation
35708056,Gastroduodenitis
36211362,Uterine injury
37521163,HAEMODIALYSIS
36818624,ABORTION
36211491,ACCIDENTAL OVERDOSE
37521359,LIVER TRANSPLANT
37520653,KNEE OPERATION
37420507,ACTIVITIES OF DAILY LIVING IMPAIRED
35808942,INFUSION SITE PAIN
35708135,POSTOPERATIVE ILEUS
36009825,MYASTHENIA GRAVIS
37622499,VENOOCCLUSIVE DISEASE
35406409,MASTOID DISORDER
35708262,ANAL ULCER
36718440,ANTICHOLINERGIC SYNDROME
36311806,CARDIAC STRESS TEST ABNORMAL
36718386,ANAESTHESIA
36211469,INCORRECT ROUTE OF DRUG ADMINISTRATION
35708561,LIP DISORDER
35104245,LYMPHOPROLIFERATIVE DISORDER
37622406,HAEMORRHAGIC INFARCTION
36718531,EPILEPTIC AURA
35707569,RECTAL PROLAPSE
36516993,SOFT TISSUE DISORDER
35305606,DACRYOSTENOSIS CONGENITAL
36110151,PNEUMONIA KLEBSIELLA
35708680,RETROPERITONEAL FIBROSIS
36718028,THALAMUS HAEMORRHAGE
36315448,AMINO ACID LEVEL INCREASED
36312421,PREGNANCY TEST POSITIVE
36211295,ESCHAR
35607134,OCULOMUCOCUTANEOUS SYNDROME
35809388,SUBMANDIBULAR MASS
36211199,PATERNAL DRUGS AFFECTING FOETUS
36211130,FOREARM FRACTURE
36617305,TUMOUR INVASION
37522329,RENAL ARTERY STENT PLACEMENT
36718607,BRAIN MASS
35606957,CHORIORETINAL DISORDER
35305937,LIMB MALFORMATION
35808878,IMPLANT SITE EFFUSION
42890249,PENILE ERYTHEMA
42889401,DEVICE COMPONENT ISSUE
36312329,BLOOD PROLACTIN ABNORMAL
42890537,VERTEBRAL FORAMINAL STENOSIS
35707636,DENTAL NECROSIS
36211699,Shunt thrombosis
36416494,Milk-alkali syndrome
43054699,Reversible cerebral vasoconstriction syndrome
36110023,Breast cellulitis
36516730,Bone fistula
36617358,Cerebral haemangioma
36919079,Stubbornness
36255038,Drug dispensed to wrong patient
36009946,Human herpesvirus 8 infection
36718088,BULBAR PALSY
36316173,CHEMOTHERAPEUTIC DRUG LEVEL INCREASED
37019400,MIXED INCONTINENCE
37520640,ELBOW OPERATION
42890330,NASAL DISCHARGE DISCOLOURATION
36516955,Musculoskeletal chest pain
35708331,Gastrointestinal necrosis
35607495,Optic neuropathy
35607075,Iritis
36617748,Testis cancer
36110497,Spinal cord infection
42890425,Urine phosphorus increased
35205285,Peripartum cardiomyopathy
43053713,Plasma cell leukaemia
36312102,Pulmonary arterial pressure increased
35607408,Retinal aneurysm
35808965,INJECTION SITE CELLULITIS
35809326,DRUG EFFECT PROLONGED
35607453,ALTERED VISUAL DEPTH PERCEPTION
36918976,PERSECUTORY DELUSION
35406306,EAR CONGESTION
35305424,HAEMANGIOMA CONGENITAL
36211557,DEVICE OCCLUSION
36313830,ALLERGY TEST POSITIVE
36315199,VISUAL ACUITY TESTS ABNORMAL
37420381,LIVING IN RESIDENTIAL INSTITUTION
35506630,IMPAIRED FASTING GLUCOSE
35808891,IMPLANT SITE IRRITATION
35809168,TERMINAL STATE
35707635,Tooth malformation
35708241,Intestinal diaphragm disease
37520928,Laparotomy
36312385,Blood testosterone free decreased
35607391,Deposit eye
35204916,LONG QT SYNDROME CONGENITAL
35708740,TONGUE HAEMATOMA
42889555,INFECTION REACTIVATION
35808815,Application site oedema
36009731,Allergy to vaccine
36313025,Coagulation time shortened
35406409,Mastoid disorder
35305696,Vitello-intestinal duct remnant
36918997,Confabulation
36314423,GRAM STAIN POSITIVE
36617285,TERATOMA
36315288,EMERGENCY CARE EXAMINATION
37119718,Uterine fibrosis
37521057,Sigmoidectomy
35607286,Ocular myasthenia
37320119,SKIN DEGENERATIVE DISORDER
36818820,Multiple pregnancy
42889177,Diffuse lamellar keratitis
36110215,Serratia sepsis
35607037,Conjunctivitis viral
35205089,MITRAL VALVE ATRESIA
35606993,PIGMENTARY GLAUCOMA
37522329,Renal artery stent placement
37521199,PERIODONTAL OPERATION
35606900,PIGMENT DISPERSION SYNDROME
42890498,Enostosis
37521013,INTESTINAL ADHESION LYSIS
35306179,SUPERNUMERARY NIPPLE
37220013,VASOMOTOR RHINITIS
42889177,DIFFUSE LAMELLAR KERATITIS
37520658,PATELLECTOMY
36516942,Pelvic deformity
35607015,Optic nerve sheath haemorrhage
42890535,JOINT LAXITY
36918858,ANXIETY
36516818,JOINT SWELLING
36919059,AGGRESSION
36211105,TIBIA FRACTURE
35607385,SCLERAL DISCOLOURATION
37019318,RENAL FAILURE
37119769,VAGINAL DISCHARGE
35708362,VARICES OESOPHAGEAL
37320268,ALOPECIA
35809323,DRUG EFFECT DECREASED
35204960,SINUS TACHYCARDIA
36211101,FOOT FRACTURE
36110464,INTERVERTEBRAL DISCITIS
35104351,ACUTE MYELOID LEUKAEMIA
35506577,AMENORRHOEA
36211255,EPICONDYLITIS
35607109,EYE DISCHARGE
35708603,PHARYNGITIS
36211197,MATERNAL DRUGS AFFECTING FOETUS
35104461,LYMPHOMA
42890549,FOETAL GROWTH RESTRICTION
36516855,NEUROMYOPATHY
35809215,POLYP
37119540,POSTMENOPAUSAL HAEMORRHAGE
36617325,OBSTRUCTIVE UROPATHY
42888930,THROMBOCYTOSIS
35708605,LIP PAIN
36718182,MENTAL IMPAIRMENT
35104853,INFECTIOUS MONONUCLEOSIS
36110930,VARICELLA
36516905,INTERVERTEBRAL DISC DISORDER
35809107,PARKINSONIAN GAIT
36416518,INCREASED APPETITE
36416549,OSTEOMALACIA
35707667,TOOTH DISCOLOURATION
35708167,Aphagia
36110059,Pneumonia bacterial
37622400,Arterial occlusive disease
35808976,Injection site erythema
35506797,Hypothyroidism
35104096,Anaemia of chronic disease
35708108,Impaired gastric emptying
36314240,Blood ketone body increased
37119688,TESTICULAR PAIN
35205322,LEFT ATRIAL DILATATION
35909445,Cholelithiasis
35809040,Hyperthermia malignant
36313524,Alanine aminotransferase increased
35809090,Hangover
35204970,Cardio-respiratory arrest
36109993,POST STREPTOCOCCAL GLOMERULONEPHRITIS
35809253,Product contamination
37520652,Knee arthroplasty
43053871,Hepatic cancer
36617657,Uterine cancer
36516971,Muscle contracture
35506808,Thyroid cancer
36314822,Biopsy bone
36918939,Behavioural and psychiatric symptoms of dementia
35305921,Congenital hand malformation
37119710,Endometrial hyperplasia
35809357,THERAPEUTIC RESPONSE UNEXPECTED
35607155,CYTOMEGALOVIRUS CHORIORETINITIS
36211153,ALCOHOL POISONING
35607160,RETINAL OEDEMA
35506601,GYNAECOMASTIA
36918944,DYSTHYMIC DISORDER
35104181,PURPURA
35707574,ANAL PRURITUS
37119562,OVARIAN MASS
37019293,NEPHRITIS
37622432,PERIPHERAL ARTERIAL OCCLUSIVE DISEASE
36516986,FISTULA
35506569,DELAYED PUBERTY
36110589,Lower respiratory tract infection
35506587,Menstruation irregular
37320318,Rosacea
35204928,Bradycardia
42889376,Device expulsion
36718468,Carpal tunnel syndrome
37622455,Embolism
36312882,Biopsy bone marrow
35607370,Retinal detachment
35809221,Generalised oedema
36211603,Thrombosis in device
36617537,OVARIAN CYST
35708256,VOLVULUS
36818684,PROLONGED LABOUR
36315657,GLUCOSE URINE PRESENT
36516919,RETROGNATHIA
36316381,Blood potassium decreased
35708206,Regurgitation
35104270,Sickle cell anaemia
35305952,Syndactyly
36416516,Eating disorder
35909503,Liver injury
36316278,Drug screen false positive
35708245,Intussusception
36312531,Blood creatine phosphokinase MB increased
35809174,Hernia
35708270,Duodenal ulcer
36617902,Throat cancer
35104879,Granulocytopenia
36211262,Muscle rupture
35809118,Developmental delay
36617245,Metastasis
37520653,Knee operation
36211082,Cartilage injury
35708067,Enterocolitis
43053775,Papillary thyroid cancer
35205263,Cor pulmonale
35809016,Injection site scab
35205242,Cardiac failure chronic
35104098,Nephrogenic anaemia
36617316,Cancer pain
36617389,Glioblastoma multiforme
36110768,Extrapulmonary tuberculosis
35506562,Hypogonadism
35808872,Implant site cellulitis
43054153,Bone cancer
35708619,Oral discharge
36313799,Blood immunoglobulin E increased
35707844,Oesophageal injury
35204929,Bradycardia foetal
37520968,Gastrectomy
35506604,Testicular failure
36818748,Neonatal respiratory failure
36717979,Brain stem infarction
35104787,Spleen disorder
35607394,Horner's syndrome
42889015,Systolic dysfunction
36211066,Fracture delayed union
35607457,Astigmatism
36311936,Electrocardiogram T wave abnormal
36313544,BILIRUBIN CONJUGATED INCREASED
35708633,Oedema mouth
36718385,Allodynia
36110084,Pertussis
36617756,Sinus polyp
36818787,Placenta praevia
35809006,Injection site pallor
36919071,Indifference
35708730,Glossitis
37520620,Closed fracture manipulation
35306145,Urethral valves
36314071,BLOOD TRIGLYCERIDES ABNORMAL
37219809,STATUS ASTHMATICUS
37521342,CHOLECYSTECTOMY
37520692,TOE AMPUTATION
35204947,TACHYARRHYTHMIA
36211232,CHEST INJURY
37119481,NIPPLE DISORDER
35708688,RETROPERITONEAL HAEMORRHAGE
36718472,MONONEURITIS
37220016,NASAL DISORDER
36211475,WRONG TECHNIQUE IN DRUG USAGE PROCESS
35406403,EUSTACHIAN TUBE DYSFUNCTION
37622394,AORTIC ARTERIOSCLEROSIS
35204915,LONG QT SYNDROME
36617669,VULVAL CANCER
36517097,SARCOMA
36718469,CUBITAL TUNNEL SYNDROME
35306075,ANENCEPHALY
36316450,BLOOD ELECTROLYTES DECREASED
35707920,GASTROENTERITIS NOROVIRUS
35305584,CORNEAL DYSTROPHY
36211095,SYNOVIAL RUPTURE
35809069,SUDDEN INFANT DEATH SYNDROME
35708080,SMALL BOWEL ANGIOEDEMA
35809376,WITHDRAWAL HYPERTENSION
36516889,ACQUIRED CLAW TOE
35205258,PULMONARY CONGESTION
35809377,Withdrawal syndrome
36516986,Fistula
37420583,REFUSAL OF TREATMENT BY PATIENT
35708314,Erosive oesophagitis
37019397,Micturition disorder
36718418,Dysarthria
37420527,Immobile
37119469,Breast disorder
36416534,Obesity
37521841,Oxygen supplementation
36718293,Agraphia
35506521,Diabetic neuropathy
37521745,Renal transplant
35808862,Catheter site swelling
35104302,Haemolysis
37522129,Catheter placement
37119769,Vaginal discharge
37622496,Vein discolouration
35708295,Gastrointestinal ulcer haemorrhage
36311930,Electrocardiogram ST segment elevation
35506634,Hyperinsulinaemia
37521621,Forceps delivery
36211294,Electric shock
37520693,Toe operation
42890822,Peripheral artery stenosis
36314856,BONE DENSITY DECREASED
36718591,Radicular pain
36416588,Renal salt-wasting syndrome
37119706,Adenomyosis
35708565,Lip ulceration
36718035,Carotid arteriosclerosis
36718450,Amyotrophic lateral sclerosis
36919019,Dermatillomania
37219912,Sputum retention
35707599,Gastrointestinal tract adenoma
35205317,Diastolic dysfunction
36517151,Tenosynovitis
35909626,Ischaemic hepatitis
35809074,Chronic fatigue syndrome
36718610,CEREBRAL CALCIFICATION
35306023,Osteopetrosis
36919067,Grandiosity
37420577,Gambling
36516901,Wrist deformity
36009725,Type I hypersensitivity
42889952,Norovirus test positive
36617305,Tumour invasion
43053846,Exposure via body fluid
35809327,DRUG INEFFECTIVE
36313985,BLOOD CHOLESTEROL INCREASED
36316449,BLOOD ELECTROLYTES ABNORMAL
36313260,MEAN CELL VOLUME INCREASED
37420362,ECONOMIC PROBLEM
36516734,BONE LESION
35809097,TEMPERATURE INTOLERANCE
35406375,HYPERACUSIS
36313094,PROTHROMBIN TIME RATIO DECREASED
35708295,GASTROINTESTINAL ULCER HAEMORRHAGE
35909547,HAEMOCHROMATOSIS
36211731,IDIOPATHIC PNEUMONIA SYNDROME
35607378,RETINAL TEAR
37520678,FOOT OPERATION
36517125,SYNOVITIS
36313983,BLOOD CHOLESTEROL ABNORMAL
35104858,LYMPHOCYTIC INFILTRATION
36718474,MONONEUROPATHY MULTIPLEX
36313712,CARBOHYDRATE ANTIGEN 19-9 INCREASED
35708030,PERITONEAL TUBERCULOSIS
36617753,NASAL POLYPS
35607442,BLINDNESS CORTICAL
35104810,SPLENIC VEIN THROMBOSIS
35708617,LIP EXFOLIATION
37320167,EXFOLIATIVE RASH
36416585,FLUID IMBALANCE
36313532,ASPARTATE AMINOTRANSFERASE ABNORMAL
37119628,REPRODUCTIVE TRACT DISORDER
35708652,PELVIC FLUID COLLECTION
35104129,ACQUIRED HAEMOPHILIA
37521170,THROMBOLYSIS
35909643,HEPATIC ADENOMA
35708186,PELVIC DISCOMFORT
35707582,ANAL POLYP
36718202,FINE MOTOR DELAY
35205107,PULMONARY VALVE STENOSIS CONGENITAL
35809245,PHANTOM PAIN
36718486,TARSAL TUNNEL SYNDROME
37420358,POSTMENOPAUSE
35606984,BORDERLINE GLAUCOMA
36314400,BACTERIAL TEST POSITIVE
35104357,ERYTHROLEUKAEMIA
35909555,HEPATIC HAEMATOMA
35607286,OCULAR MYASTHENIA
35104728,CYSTIC LYMPHANGIOMA
36314113,OXYGEN CONSUMPTION DECREASED
36617754,PARANASAL CYST
36818775,UMBILICAL CORD SHORT
36416480,ACIDOSIS HYPERCHLORAEMIC
37019363,HYDROURETER
37320282,MILIA
36009911,PULMONARY VASCULITIS
36718286,DEVELOPMENTAL COORDINATION DISORDER
36314639,GENOTYPE DRUG RESISTANCE TEST POSITIVE
37522165,EXPLORATORY OPERATION
36516926,LORDOSIS
36516911,CRANIAL SUTURES WIDENING
36617514,MALIGNANT URINARY TRACT NEOPLASM
35205183,Arteriospasm coronary
42890517,White matter lesion
36315471,BLOOD ALBUMIN DECREASED
36416586,HYPEROSMOLAR STATE
36009708,ERYTHEMA NODOSUM
35104836,EOSINOPHILIC PNEUMONIA ACUTE
35909564,PORTAL HYPERTENSION
35909574,CYTOMEGALOVIRUS HEPATITIS
35104864,PLASMACYTOSIS
36918943,DEPRESSION SUICIDAL
36110400,SYSTEMIC MYCOSIS
36919148,PSYCHOTIC BEHAVIOUR
35909558,HEPATIC ISCHAEMIA
36311837,MYOCARDIAL STRAIN
42890086,STAPHYLOCOCCUS TEST POSITIVE
35305595,PROMINENT EPICANTHAL FOLDS
35808890,IMPLANT SITE INFLAMMATION
37622496,VEIN DISCOLOURATION
36718337,NERVE DEGENERATION
36918958,ASPERGER'S DISORDER
36211489,LABELLED DRUG-DRUG INTERACTION MEDICATION ERROR
36516942,PELVIC DEFORMITY
42890424,URINE PHOSPHORUS DECREASED
35506457,ADDISON'S DISEASE
36110781,TUBERCULOMA OF CENTRAL NERVOUS SYSTEM
35607152,Chorioretinitis
36211590,Exposure to contaminated device
42890190,Bladder outlet obstruction
42889357,Undifferentiated connective tissue disease
37220048,Pharyngeal inflammation
36617545,Benign hydatidiform mole
37219972,Mediastinal haematoma
35306157,Congenital renal disorder
36312992,Coagulation factor VIII level increased
36211631,CONFUSION POSTOPERATIVE
36009885,MULTIFOCAL MOTOR NEUROPATHY
36316142,ANTIDEPRESSANT DRUG CLEARANCE DECREASED
35305553,Adrenogenital syndrome
36313171,Platelet aggregation decreased
35306093,Periventricular nodular heterotopia
35606895,Iris hyperpigmentation
37520605,Bone trimming
36517018,Osteochondroma
42890456,Chvostek's sign
36315096,PAST-POINTING
35305640,Retinal coloboma
36313293,Red blood cell schistocytes present
35808849,CATHETER SITE EROSION
42890478,Victim of chemical submission
37119563,Ovarian necrosis
36009769,Eczema herpeticum
35305962,FORAMEN MAGNUM STENOSIS
43053726,Multiple endocrine neoplasia
42890369,Bladder instillation procedure
36617372,Morton's neuroma
35305413,AORTICOPULMONARY SEPTAL DEFECT
42889558,SKIN WOUND
42890173,PAINFUL EJACULATION
36516782,HAEMOPHILIC ARTHROPATHY
43053802,IMPLANT SITE BRUISING
36110597,PNEUMONIA
36718180,DISTURBANCE IN ATTENTION
42889633,EXPOSURE DURING BREAST FEEDING
37219820,PNEUMONIA ASPIRATION
35809381,IMPAIRED HEALING
36718132,HEADACHE
35708168,BREATH ODOUR
35909578,HEPATITIS C
37219905,HYPOXIA
37320318,ROSACEA
36718449,URINARY INCONTINENCE
35809092,PERIPHERAL COLDNESS
36009754,TOXIC EPIDERMAL NECROLYSIS
36516749,OSTEONECROSIS
36315934,MAMMOGRAM ABNORMAL
36110589,LOWER RESPIRATORY TRACT INFECTION
35708667,PNEUMOPERITONEUM
35707868,LOWER GASTROINTESTINAL HAEMORRHAGE
35606962,Eye oedema
35809365,ALCOHOL WITHDRAWAL SYNDROME
35909443,CHOLECYSTITIS CHRONIC
35707691,TOOTH LOSS
35104070,IRON DEFICIENCY ANAEMIA
35809234,DISCOMFORT
36718201,EXTRAPYRAMIDAL DISORDER
35708141,ERUCTATION
35708169,BRUXISM
36211710,WOUND DEHISCENCE
36718194,AKINESIA
36516845,MUSCLE HAEMORRHAGE
35204978,VENTRICULAR ARRHYTHMIA
35606856,CORNEAL DEPOSITS
37420520,EDENTULOUS
35104879,GRANULOCYTOPENIA
37119583,PENILE PAIN
37320217,RASH MORBILLIFORM
36818647,FOETAL DISTRESS SYNDROME
35707713,Pancreatitis
35607313,Abnormal sensation in eye
43053920,Accidental exposure to product
37622480,Vena cava thrombosis
36718543,Abnormal dreams
35506742,Hypercalcaemia
35809119,Disease complication
35104883,Neutropenia
36312073,Blood pressure diastolic decreased
36919037,Affect lability
35809007,Injection site papule
36718038,CAROTID ARTERY STENOSIS
36617195,FIBROUS HISTIOCYTOMA
36211206,ARTERIAL INJURY
37420495,ALCOHOL USE
35809008,INJECTION SITE PARAESTHESIA
35909568,Portal vein thrombosis
35227885,Peripheral swelling
35809117,Deformity
35104880,Granulocytopenia neonatal
37420355,Menopause
35406390,Motion sickness
35707566,Rectal fissure
36313032,FIBRIN D DIMER INCREASED
36211111,FACIAL BONES FRACTURE
37521030,HERNIA REPAIR
35708692,LIP DRY
36009724,STEVENS-JOHNSON SYNDROME
35306159,FANCONI SYNDROME
36818729,PREMATURE BABY
37119781,VULVOVAGINAL DISCOMFORT
36516742,JAW DISORDER
36211499,ANAESTHETIC COMPLICATION
36110049,MENINGITIS BACTERIAL
36718017,LACUNAR INFARCTION
37119572,CHORDEE
36718222,OPISTHOTONUS
36516908,INTERVERTEBRAL DISC SPACE NARROWING
37119583,Penile pain
35205243,Cardiac failure congestive
35809242,Non-cardiac chest pain
37219898,Tachypnoea
36315579,Blood urea decreased
36617162,Breast cancer
36919232,Self injurious behaviour
36718220,Dystonia
36617326,Oncologic complication
35204966,Cardiac arrest
35708128,Irritable bowel syndrome
36416681,Metabolic encephalopathy
35305470,Cytogenetic abnormality
36211215,Concussion
37520663,Shoulder arthroplasty
35707663,Dental plaque
35204998,CARDIOVASCULAR DISORDER
35205002,HEART INJURY
36617821,LUNG ADENOCARCINOMA
35204912,BUNDLE BRANCH BLOCK RIGHT
35909493,HEPATIC MASS
36211303,Injury
35707866,Haematochezia
37320187,Rash papular
37119542,Dysmenorrhoea
35607262,Blepharospasm
37219956,Paranasal sinus discomfort
36313350,Eosinophil count increased
36919230,Completed suicide
36110258,Pneumonia streptococcal
36919128,Drug dependence
35708115,Bowel movement irregularity
35708238,Gastrointestinal obstruction
35809355,Therapeutic response increased
36211137,Wrist fracture
37320124,Skin fissures
37622414,Vascular occlusion
36211175,Mitochondrial toxicity
36211544,Device failure
37019426,HAEMOGLOBINURIA
36110642,Sepsis
35205023,Cyanosis
35708016,Oesophageal candidiasis
35104774,Retroperitoneal lymphadenopathy
35205355,Myocarditis
36110227,Staphylococcal bacteraemia
35708634,Oropharyngeal swelling
35606954,Sjogren's syndrome
37521938,Tendon operation
35104184,Purpura senile
35305898,Micrognathia
35708458,Gastrointestinal carcinoma
36718267,Areflexia
35607429,Retinal exudates
35607475,Metamorphopsia
36315470,Blood albumin abnormal
36313522,Alanine aminotransferase abnormal
35809264,Product label confusion
35708686,Peritoneal haemorrhage
36918906,Panic disorder with agoraphobia
35708129,Oesophageal spasm
42890460,Acute phosphate nephropathy
36718091,Hyposmia
35104858,Lymphocytic infiltration
37119471,Breast disorder male
35506730,Neuroendocrine tumour
36110533,Vulvovaginitis
42889507,Immune reconstitution inflammatory syndrome associated tuberculosis
36517121,Bursa disorder
37522248,Rehabilitation therapy
35707500,Enterocele
36918876,Fear of falling
36718373,Dysaesthesia
36718314,Consciousness fluctuating
35809083,FEELING ABNORMAL
36718427,INCOHERENT
35205007,INTRACARDIAC THROMBUS
37019448,HAEMORRHAGE URINARY TRACT
35809378,FIBROSIS
36110150,KLEBSIELLA SEPSIS
36313175,PLATELET COUNT ABNORMAL
35707688,GINGIVAL INFECTION
37119706,ADENOMYOSIS
36314240,BLOOD KETONE BODY INCREASED
35808988,INJECTION SITE IRRITATION
37219849,RESTRICTIVE PULMONARY DISEASE
36316092,COMPUTERISED TOMOGRAM THORAX ABNORMAL
42889496,GRAFT VERSUS HOST DISEASE IN LIVER
35707835,INTESTINAL VILLI ATROPHY
37119724,UTERINE PAIN
37119633,LICHEN SCLEROSUS
35205159,VACTERL SYNDROME
35708654,PERITONEAL ABSCESS
37520697,BREAST LUMP REMOVAL
42889640,MATERNAL EXPOSURE DURING PREGNANCY
35406432,OTITIS MEDIA CHRONIC
35506618,Latent autoimmune diabetes in adults
36416715,Folate deficiency
36718234,MONOPLEGIA
36110704,Rhinitis
36110749,Mycobacterial infection
36617388,Glioblastoma
43053902,Meniscus injury
37220007,Stridor
36617155,Breast cyst
35506555,ANDROGEN DEFICIENCY
36211106,ACETABULUM FRACTURE
37019308,Renal disorder
36009839,Scleroderma
36416550,Osteopenia
35809136,Ill-defined disorder
35606944,Corneal infiltrates
35607275,Gaze palsy
36009828,Polymyalgia rheumatica
37420550,Walking disability
36314159,Blood glucose fluctuation
35607464,Chromatopsia
36718303,Dysgraphia
36110391,Pneumonia fungal
36718581,Cauda equina syndrome
37320345,Telangiectasia
35204963,Supraventricular tachycardia
36818839,Pregnancy on oral contraceptive
36718061,Intracranial venous sinus thrombosis
35406324,Otorrhoea
37219789,Bronchial secretion retention
35205235,Localised oedema
35506786,Basedow's disease
42890203,Neck surgery
36617308,Neoplasm
37521637,Oophorectomy
36919081,Suspiciousness
35607297,VIth nerve paralysis
36313078,Protein S decreased
35707653,Tooth injury
36718228,Diplegia
35708343,Intestinal infarction
36110766,Disseminated tuberculosis
43562726,Colonic abscess
36718262,Head titubation
36313664,Antiphospholipid antibodies positive
36919056,Laziness
36315667,Protein urine
35708071,Gastrointestinal toxicity
36416509,Anorexia nervosa
36311929,Electrocardiogram ST segment depression
35104483,Burkitt's lymphoma
37520807,Parathyroid gland operation
36416692,Plasma protein metabolism disorder
36718405,Pharyngeal hypoaesthesia
35205156,Trisomy 21
35104859,Lymphocytosis
36110334,Candida sepsis
37220001,Vocal cord thickening
36312399,Oestradiol decreased
35506692,Water intoxication
35406373,Sudden hearing loss
35909514,Asterixis
36818759,Transient tachypnoea of the newborn
36110460,Arthritis infective
35205165,Coronary artery dissection
35305964,Macrocephaly
35205055,Metastases to heart
36315595,CREATININE RENAL CLEARANCE DECREASED
35204968,CARDIAC DEATH
36314103,BLOOD PH DECREASED
37520619,SEQUESTRECTOMY
36110679,Recurring skin boils
36211660,GRAFT LOSS
35809080,SLUGGISHNESS
36313522,ALANINE AMINOTRANSFERASE ABNORMAL
36311856,VENOUS PRESSURE JUGULAR INCREASED
37521745,RENAL TRANSPLANT
37522104,RADIOTHERAPY
36314064,LIPIDS INCREASED
36313372,LYMPHOCYTE COUNT INCREASED
35606982,VITREOUS DISORDER
36918969,DELUSION OF GRANDEUR
36316377,BLOOD PHOSPHORUS INCREASED
36311887,CATHETERISATION CARDIAC
35205066,AORTIC VALVE SCLEROSIS
35909483,HAEMOBILIA
36009917,VASCULITIC RASH
36718292,AGNOSIA
35708134,MEGACOLON
36110243,ALPHA HAEMOLYTIC STREPTOCOCCAL INFECTION
36009685,ALLERGIC COUGH
36314726,HUMAN PAPILLOMA VIRUS TEST POSITIVE
36516739,EXTRASKELETAL OSSIFICATION
36313277,RED BLOOD CELL COUNT INCREASED
36009768,DERMATITIS ATOPIC
37320173,ERYTHEMA ANNULARE
35606910,POSTERIOR CAPSULE OPACIFICATION
36313816,IMMUNOGLOBULINS DECREASED
36718027,THALAMIC INFARCTION
35808980,INJECTION SITE HAEMATOMA
37019337,PYELOCALIECTASIS
37521743,RENAL STONE REMOVAL
35708241,INTESTINAL DIAPHRAGM DISEASE
35809232,BREAKTHROUGH PAIN
35707525,ABDOMINAL WOUND DEHISCENCE
36918959,AUTISM SPECTRUM DISORDER
37119600,SCROTAL OEDEMA
37522031,LASER THERAPY
35808808,APPLICATION SITE INFECTION
36211321,TRAUMATIC HAEMORRHAGE
35809253,PRODUCT CONTAMINATION
36316177,DRUG CLEARANCE INCREASED
35506590,OVARIAN FAILURE
35809292,PRODUCT SOLUBILITY ABNORMAL
37521715,BLADDER REPAIR
35808829,APPLICATION SITE ULCER
42890092,STREPTOCOCCUS TEST POSITIVE
35808880,IMPLANT SITE ERYTHEMA
37521136,PACKED RED BLOOD CELL TRANSFUSION
35808929,INFUSION SITE HAEMORRHAGE
35506710,Carcinoid tumour
37521891,Skin neoplasm excision
35708622,Oral mucosal eruption
35104289,Evans syndrome
35606898,Iris transillumination defect
35205101,Congenital pulmonary valve disorder
36718172,Amnestic disorder
36516875,DIAPHRAGM MUSCLE WEAKNESS
35607388,SCLERAL THINNING
42890547,FACIAL ASYMMETRY
35305487,FOETAL ALCOHOL SYNDROME
37521953,GENERAL ANAESTHESIA
36211639,PROCEDURAL DIZZINESS
35204980,Ventricular extrasystoles
35707630,Periodontitis
36211503,Delayed recovery from anaesthesia
35205152,Persistent foetal circulation
36211672,Incision site oedema
37522342,Haematoma evacuation
36919077,SOCIAL AVOIDANT BEHAVIOUR
36718010,HAEMORRHAGIC STROKE
36918918,ATTENTION DEFICIT/HYPERACTIVITY DISORDER
36312334,BLOOD THYROID STIMULATING HORMONE ABNORMAL
36918953,FEELINGS OF WORTHLESSNESS
35306234,TRACHEO-OESOPHAGEAL FISTULA
36718498,NEURITIS
36316127,ANTIBIOTIC LEVEL ABOVE THERAPEUTIC
35708637,BEHCET'S SYNDROME
35808809,APPLICATION SITE INFLAMMATION
35606994,HYPHAEMA
35808794,APPLICATION SITE DISCHARGE
35808932,INFUSION SITE INDURATION
35104736,LYMPH NODE CALCIFICATION
36009809,OVERLAP SYNDROME
36110557,NEONATAL INFECTION
36717961,Gliosis
35606858,Corneal epithelium defect
36313037,Fibrin degradation products increased
36818702,Uterine hypotonus
35708113,POST PROCEDURAL CONSTIPATION
35506532,Retinal neovascularisation
35205069,CONGENITAL AORTIC VALVE INCOMPETENCE
36009862,Cutaneous amyloidosis
35909557,Hepatic infarction
45886375,Uterine adhesions
35808951,Infusion site scar
36315932,Hysteroscopy
36516902,Intervertebral disc calcification
35607317,EYELID SENSORY DISORDER
35506800,POST PROCEDURAL HYPOTHYROIDISM
37219994,LARYNGEAL ULCERATION
42889928,HEPATITIS B VIRUS TEST POSITIVE
35707742,Pancreatic leak
42890586,Foetal placental thrombosis
37182064,Oligospermia
36617241,METASTASES TO THORAX
35809023,INJECTION SITE VASCULITIS
43054109,LARYNGEAL PAIN
36312896,BONE MARROW EOSINOPHILIC LEUKOCYTE COUNT INCREASED
42889434,RET gene mutation
35808877,IMPLANT SITE DISCOLOURATION
36211481,MEDICATION ERROR
36311779,CARDIAC MURMUR
35707907,GASTROENTERITIS
36110356,CRYPTOCOCCOSIS
37320205,PSORIASIS
36110040,GANGRENE
35104877,FEBRILE NEUTROPENIA
35204981,VENTRICULAR FIBRILLATION
35104691,THROMBOCYTOPENIA
35104186,BLOOD DISORDER
36009762,ANGIOEDEMA
37219804,CHRONIC OBSTRUCTIVE PULMONARY DISEASE
37019401,POLLAKIURIA
36718035,CAROTID ARTERIOSCLEROSIS
36818772,UMBILICAL CORD AROUND NECK
36617304,SQUAMOUS CELL CARCINOMA
36718273,HYPOREFLEXIA
35104746,Lymphadenopathy
35809003,Injection site nodule
43054109,Laryngeal pain
42889658,FOREIGN BODY
36918861,STRESS
36416487,METABOLIC ACIDOSIS
36918867,CLAUSTROPHOBIA
35506691,POLYDIPSIA
35406373,SUDDEN HEARING LOSS
36516863,HYPERTONIA
36718230,HEMIPLEGIA
35607022,TOXIC ANTERIOR SEGMENT SYNDROME
36110201,PSEUDOMONAS INFECTION
35708317,OESOPHAGEAL RUPTURE
35708270,DUODENAL ULCER
35708744,TONGUE ULCERATION
36776613,Seizure
35809353,Therapeutic response decreased
36718171,Amnesia
37019372,Ureteric stenosis
37219810,Wheezing
43053710,Abdominal lymphadenopathy
35909487,Hepatic cyst
35104281,Haemolytic anaemia
37520731,Cardiac operation
36416532,Malnutrition
36516763,Coccydynia
36211273,Nerve injury
35707561,ANORECTAL DISORDER
35708050,Gastritis
36110922,Human herpesvirus 6 infection
35204931,Cardiac flutter
35809190,Systemic inflammatory response syndrome
37522104,Radiotherapy
35808768,Puncture site haemorrhage
36314766,Viral mutation identified
36919066,Disturbance in social behaviour
35808985,Injection site infection
35808797,Application site dryness
37521014,Intestinal anastomosis
36918875,Fear of eating
37019254,Cystocele
35707859,Large intestinal haemorrhage
36919100,Regressive behaviour
36314486,ANTIMICROBIAL SUSCEPTIBILITY TEST RESISTANT
35607449,COLOUR BLINDNESS ACQUIRED
37520805,STEROID THERAPY
42889648,CRANIOCEREBRAL INJURY
36110630,BACTERAEMIA
36516796,FACET JOINT SYNDROME
35607074,IRIDOCYCLITIS
36717998,CEREBRAL HAEMORRHAGE
36718530,EPILEPSY
36516925,KYPHOSIS
35708686,PERITONEAL HAEMORRHAGE
35205259,PULMONARY OEDEMA
36313276,RED BLOOD CELL COUNT DECREASED
35909645,BILE DUCT CANCER
35104768,METASTASES TO LYMPH NODES
35305706,CLEFT PALATE
37622523,MALIGNANT HYPERTENSION
35708072,ILEITIS
35205196,SILENT MYOCARDIAL INFARCTION
36416593,Hyperkalaemia
35808914,Infusion related reaction
36211064,Compression fracture
35708171,Dysphagia
36313468,T-lymphocyte count increased
36009894,Chronic graft versus host disease
42890549,Foetal growth restriction
35707512,Abdominal hernia
36315574,Blood creatinine decreased
35808853,Catheter site infection
36211086,HAEMARTHROSIS
37320326,Skin haemorrhage
36718422,Dysphonia
35809299,Product compounding quality issue
36110649,Septic shock
36313221,Haematocrit decreased
35707686,Gingival bleeding
35607447,Night blindness
36516824,Osteoarthritis
35809236,Facial pain
36718243,Quadriparesis
35909442,Cholecystitis acute
35808926,Infusion site extravasation
42889650,Traumatic lung injury
36718082,VIIth nerve paralysis
35204985,Ventricular tachycardia
35909512,Hypoproteinaemia
42888986,Pulseless electrical activity
36919041,Inappropriate affect
36617187,Dermal cyst
36717971,Carotid artery dissection
37019356,Renal ischaemia
35104088,Hypochromic anaemia
36110540,Device related infection
35708553,Chapped lips
35506596,Polycystic ovaries
36718548,Sleep paralysis
37119766,Coital bleeding
36617285,Teratoma
36718352,Clonus
35708292,Gastrointestinal erosion
36617644,Ovarian cancer
36617222,Metastases to kidney
36316132,Anticoagulation drug level below therapeutic
43054192,Intraductal proliferative breast lesion
36313379,Lymphocyte percentage decreased
36312321,Blood growth hormone increased
36718204,Gross motor delay
36718264,Intention tremor
35708091,Proctitis ulcerative
36211670,Incision site haematoma
35808819,Application site paraesthesia
37320201,Dermatitis psoriasiform
36211199,Paternal drugs affecting foetus
37219997,Reflux laryngitis
36311950,Electrocardiogram change
36718570,Rapid eye movements sleep abnormal
35205260,PULMONARY OEDEMA NEONATAL
35809127,EXTRAVASATION
36313403,MONOCYTE COUNT INCREASED
35104835,EOSINOPHILIC PNEUMONIA
35708601,OROPHARYNGEAL CANDIDIASIS
36009816,LUPUS NEPHRITIS
36313049,INTERNATIONAL NORMALISED RATIO FLUCTUATION
35809358,THERAPEUTIC RESPONSE UNEXPECTED WITH DRUG SUBSTITUTION
35707758,FOOD POISONING
36718492,BRACHIAL PLEXOPATHY
36009912,RENAL VASCULITIS
35809359,THERAPY NAIVE
36211752,SUBCUTANEOUS EMPHYSEMA
36211684,POSTOPERATIVE ADHESION
37019281,FOCAL SEGMENTAL GLOMERULOSCLEROSIS
35606858,CORNEAL EPITHELIUM DEFECT
36110204,URINARY TRACT INFECTION PSEUDOMONAL
35809297,INCORRECT STORAGE OF DRUG
35808898,IMPLANT SITE PAIN
36313151,RED BLOOD CELL SEDIMENTATION RATE ABNORMAL
35205055,METASTASES TO HEART
37119698,VAGINAL PROLAPSE
36717996,Cerebral artery thrombosis
35205109,CONGENITAL TRICUSPID VALVE INCOMPETENCE
37320120,SKIN DISCOLOURATION
35205391,PERICARDIAL HAEMORRHAGE
37019444,Urine odour abnormal
35809109,Adhesion
36211325,Wound
36316186,Drug level increased
35104765,Lymphoid tissue hyperplasia
35909621,Hepatitis toxic
35707849,GASTRIC HAEMORRHAGE
37219937,ASPIRATION
35909487,HEPATIC CYST
37019285,GLOMERULONEPHRITIS MEMBRANOUS
36918990,"HALLUCINATION, VISUAL"
35707763,Gastrointestinal disorder
35708124,Frequent bowel movements
37320254,Skin ulcer
36416590,Fluid intake reduced
36211582,Complication of device removal
36313260,Mean cell volume increased
36617821,Lung adenocarcinoma
45885904,Graft versus host disease in gastrointestinal tract
35708344,Intestinal ischaemia
43053893,Periorbital contusion
36718224,Pleurothotonus
37119716,Uterine disorder
36211116,Cervical vertebral fracture
36416500,Respiratory acidosis
35808949,Infusion site reaction
35909618,Hepatitis fulminant
35909605,Autoimmune hepatitis
35809004,Injection site oedema
37219974,Mediastinal mass
36516783,Monarthritis
35607265,Eyelid ptosis
43562719,Blister rupture
36516843,Muscle fatigue
37119532,Epididymitis
37622523,Malignant hypertension
36316376,Blood phosphorus decreased
37521492,Brain operation
36009920,Vasculitis necrotising
37320213,RASH GENERALISED
35607415,Retinal infarction
36312297,Blood parathyroid hormone decreased
35305674,Gastroschisis
37521715,Bladder repair
35607021,Hypopyon
37119552,Fallopian tube disorder
36718277,Poor sucking reflex
36211095,Synovial rupture
37119477,Breast necrosis
35909486,Hepatic calcification
36313222,Haematocrit increased
36110459,Abscess jaw
37320333,Skin oedema
35205090,MITRAL VALVE CALCIFICATION
37522333,ANGIOPLASTY
36516994,SOFT TISSUE HAEMORRHAGE
35809156,PERFORMANCE STATUS DECREASED
37622541,PHLEBITIS SUPERFICIAL
37622521,HYPERTENSIVE CRISIS
36316138,ANTICONVULSANT DRUG LEVEL DECREASED
35306113,Hyperexplexia
36617253,PAPILLOMA
36718441,ATONIC URINARY BLADDER
36919073,NEGATIVISM
36516864,HYPERTONIA NEONATAL
35708291,DIVERTICULAR PERFORATION
37420552,DRUG ABUSER
36516733,BONE INFARCTION
35506490,NEUROBLASTOMA
35205387,PERICARDIAL DISEASE
35808768,PUNCTURE SITE HAEMORRHAGE
35909626,ISCHAEMIC HEPATITIS
35909557,HEPATIC INFARCTION
37019262,CYSTITIS INTERSTITIAL
37320305,ONYCHOLYSIS
36110438,TINEA PEDIS
37622504,AORTIC CALCIFICATION
37119700,ADNEXA UTERI MASS
35606817,FLAT ANTERIOR CHAMBER OF EYE
35305715,ANKYLOGLOSSIA CONGENITAL
35606967,EYELID PAIN
37521085,PANCREATECTOMY
36312023,ANGIOGRAM
35707778,INTRA-ABDOMINAL HAEMATOMA
36311924,ELECTROCARDIOGRAM QT SHORTENED
35809206,MUCOSAL INFECTION
36211061,BONE FRAGMENTATION
42890301,ACUTE LUNG INJURY
36211453,BURN OESOPHAGEAL
36516725,BONE CALLUS EXCESSIVE
35808935,INFUSION SITE IRRITATION
36818837,PREGNANCY AFTER POST COITAL CONTRACEPTION
42890654,Sexually inappropriate behaviour
35305545,External auditory canal atresia
37320116,Peau d'orange
37219884,PULMONARY VENO-OCCLUSIVE DISEASE
36315410,ALBUMIN GLOBULIN RATIO DECREASED
35406372,PRESBYACUSIS
37119641,GENITAL SWELLING
37521292,NASAL OPERATION
36312135,Gene mutation identification test positive
36313982,Blood cholesterol
36314878,X-ray limb abnormal
35104781,ASPLENIA
42889230,FUNCTIONAL GASTROINTESTINAL DISORDER
35708691,Dry throat
37521538,Spinal laminectomy
35204953,Atrial fibrillation
35708409,Rectal cancer
35104091,Microcytic anaemia
37622416,Vasospasm
35104308,Jaundice neonatal
35707652,Tooth impacted
35104218,Transfusion reaction
36312617,Foetal heart rate decreased
36110502,Amniotic cavity infection
35506485,Adrenal neoplasm
36416517,FOOD CRAVING
37019261,CYSTITIS HAEMORRHAGIC
35708316,OESOPHAGEAL PERFORATION
36718529,ECLAMPSIA
37019458,CALCULUS BLADDER
36110190,NOCARDIOSIS
35104254,MYELOPROLIFERATIVE DISORDER
36211463,EXPIRED DRUG ADMINISTERED
36617338,TUMOUR PAIN
35205128,DUCTUS ARTERIOSUS PREMATURE CLOSURE
36516943,RIB DEFORMITY
36312776,GASTRIC PH DECREASED
35809273,PRODUCT COMMINGLING
36617801,THYMOMA
36315849,SPERMATOZOA PROGRESSIVE MOTILITY DECREASED
35707635,TOOTH MALFORMATION
36316376,BLOOD PHOSPHORUS DECREASED
36110124,ESCHERICHIA SEPSIS
36718419,DYSLALIA
36416526,CENTRAL OBESITY
35808905,Implant site reaction
36211676,Pocket erosion
36919087,Avoidant personality disorder
36918897,Social fear
36718520,Simple partial seizures
35809374,Tobacco withdrawal symptoms
35606823,Tenon's cyst
43053747,Congenital skin dimples
36818658,Foetal macrosomia
35306022,Osteogenesis imperfecta
35104674,Paraproteinaemia
35306036,CONGENITAL FLOPPY INFANT
36416603,NEONATAL HYPONATRAEMIA
36314688,HEPATITIS C RNA FLUCTUATION
37520795,HORMONE REPLACEMENT THERAPY
37521467,NEURECTOMY
42890190,BLADDER OUTLET OBSTRUCTION
42889493,ALLERGIC HEPATITIS
35506801,Primary hypothyroidism
37521397,Radiotherapy to prostate
42889106,Fulminant type 1 diabetes mellitus
36416626,Mineral deficiency
37019363,Hydroureter
35607230,Eye naevus
43054181,Soft tissue cancer
37420405,OCCUPATIONAL PROBLEM ENVIRONMENTAL
43562864,Hypocarnitinaemia
37521193,Gingival graft
37521083,Biliary sphincterotomy
35305418,Congenital arteriovenous fistula
37520647,Joint irrigation
42889088,Congenital monorchidism
35506540,MICROALBUMINURIA
36312070,BLOOD PRESSURE DECREASED
36211137,WRIST FRACTURE
35809082,CHILLS
35809310,DRUG INTERACTION
35607483,VISION BLURRED
35406325,OTOTOXICITY
35809014,INJECTION SITE REACTION
37219859,PLEURISY
36718414,APHONIA
35707820,BARRETT'S OESOPHAGUS
36718179,COGNITIVE DISORDER
36416485,LACTIC ACIDOSIS
36718301,CONFUSIONAL STATE
36313477,WHITE BLOOD CELL COUNT INCREASED
36718500,NEUROPATHY PERIPHERAL
35406391,TINNITUS
35205317,DIASTOLIC DYSFUNCTION
36110555,LOCALISED INFECTION
36617459,BLADDER CANCER
35205034,PALPITATIONS
37220041,PHARYNGEAL DISORDER
36416715,FOLATE DEFICIENCY
35607053,KERATITIS
36617411,BRAIN NEOPLASM
36110566,POST PROCEDURAL INFECTION
35809237,FLANK PAIN
36717991,CEREBELLAR HAEMORRHAGE
35707689,GINGIVAL PAIN
35205131,FALLOT'S TETRALOGY
36718355,DROOLING
35708752,TONGUE COATED
43053715,Plasma cell myeloma
35809387,Nodule
36516800,Joint contracture
36211681,POST PROCEDURAL HAEMORRHAGE
36818821,TWIN PREGNANCY
37320079,HYPERKERATOSIS
36110078,VAGINITIS BACTERIAL
36110482,CENTRAL NERVOUS SYSTEM INFECTION
36718151,Brain oedema
36718141,Migraine
35809372,Rebound effect
35809220,Face oedema
35808929,Infusion site haemorrhage
35204912,Bundle branch block right
35205094,Mitral valve incompetence
36718001,Cerebral infarction
36009804,Guillain-Barre syndrome
36718376,Hyperaesthesia
36312382,Blood testosterone decreased
36211088,Joint injury
35506514,Diabetic coma
36110820,Toxoplasmosis
37119589,Penis disorder
42889648,Craniocerebral injury
36919035,Hypomania
35809397,Dysplasia
42889827,Peritoneal effluent abnormal
36313804,Blood immunoglobulin G increased
36818801,Suppressed lactation
35708285,GASTRITIS EROSIVE
36416509,ANOREXIA NERVOSA
37320221,DANDRUFF
35707869,MELAENA
35205305,ATRIAL SEPTAL DEFECT
36416637,HYPERTRIGLYCERIDAEMIA
36211555,DEVICE DISLOCATION
35506586,MENSTRUATION DELAYED
35607334,VITREOUS DETACHMENT
36211091,LIMB INJURY
37219952,CHOKING
35506742,HYPERCALCAEMIA
35607305,MIOSIS
36110149,KLEBSIELLA INFECTION
36818683,PREMATURE RUPTURE OF MEMBRANES
36918911,POST-TRAUMATIC STRESS DISORDER
35506514,DIABETIC COMA
35708138,Gastrointestinal sounds abnormal
37320253,Skin erosion
36718112,Multiple sclerosis relapse
35607358,Macular degeneration
36313091,Prothrombin time prolonged
37520970,Gastric bypass
36919031,BIPOLAR I DISORDER
35809212,MUCOUS MEMBRANE DISORDER
36718404,Palmar-plantar erythrodysaesthesia syndrome
35809164,Secretion discharge
35809328,Drug ineffective for unapproved indication
36516973,Musculoskeletal stiffness
36211179,Nephropathy toxic
36617247,Haemangioma
36416547,Low turnover osteopathy
36718222,Opisthotonus
37119696,Uterine prolapse
36516909,Sciatica
36918853,Anxiety disorder
36211459,Thermal burn
35506459,Adrenal insufficiency
36717986,Carotid artery thrombosis
36516804,Joint lock
36517016,Lipoma
35707694,Diverticulum intestinal
35607364,Maculopathy
37119780,Vulvovaginal burning sensation
35305551,Deafness congenital
35707981,Tuberculosis gastrointestinal
43054036,Clear cell renal cell carcinoma
36110123,Escherichia infection
35205309,Cardiac aneurysm
36717985,Carotid artery occlusion
35506788,Exophthalmos
36617883,Bronchial carcinoma
35809161,Premature ageing
36919043,Dysphoria
35506563,Oestrogen deficiency
35104688,Heparin-induced thrombocytopenia
36110691,Epiglottitis
37320300,Nail pitting
37521205,Wisdom teeth removal
35708598,Oral infection
35708666,Pleuroperitoneal communication
35909558,Hepatic ischaemia
35506555,Androgen deficiency
45885668,Tendon discomfort
37119633,Lichen sclerosus
37320338,Livedo reticularis
36211453,Burn oesophageal
36110347,Systemic candida
36211062,Comminuted fracture
37019411,Urine flow decreased
35808900,Implant site paraesthesia
36617334,Tumour flare
43053908,Occupational exposure to product
37520604,Bone operation
36009813,Butterfly rash
35104709,Macrocytosis
37521297,Rhinoplasty
45886401,Vena cava filter removal
37219926,Chronic respiratory failure
37119646,Ejaculation delayed
35809364,Abnormal withdrawal bleeding
43053850,Hepatic cancer recurrent
37119743,Vaginal fistula
36316182,DRUG LEVEL BELOW THERAPEUTIC
36314123,PCO2 DECREASED
36718404,PALMAR-PLANTAR ERYTHRODYSAESTHESIA SYNDROME
35809399,HYPERPLASIA
37219811,ALVEOLITIS
37521586,ECTOPIC PREGNANCY TERMINATION
36919085,SELF ESTEEM DECREASED
36919103,HYPERVENTILATION
37622413,VASCULAR INSUFFICIENCY
36416579,HYPERCHLORAEMIA
36717979,BRAIN STEM INFARCTION
35104152,PROTEIN S DEFICIENCY
35607035,CONJUNCTIVITIS INFECTIVE
37520669,WRIST SURGERY
36314114,OXYGEN CONSUMPTION INCREASED
35205252,PROPOFOL INFUSION SYNDROME
35808847,CATHETER SITE CELLULITIS
37219883,PULMONARY VEIN STENOSIS
36818782,MECONIUM STAIN
35305396,CONGENITAL AORTIC STENOSIS
35707662,PULPITIS DENTAL
36718363,NEUROLOGICAL DECOMPENSATION
36718204,GROSS MOTOR DELAY
36718044,CEREBRAL VASOCONSTRICTION
35506801,PRIMARY HYPOTHYROIDISM
43054204,Premenstrual dysphoric disorder
37522378,Venous stent insertion
42890439,DECREASED EYE CONTACT
36211359,PENIS INJURY
36718376,HYPERAESTHESIA
36110561,OPPORTUNISTIC INFECTION
35809215,Polyp
36718323,Sopor
36211476,Circumstance or information capable of leading to medication error
37119654,Infertility
37521136,Packed red blood cell transfusion
36718391,Complex regional pain syndrome
42890491,Coma scale abnormal
35708176,Hiccups
36918962,Dissociation
36718365,Personality change
36516728,Bone disorder
42889655,Post-traumatic neck syndrome
36311779,Cardiac murmur
37019273,Urinary tract disorder
37219965,Upper respiratory tract inflammation
35506530,Diabetic retinopathy
36110150,Klebsiella sepsis
35708147,Faeces discoloured
35707651,Tooth fracture
35708624,Oral mucosal exfoliation
36918983,Flashback
35809279,Product packaging quantity issue
42890575,Rheumatic disorder
42890330,Nasal discharge discolouration
45886434,Unable to afford prescribed medication
42890516,Brain midline shift
37019337,Pyelocaliectasis
35809223,Gravitational oedema
36110887,Epstein-Barr viraemia
35909665,Hepatic cancer metastatic
36211159,Chemical poisoning
36316342,Blood calcium abnormal
35104738,Lymph node pain
35809291,Product size issue
36110461,Bone abscess
36516807,Patellofemoral pain syndrome
37219967,Acquired diaphragmatic eventration
35607158,Necrotising retinitis
36110464,Intervertebral discitis
36312936,Antithrombin III decreased
37520741,Heart transplant
35305619,Congenital eye disorder
42890370,Bladder neck suspension
36314689,Hepatitis C RNA increased
36818648,Foetal hypokinesia
42889790,Foetal non-stress test abnormal
36211671,Incision site haemorrhage
37622464,Axillary vein thrombosis
35607388,Scleral thinning
37119626,Genital ulceration
36314204,Porphyrins stool increased
36211108,Ilium fracture
35708080,Small bowel angioedema
37320098,Actinic keratosis
35607207,Superficial injury of eye
35205372,Purulent pericarditis
36110064,Rhodococcus infection
36211641,Pseudomeningocele
35104836,Eosinophilic pneumonia acute
36516850,MUSCLE TIGHTNESS
36313679,DNA ANTIBODY POSITIVE
35708160,GASTROINTESTINAL PAIN
36313969,LABORATORY TEST INTERFERENCE
35707975,Strongyloidiasis
36718611,CEREBRAL VENTRICLE DILATATION
37119601,Scrotal pain
36315579,BLOOD UREA DECREASED
35708675,ABDOMINAL ADHESIONS
37522208,MEDICAL DEVICE CHANGE
36718528,CONVULSIVE THRESHOLD LOWERED
37622489,MICROANGIOPATHY
35506754,TETANY
36111000,KAPOSI'S SARCOMA
35809159,PRE-EXISTING DISEASE
35809052,POSTOPERATIVE FEVER
37320326,SKIN HAEMORRHAGE
36516729,BONE EROSION
37420515,CORRECTIVE LENS USER
36315538,PROTEIN TOTAL ABNORMAL
36718615,ENCEPHALOMALACIA
35708011,REITER'S SYNDROME
35708311,SMALL INTESTINAL PERFORATION
36718166,PROGRESSIVE SUPRANUCLEAR PALSY
36918951,FEELING GUILTY
35305915,CLINODACTYLY
36009801,CRYOGLOBULINAEMIA
36211457,BURNS SECOND DEGREE
36313699,RHEUMATOID FACTOR POSITIVE
36211066,FRACTURE DELAYED UNION
37520916,ABDOMINAL CAVITY DRAINAGE
35708287,ANASTOMOTIC ULCER
36314769,VIRAL TEST POSITIVE
36110019,BACTERIURIA
37622426,FEMORAL ARTERY OCCLUSION
35708319,OESOPHAGEAL ULCER HAEMORRHAGE
35205140,TRISOMY 18
35809105,GAIT SPASTIC
36516819,JOINT WARMTH
36617378,CENTRAL NERVOUS SYSTEM LEUKAEMIA
37119652,RETROGRADE EJACULATION
36718452,MOTOR NEURONE DISEASE
36918977,SOMATIC DELUSION
36211166,ERGOT POISONING
35909624,HEPATOCELLULAR INJURY
37522316,CORONARY ANGIOPLASTY
36516881,AMYOTROPHY
37520624,FRACTURE TREATMENT
37220020,NASAL MUCOSAL DISORDER
37522130,CATHETER REMOVAL
35809135,HYPOHIDROSIS
35708204,PROCEDURAL NAUSEA
36718402,OCCIPITAL NEURALGIA
35606928,EYELID EXFOLIATION
36312571,BLOOD LACTATE DEHYDROGENASE ABNORMAL
35607126,HERPES OPHTHALMIC
36313808,Blood immunoglobulin M decreased
36316365,Blood iron abnormal
36211649,Anastomotic stenosis
37520621,External fixation of fracture
37522206,Mass excision
36416668,Catabolic state
37521056,PROCTOCOLECTOMY
35305640,RETINAL COLOBOMA
37219948,RESPIRATORY TRACT INFLAMMATION
35606896,IRIS HYPOPIGMENTATION
37220003,Epiglottic oedema
36110098,Botulism
42889618,Femoroacetabular impingement
37119697,UTEROVAGINAL PROLAPSE
35205247,Cardiopulmonary failure
43053794,Large intestine polyp
36617310,Neoplasm recurrence
37019262,Cystitis interstitial
36009751,Red man syndrome
37119684,Testicular mass
35708182,MASTICATION DISORDER
36312945,BLOOD FIBRINOGEN DECREASED
37019300,NEPHROSCLEROSIS
35808801,APPLICATION SITE EXFOLIATION
36718571,SUDDEN ONSET OF SLEEP
37420438,PARTNER STRESS
37520968,GASTRECTOMY
36314109,CARBON DIOXIDE INCREASED
36110235,STAPHYLOCOCCAL SKIN INFECTION
36110548,INCISION SITE INFECTION
36110935,MOLLUSCUM CONTAGIOSUM
35607014,OPTIC NERVE INFARCTION
42890516,BRAIN MIDLINE SHIFT
35909601,PNEUMOBILIA
36516944,SHOULDER DEFORMITY
35104159,COAGULATION DISORDER NEONATAL
36517081,Metastases to soft tissue
36718212,Posturing
35305421,GASTROINTESTINAL ANGIODYSPLASIA
37520624,Fracture treatment
35707616,Oral fibroma
37520975,Gastric ulcer surgery
36312724,LAPAROSCOPY
35104786,Spleen congestion
36211584,Device intolerance
35205143,Ventricular hypoplasia
35305915,Clinodactyly
37521297,RHINOPLASTY
36718437,VERTIGO CNS ORIGIN
36818681,PRECIPITATE LABOUR
36314500,Catheter culture positive
42889342,TYPE 2 LEPRA REACTION
37521876,HAIR TRANSPLANT
35607071,CYCLITIS
42889382,INTENTIONAL MEDICAL DEVICE REMOVAL BY PATIENT
35809076,FATIGUE
36211303,INJURY
36516979,SENSATION OF HEAVINESS
35809155,PALLOR
36516931,SPINAL COLUMN STENOSIS
42889376,DEVICE EXPULSION
35809072,ASTHENIA
35809166,SWELLING
35708379,GASTRIC CANCER
35205242,CARDIAC FAILURE CHRONIC
35607354,ORBITAL OEDEMA
36211099,FEMUR FRACTURE
35708179,INCONTINENCE
37219879,PULMONARY ARTERY STENOSIS
35708050,GASTRITIS
35204904,ATRIOVENTRICULAR BLOCK FIRST DEGREE
36110568,POSTOPERATIVE WOUND INFECTION
35506747,HYPERPARATHYROIDISM SECONDARY
36918926,READING DISORDER
36314556,TUBERCULIN TEST POSITIVE
35708124,FREQUENT BOWEL MOVEMENTS
35606824,CATARACT
36718372,BURNING SENSATION
36718463,POLYNEUROPATHY
36312087,BLOOD PRESSURE SYSTOLIC INCREASED
37320114,PAIN OF SKIN
35708598,ORAL INFECTION
35607121,EYE INFLAMMATION
37119783,VULVOVAGINAL PAIN
35909451,GALLBLADDER CHOLESTEROLOSIS
35104101,APLASTIC ANAEMIA
35707975,STRONGYLOIDIASIS
37320246,SKIN MASS
35205182,ANGINA UNSTABLE
36110257,PNEUMONIA PNEUMOCOCCAL
36516860,COGWHEEL RIGIDITY
35809104,Gait disturbance
35104323,Leukaemia
37521612,Abortion induced
35406310,Ear infection
35809147,Multi-organ disorder
36312573,Blood lactate dehydrogenase increased
36316455,Blood osmolarity decreased
35809343,Paradoxical drug reaction
37019449,NOCTURIA
36617537,Ovarian cyst
36211477,Drug dispensing error
36416706,Vitamin D deficiency
37622471,Pelvic venous thrombosis
42889572,Exposure via direct contact
35205113,Tricuspid valve incompetence
36919194,Libido decreased
37219953,Increased upper airway secretion
37520685,Limb operation
36316279,Drug screen negative
35607082,Blepharitis
36617836,Non-small cell lung cancer
36617485,Metastatic renal cell carcinoma
36718562,Sleep phase rhythm disturbance
35707688,Gingival infection
37420567,Contraindication to medical treatment
37119623,GENITAL HAEMORRHAGE
35708624,ORAL MUCOSAL EXFOLIATION
36919016,FOOD AVERSION
35607430,RETINOPATHY
36718335,MOTOR DYSFUNCTION
36211136,UPPER LIMB FRACTURE
37320223,DECUBITUS ULCER
37019351,RENAL ARTERY STENOSIS
37622486,HAEMODYNAMIC INSTABILITY
35205181,ANGINA PECTORIS
36211677,POST PROCEDURAL COMPLICATION
36211183,POISONING
36919196,LIBIDO INCREASED
37119607,BENIGN PROSTATIC HYPERPLASIA
37622386,AORTIC DISSECTION
36919131,POLYSUBSTANCE DEPENDENCE
36211757,BLADDER PERFORATION
36919050,Mood altered
37622529,Hypertension
35506609,Diabetes mellitus
36718124,Periventricular leukomalacia
36617894,Lung neoplasm malignant
35607096,Eyelid oedema
36315270,Body temperature decreased
35506689,Diabetes insipidus
36718007,EMBOLIC STROKE
36315363,RESPIRATORY RATE DECREASED
37219961,SNORING
36110298,CHLAMYDIAL INFECTION
36110224,PNEUMONIA STAPHYLOCOCCAL
36718379,Paraesthesia
36009783,Urticaria
35809151,Night sweats
36311824,Ejection fraction decreased
35708204,Procedural nausea
36009886,Multiple chemical sensitivity
35104186,Blood disorder
36516828,Psoriatic arthropathy
36211689,Procedural complication
36313573,Gamma-glutamyltransferase increased
35506637,Hypoglycaemia neonatal
35708275,Erosive duodenitis
35707540,Incisional hernia
37220027,Nasal septum perforation
35506613,Gestational diabetes
36617945,Skin cancer
36314851,Arthroscopy
35104158,Antiphospholipid syndrome
35205171,Coronary artery restenosis
36718355,Drooling
36110479,Brain abscess
36110977,Polyomavirus-associated nephropathy
35205383,Cardiac tamponade
35104104,Bone marrow toxicity
37521169,Stem cell transplant
36211087,Joint hyperextension
35808947,Infusion site pustule
36517125,Synovitis
36314855,Bone density abnormal
37019303,Renal tubular disorder
35205041,Dyspnoea paroxysmal nocturnal
35707573,Anal inflammation
37219930,Painful respiration
37219823,Pulmonary granuloma
36617754,Paranasal cyst
36918944,Dysthymic disorder
37219948,Respiratory tract inflammation
37219878,Pulmonary artery dilatation
35808861,Catheter site related reaction
35707891,Rectal abscess
35809141,Local reaction
35708069,Gastroenteritis radiation
36211697,Shunt occlusion
36718378,Lhermitte's sign
36211070,Impacted fracture
35909464,Gallbladder polyp
36918898,Social phobia
35104574,Adult T-cell lymphoma/leukaemia
35606920,Dacryostenosis acquired
36919183,ERECTILE DYSFUNCTION
36316137,ANTICONVULSANT DRUG LEVEL BELOW THERAPEUTIC
35305938,LIMB REDUCTION DEFECT
36918934,POVERTY OF SPEECH
37119537,MENOPAUSAL SYMPTOMS
35809368,DRUG WITHDRAWAL HEADACHE
36516882,COMPARTMENT SYNDROME
35607169,EPISCLERITIS
35607464,CHROMATOPSIA
36211342,BLADDER INJURY
35606930,GROWTH OF EYELASHES
35606827,CATARACT SUBCAPSULAR
37520662,ROTATOR CUFF REPAIR
37119780,VULVOVAGINAL BURNING SENSATION
35707842,OESOPHAGEAL DILATATION
35708337,GASTROINTESTINAL TELANGIECTASIA
36718305,DYSPRAXIA
36718405,PHARYNGEAL HYPOAESTHESIA
35205015,CARDIAC INFECTION
36211189,TOBACCO POISONING
42890591,GRIEF REACTION
42889375,DEVICE DEPLOYMENT ISSUE
35808876,IMPLANT SITE DISCHARGE
37019246,BLADDER NECK OBSTRUCTION
35205331,MYOCARDIAL OEDEMA
35809012,INJECTION SITE PUSTULE
36211626,POST LAMINECTOMY SYNDROME
36919130,NICOTINE DEPENDENCE
37320126,Skin induration
36919123,Alcohol abuse
36517011,Fibroma
36009850,PEMPHIGOID
36718326,Central nervous system lesion
36416563,Hypocalcaemia
36110534,Abscess
36009850,Pemphigoid
36818640,Abortion threatened
35707689,Gingival pain
36516812,Arthralgia
42890512,Seizure like phenomena
36416637,Hypertriglyceridaemia
37220046,Pharyngeal haemorrhage
36918951,Feeling guilty
37219785,Bronchial disorder
37119717,Uterine enlargement
36312237,Insulin-like growth factor increased
42890323,Sputum increased
37019394,Bladder spasm
35707895,Campylobacter gastroenteritis
36918855,Generalised anxiety disorder
36009716,Nephritis allergic
35708259,Oesophageal stenosis
37219852,Bronchopleural fistula
36110976,JC virus infection
36516963,Chest wall mass
37219978,Pulmonary hilum mass
36315606,GLOMERULAR FILTRATION RATE DECREASED
43054090,Squamous cell carcinoma of lung
36110257,Pneumonia pneumococcal
36516984,Axillary mass
36718509,Convulsion neonatal
37520708,Breast prosthesis removal
37320284,Sweat gland disorder
35607334,Vitreous detachment
36312883,Biopsy bone marrow abnormal
36718028,Thalamus haemorrhage
35808885,Implant site haemorrhage
35607368,Retinal depigmentation
35205257,Left ventricular failure
36718173,Anterograde amnesia
36110684,SUBCUTANEOUS ABSCESS
37522255,RESUSCITATION
36211690,PROCEDURAL HYPERTENSION
36718015,ISCHAEMIC CEREBRAL INFARCTION
37520665,SYNOVECTOMY
37420484,LEGAL PROBLEM
42889280,ORAL MUCOSAL BLISTERING
35305898,MICROGNATHIA
35708282,GASTRIC ULCER PERFORATION
37219843,PULMONARY CAVITATION
35607495,OPTIC NEUROPATHY
42889673,UTERINE PERFORATION
35506503,DIABETIC FOOT
37522292,WOUND TREATMENT
35708756,TONGUE EXFOLIATION
36918846,ADJUSTMENT DISORDER
37522241,PROLAPSE REPAIR
35809090,HANGOVER
37119601,SCROTAL PAIN
37622397,AORTIC STENOSIS
37521140,PLASMAPHERESIS
35305397,CONGENITAL ARTERIAL MALFORMATION
35707908,GASTROENTERITIS ESCHERICHIA COLI
35305411,INTERRUPTION OF AORTIC ARCH
36313128,ANTI-ERYTHROPOIETIN ANTIBODY POSITIVE
36516799,JOINT ANKYLOSIS
35205209,ENDOCARDITIS STAPHYLOCOCCAL
36110766,DISSEMINATED TUBERCULOSIS
35205129,EBSTEIN'S ANOMALY
36818702,UTERINE HYPOTONUS
36718124,PERIVENTRICULAR LEUKOMALACIA
35306086,CONGENITAL HYDROCEPHALUS
35708178,HYPOPHAGIA
36919204,HYPNAGOGIC HALLUCINATION
36516906,INTERVERTEBRAL DISC DISPLACEMENT
36818670,TRANSVERSE PRESENTATION
37520760,MITRAL VALVE REPLACEMENT
35607337,VITREOUS OPACITIES
35104794,SPLENIC GRANULOMA
36110525,TUBO-OVARIAN ABSCESS
36313721,CELL MARKER INCREASED
35809390,FAT NECROSIS
42890048,ESCHERICHIA TEST POSITIVE
35104242,CASTLEMAN'S DISEASE
42889315,CHEMICAL PERITONITIS
36617516,URETHRAL CANCER
42890381,MOTOR DEVELOPMENTAL DELAY
36314237,BLOOD KETONE BODY
42889192,AGE-RELATED MACULAR DEGENERATION
42890469,SLOW SPEECH
36313504,HEPATOBILIARY SCAN ABNORMAL
37520843,KERATOMILEUSIS
35305971,CAUDAL REGRESSION SYNDROME
36312385,BLOOD TESTOSTERONE FREE DECREASED
42890319,CENTRAL NERVOUS SYSTEM HAEMORRHAGE
36617282,GERM CELL CANCER
35506752,HYPOPARATHYROIDISM SECONDARY
42889091,MICROPENIS
36617248,INTRAVASCULAR PAPILLARY ENDOTHELIAL HYPERPLASIA
36718564,Narcolepsy
35808883,Implant site fibrosis
42890298,Vulvovaginal swelling
36211755,Iron overload
36818629,ABORTION INCOMPLETE
36516808,PERIARTHRITIS
35707809,INTESTINAL FISTULA
35607457,ASTIGMATISM
36009693,ALLERGY TO ARTHROPOD STING
35809110,APPARENT DEATH
37420353,LIFE EXPECTANCY SHORTENED
35205120,DEXTROCARDIA
37521418,VARICOCELE REPAIR
36211771,URINARY RETENTION POSTOPERATIVE
36617239,METASTASES TO THE MEDIASTINUM
36617555,Bartholin's cyst
36311912,Electrocardiogram Q wave abnormal
36316135,Anticonvulsant drug level abnormal
35506510,Diabetic gastroparesis
35205093,Mitral valve hypoplasia
36818768,Renal failure neonatal
36516893,Elbow deformity
37521503,Craniotomy
35909521,Subacute hepatic failure
42888943,Hypofibrinogenaemia
37320169,Nikolsky's sign
37520651,Joint surgery
35205060,Aortic valve atresia
35707797,Colonic fistula
36009745,Perfume sensitivity
42889383,Pump reservoir issue
37119581,PENILE NECROSIS
35305673,Gastrointestinal malformation
37521153,Anticoagulant therapy
36316357,BLOOD COPPER DECREASED
35305968,Scaphocephaly
36110763,Bone tuberculosis
36313504,Hepatobiliary scan abnormal
36416689,HYPERALBUMINAEMIA
37019428,Hyperoxaluria
42889073,Skeletal dysplasia
35607071,Cyclitis
36312348,Blood antidiuretic hormone increased
37521672,Colporrhaphy
37520698,Malignant breast lump removal
36718438,Adrenergic syndrome
35104880,GRANULOCYTOPENIA NEONATAL
36312524,ALPHA HYDROXYBUTYRATE DEHYDROGENASE INCREASED
42889378,Device inversion
35305962,Foramen magnum stenosis
35204948,TACHYCARDIA
35205037,SYNCOPE
36009776,SEASONAL ALLERGY
35909503,LIVER INJURY
35406368,HEARING IMPAIRED
35104378,CHRONIC MYELOID LEUKAEMIA
35607450,VISUAL ACUITY REDUCED
36315697,URINE ANALYSIS ABNORMAL
36517150,TENDON PAIN
35607429,RETINAL EXUDATES
36211100,FIBULA FRACTURE
35205113,TRICUSPID VALVE INCOMPETENCE
36110852,ADENOVIRUS INFECTION
35708031,PERITONITIS BACTERIAL
35205388,PERICARDIAL EFFUSION
35204977,TORSADE DE POINTES
36718233,MONOPARESIS
35104103,BONE MARROW FAILURE
37219826,ATELECTASIS
35606961,EYE DISORDER
35707862,SMALL INTESTINAL HAEMORRHAGE
36919044,ELEVATED MOOD
36110687,ACUTE SINUSITIS
35909635,HEPATIC NEOPLASM
37320232,SKIN HYPERPIGMENTATION
35808816,APPLICATION SITE PAIN
37622435,RAYNAUD'S PHENOMENON
35708344,INTESTINAL ISCHAEMIA
35708597,ORAL HERPES
35205124,TRANSPOSITION OF THE GREAT VESSELS
37320150,NEURODERMATITIS
36617222,METASTASES TO KIDNEY
35506580,DYSFUNCTIONAL UTERINE BLEEDING
36818766,NEONATAL DISORDER
36416518,Increased appetite
36718370,Tic
35809305,Product substitution issue
37420427,Family stress
36919047,Euphoric mood
37119607,Benign prostatic hyperplasia
36718571,Sudden onset of sleep
36110751,Mycobacterium avium complex infection
36718319,POSTICTAL STATE
36617250,BENIGN NEOPLASM
36718080,FACIAL SPASM
37622449,Hypotension
37219874,Pulmonary thrombosis
35708609,Throat irritation
36313277,Red blood cell count increased
35305423,Gastrointestinal arteriovenous malformation
37622542,Bleeding varicose vein
35809013,Injection site rash
36717969,Myelitis transverse
35909501,Liver disorder
35808986,Injection site inflammation
37320088,Keloid scar
36009685,Allergic cough
43053814,Adenocarcinoma gastric
35809251,Suprapubic pain
42890828,Embolism arterial
36718070,Cranial nerve disorder
36314008,LOW DENSITY LIPOPROTEIN DECREASED
35305969,SKULL MALFORMATION
35606965,EYE SWELLING
35909568,PORTAL VEIN THROMBOSIS
36211215,CONCUSSION
35708554,CHEILITIS
35406361,DEAFNESS NEUROSENSORY
35708730,GLOSSITIS
37119782,VULVOVAGINAL DRYNESS
36110591,LUNG INFECTION
36315262,BODY HEIGHT DECREASED
35305705,CLEFT LIP AND PALATE
35909607,CHRONIC HEPATITIS
35506613,GESTATIONAL DIABETES
36617436,RENAL CYST
36919069,HOSTILITY
35708100,Constipation
35809170,Unevaluable event
36718218,Tardive dyskinesia
35104123,Increased tendency to bruise
35708162,Oesophageal pain
36311887,Catheterisation cardiac
42889231,Gastric mucosa erythema
36516982,Weight bearing difficulty
36718421,DYSPHEMIA
36617374,BRAIN CANCER METASTATIC
35306067,ARNOLD-CHIARI MALFORMATION
35205034,Palpitations
36617295,Malignant neoplasm progression
36312087,Blood pressure systolic increased
36211280,Accident
35708174,Faecal incontinence
35909624,Hepatocellular injury
43053808,Injection site bruising
36919054,Apathy
36211288,Asphyxia
37520633,Arthrodesis
35707579,Rectal discharge
36516988,Groin pain
36211500,Anaesthetic complication neurological
37622418,Venous occlusion
36314113,Oxygen consumption decreased
35204911,Bundle branch block left
35104897,WHITE BLOOD CELL DISORDER
36314765,Viral load increased
36818844,Unintended pregnancy
35104532,Mantle cell lymphoma
36718434,Speech disorder developmental
37521183,Artificial crown procedure
36009735,Dermatitis contact
36312648,Lipase increased
36211624,Periprosthetic fracture
36311823,Ejection fraction abnormal
36718012,Intracranial haematoma
36211068,Fracture nonunion
35607345,Papilloedema
37520867,Vitrectomy
37320151,Perivascular dermatitis
35808963,Injection site atrophy
36313326,Basophil count increased
37220020,Nasal mucosal disorder
35707803,Enterovesical fistula
36818632,Abortion missed
36314886,Myoglobin blood increased
37520655,Meniscus operation
35506597,Premature menopause
37521330,Adenoidectomy
36110608,Orchitis
37220009,Nasal inflammation
35809276,Product dropper issue
35607310,Pupillary reflex impaired
35708258,Oesophageal obstruction
36110504,Cervicitis
35306151,Congenital cystic kidney disease
37522013,Drug detoxification
37019338,Renal atrophy
37522220,OFF LABEL USE
35808765,Oral administration complication
35809255,Product contamination microbial
37019434,Leukocyturia
36313085,PROTHROMBIN LEVEL DECREASED
36313153,RED BLOOD CELL SEDIMENTATION RATE INCREASED
36314494,BLOOD CULTURE POSITIVE
36718589,NEUROGENIC BLADDER
36516770,COLLAGEN DISORDER
36211212,BRAIN CONTUSION
35708742,TONGUE INJURY
35607452,ACCOMMODATION DISORDER
37019372,URETERIC STENOSIS
35104336,ACUTE LEUKAEMIA
36211157,CARBON MONOXIDE POISONING
36313326,BASOPHIL COUNT INCREASED
35606968,EYELIDS PRURITUS
36818672,ARRESTED LABOUR
37320302,ONYCHALGIA
36718173,ANTEROGRADE AMNESIA
35708191,PORTAL VENOUS GAS
36110554,INFECTION SUSCEPTIBILITY INCREASED
35205187,KOUNIS SYNDROME
36313345,DIFFERENTIAL WHITE BLOOD CELL COUNT ABNORMAL
42889471,Product quality control issue
35909601,Pneumobilia
37119652,Retrograde ejaculation
36110712,TRACHEOBRONCHITIS
37320310,HAIR COLOUR CHANGES
36110708,Sinusitis
36416572,Hyperphosphataemia
37019404,Stress urinary incontinence
36009814,Cutaneous lupus erythematosus
37119487,Breast discomfort
35909509,HYPERAMMONAEMIA
37019319,Renal failure acute
42890086,Staphylococcus test positive
36718324,Stupor
35506636,Hypoglycaemia
35809084,Feeling cold
37219905,Hypoxia
35708536,Adenocarcinoma pancreas
35707907,Gastroenteritis
36110392,Pulmonary mycosis
35809213,Oedema mucosal
36718269,Extensor plantar response
35607123,Eye pruritus
35104171,Factor VIII inhibition
36316194,Immunosuppressant drug level decreased
36211213,Brain herniation
35607053,Keratitis
37220025,Nasal septum deviation
37521192,Endodontic procedure
36313358,Eosinophil percentage increased
35808832,Application site warmth
36314196,Haptoglobin decreased
36516894,Finger deformity
36718604,Syringomyelia
36818757,Respiratory disorder neonatal
36315288,Emergency care examination
35506744,Hypercalciuria
36312552,Troponin T increased
35809365,Alcohol withdrawal syndrome
36718348,Agitation neonatal
35708190,Pneumatosis intestinalis
37119482,Breast inflammation
36416599,Hypernatraemia
36311961,QRS axis abnormal
35607486,Hemianopia
36110075,Urinary tract infection bacterial
35708062,Caecitis
37521614,Selective abortion
36110852,Adenovirus infection
36312611,Amniotic fluid volume decreased
35607418,Retinal vascular disorder
35708680,Retroperitoneal fibrosis
35809354,Therapeutic response delayed
35708316,Oesophageal perforation
36110419,Pneumocystis jiroveci pneumonia
36110675,Pilonidal cyst
36211176,Myopathy toxic
35104283,Paroxysmal nocturnal haemoglobinuria
35808840,Instillation site pain
37019358,RENAL TUBULAR NECROSIS
36315256,APGAR SCORE LOW
36110125,ESCHERICHIA URINARY TRACT INFECTION
36313342,CD8 LYMPHOCYTES DECREASED
36314312,URINE KETONE BODY PRESENT
36009713,MULTIPLE ALLERGIES
35808924,INFUSION SITE ERYTHEMA
37520652,KNEE ARTHROPLASTY
36314522,CULTURE WOUND POSITIVE
35607027,CONJUNCTIVAL HYPERAEMIA
36314128,PO2 DECREASED
35104693,THROMBOCYTOPENIC PURPURA
35808978,INJECTION SITE EXTRAVASATION
35607148,PERIORBITAL CELLULITIS
36312617,FOETAL HEART RATE DECREASED
35205137,PULMONARY ARTERY ATRESIA
35104078,ANAEMIA POSTOPERATIVE
35708330,GASTROINTESTINAL MUCOSAL NECROSIS
35909425,BILE DUCT OBSTRUCTION
36416561,CHONDROCALCINOSIS PYROPHOSPHATE
37622513,ARTERIAL HAEMORRHAGE
36211080,TRAUMATIC FRACTURE
36211458,BURNS THIRD DEGREE
36211467,INCORRECT DRUG ADMINISTRATION RATE
35104762,LYMPHOCELE
35809248,PROCEDURAL PAIN
37521018,INTESTINAL RESECTION
37522373,VENA CAVA FILTER INSERTION
36718544,ABNORMAL SLEEP-RELATED EVENT
36316151,ANTIPSYCHOTIC DRUG LEVEL ABOVE THERAPEUTIC
35104803,SPLENIC LESION
36718604,SYRINGOMYELIA
37119638,GENITAL ERYTHEMA
36315738,WHITE BLOOD CELLS URINE
36718399,LOSS OF PROPRIOCEPTION
36416555,RESORPTION BONE INCREASED
35506487,BENIGN NEOPLASM OF ADRENAL GLAND
35708751,TONGUE BLISTERING
36516787,SACROILIITIS
36617555,BARTHOLIN'S CYST
36516802,JOINT DESTRUCTION
35707803,ENTEROVESICAL FISTULA
36110140,HAEMOPHILUS INFECTION
36718091,HYPOSMIA
36313965,INVESTIGATION
37119640,GENITAL RASH
35607144,CELLULITIS ORBITAL
36313781,INTERLEUKIN LEVEL INCREASED
35909606,CHOLESTATIC LIVER INJURY
37521486,PERIPHERAL NERVE OPERATION
37119584,PENILE SIZE REDUCED
36718183,TACHYPHRENIA
35808937,INFUSION SITE MASS
36313866,SKIN TEST NEGATIVE
35104884,NEUTROPENIA NEONATAL
36314764,VIRAL LOAD DECREASED
35808897,IMPLANT SITE OEDEMA
36009898,LUNG TRANSPLANT REJECTION
36312381,BLOOD TESTOSTERONE ABNORMAL
36315777,CYSTOSCOPY
36009876,Engraftment syndrome
36818772,Umbilical cord around neck
37522352,Thromboembolectomy
45885648,Spontaneous haemorrhage
37521122,Blood product transfusion
35809276,PRODUCT DROPPER ISSUE
42890425,URINE PHOSPHORUS INCREASED
35104184,PURPURA SENILE
35104100,APLASIA PURE RED CELL
36717962,Encephalitis
37119628,Reproductive tract disorder
35305960,Craniosynostosis
36314723,Human herpes virus 6 serology positive
35104785,Metastases to spleen
36009711,HYPERSENSITIVITY
36718006,Embolic cerebral infarction
35809114,CONCOMITANT DISEASE PROGRESSION
37521877,SKIN GRAFT
37219964,UPPER RESPIRATORY TRACT CONGESTION
35406381,MENIERE'S DISEASE
36718450,AMYOTROPHIC LATERAL SCLEROSIS
37521157,BONE MARROW TRANSPLANT
36617158,FIBROCYSTIC BREAST DISEASE
36516790,CHONDROCALCINOSIS
37520728,CARDIAC ABLATION
42889316,NONINFECTIOUS PERITONITIS
35506800,Post procedural hypothyroidism
37521541,SPINAL NERVE STIMULATOR IMPLANTATION
37420442,SEXUAL RELATIONSHIP CHANGE
37521940,TENDON SHEATH LESION EXCISION
35707500,ENTEROCELE
36211400,Spinal cord haemorrhage
36517098,Sarcoma metastatic
36312485,Thyroxine free decreased
35809193,Enanthema
36315267,Body mass index increased
36919169,Orgasmic sensation decreased
36918900,Compulsions
35707640,Malocclusion
36315777,Cystoscopy
36313637,Anti-insulin antibody positive
36718374,Dysaesthesia pharynx
42889316,Noninfectious peritonitis
37220063,Tonsillar ulcer
36110757,Mycobacterium ulcerans infection
36211336,Peripheral nerve injury
35305508,Heterotaxia
35506604,TESTICULAR FAILURE
35809316,RADIATION INTERACTION
42889654,MUSCLE OEDEMA
43054146,Romberg test positive
36718487,Ulnar nerve palsy
36516756,Secondary sequestrum
35205087,Congenital mitral valve stenosis
36009911,Pulmonary vasculitis
37520621,EXTERNAL FIXATION OF FRACTURE
36818775,Umbilical cord short
35306093,PERIVENTRICULAR NODULAR HETEROTOPIA
35707822,Enterochromaffin cell hyperplasia
37520869,Blepharoplasty
35406410,MASTOID EFFUSION
37219850,ACUTE RESPIRATORY DISTRESS SYNDROME
36718199,DYSKINESIA
36009880,IMMUNE SYSTEM DISORDER
35708164,ABDOMINAL DISCOMFORT
35607130,OCULAR HYPERAEMIA
36313221,HAEMATOCRIT DECREASED
35506636,HYPOGLYCAEMIA
36516858,RESTLESS LEGS SYNDROME
37522270,SURGERY
35809019,INJECTION SITE SWELLING
35909521,SUBACUTE HEPATIC FAILURE
36009756,ANAPHYLACTIC REACTION
35909593,HEPATIC PAIN
35707700,DIVERTICULITIS
36918968,DELUSION
37420355,MENOPAUSE
35708110,INTESTINAL DILATATION
35809075,Decreased activity
35607485,VISUAL IMPAIRMENT
35708156,ABDOMINAL PAIN UPPER
36617300,NEOPLASM MALIGNANT
35607157,MACULAR OEDEMA
35104860,MONOCYTOSIS
35708641,ORAL MUCOSA EROSION
42889650,TRAUMATIC LUNG INJURY
36211109,PELVIC FRACTURE
35104236,HISTIOCYTOSIS HAEMATOPHAGIC
36818805,POSTPARTUM HAEMORRHAGE
36919075,PARANOIA
35707607,RECTAL POLYP
35707852,MALLORY-WEISS SYNDROME
36718606,BRAIN INJURY
35707508,RECTOCELE
35707843,OESOPHAGEAL DISORDER
35205029,Haemoptysis
42889398,Device difficult to use
36718008,Haemorrhage intracranial
36918905,Panic disorder
36315272,Body temperature increased
35809088,Feeling of body temperature change
36315157,Intraocular pressure test abnormal
36617756,SINUS POLYP
36617936,BOWEN'S DISEASE
35104304,HYPERBILIRUBINAEMIA
35708277,GASTRIC PERFORATION
35306246,CYSTIC FIBROSIS
35708687,RETROPERITONEAL HAEMATOMA
37622460,Thrombosis
37320215,Rash maculo-papular
37219909,Productive cough
35909645,Bile duct cancer
35205180,Acute myocardial infarction
35707833,Hyperchlorhydria
36110110,Enterobacter infection
42889503,Granulomatosis with polyangiitis
36313032,Fibrin D dimer increased
36516885,Muscle necrosis
43562832,Developmental hip dysplasia
35607027,Conjunctival hyperaemia
35707675,Gingival disorder
35506540,Microalbuminuria
36517135,Osteochondrosis
35808820,Application site perspiration
36009689,ALLERGIC SINUSITIS
37622492,POOR VENOUS ACCESS
35809138,INFLUENZA LIKE ILLNESS
35708584,MOUTH HAEMORRHAGE
36211594,MEDICAL DEVICE COMPLICATION
36718442,AUTONOMIC NEUROPATHY
35707839,CREST SYNDROME
36516831,SPONDYLOARTHROPATHY
35809079,Malaise
37522220,Off label use
35809142,Local swelling
36211123,Spinal fracture
35104833,Eosinophilic myocarditis
37521144,Transfusion
35909682,Metastases to liver
35606946,Dry eye
36718556,Middle insomnia
35104161,Coagulopathy
36009880,Immune system disorder
35707862,Small intestinal haemorrhage
35607157,Macular oedema
36312234,Hormone level abnormal
36110371,Fungal skin infection
37420588,TREATMENT NONCOMPLIANCE
35708303,INTESTINAL ULCER
37622418,VENOUS OCCLUSION
35606980,RETINAL DISORDER
37119497,NIPPLE PAIN
36919149,Psychotic disorder
35809112,Cold sweat
35809087,Feeling jittery
35809319,Adverse drug reaction
35708119,Gastrointestinal motility disorder
35607320,Photophobia
36516959,Pain in extremity
35708667,Pneumoperitoneum
36211296,Excoriation
36009773,Rhinitis allergic
35808822,Application site pruritus
36315363,Respiratory rate decreased
36312857,Full blood count increased
35809080,Sluggishness
35708593,Oral candidiasis
35607029,Conjunctival oedema
36110951,Papilloma viral infection
36919197,Loss of libido
35808809,Application site inflammation
36918874,Fear of disease
36918990,"Hallucination, visual"
36416513,Appetite disorder
37019267,Vesicoureteric reflux
35708103,GASTRIC DILATATION
35607130,Ocular hyperaemia
36315754,Urine output decreased
36617304,Squamous cell carcinoma
37119645,Pruritus genital
35909571,Venoocclusive liver disease
37622494,Vascular calcification
37522210,Medical device removal
36211402,Spinal cord injury
37219919,Pleuritic pain
36211287,Arthropod sting
35707576,Anorectal discomfort
35205282,Ischaemic cardiomyopathy
35909610,Granulomatous liver disease
36211691,Procedural hypotension
35104078,Anaemia postoperative
35909418,Cholangitis
35607494,Optic nerve disorder
35707650,Tooth erosion
36211342,Bladder injury
35909463,Gallbladder perforation
36009816,Lupus nephritis
37420533,Learning disability
35909564,Portal hypertension
35104701,Anisocytosis
35306235,Congenital nose malformation
36314116,Oxygen saturation abnormal
36617237,Metastases to skin
35707508,Rectocele
35808827,Application site scar
37019368,Ureteric dilatation
36211626,Post laminectomy syndrome
35205000,Foetal cardiac disorder
35808970,INJECTION SITE DISCOLOURATION
36312856,FULL BLOOD COUNT DECREASED
37219807,OBSTRUCTIVE AIRWAYS DISORDER
36315755,URINE OUTPUT INCREASED
35707867,INTRA-ABDOMINAL HAEMORRHAGE
36718137,TENSION HEADACHE
35909437,DILATATION INTRAHEPATIC DUCT ACQUIRED
37520706,BREAST OPERATION
37522188,INCISIONAL DRAINAGE
36718591,RADICULAR PAIN
37019364,URETERAL DISORDER
36110119,URINARY TRACT INFECTION ENTEROCOCCAL
36918864,AGORAPHOBIA
36718070,CRANIAL NERVE DISORDER
36110887,EPSTEIN-BARR VIRAEMIA
35707566,RECTAL FISSURE
36313468,T-LYMPHOCYTE COUNT INCREASED
36110627,Psoas abscess
35707780,NEUROGENIC BOWEL
36617932,Superficial spreading melanoma stage unspecified
42889261,CARBOHYDRATE INTOLERANCE
35708208,Vomiting
36818833,Pregnancy
36211481,Medication error
35606928,Eyelid exfoliation
36818783,Oligohydramnios
35809152,Nonspecific reaction
35607472,GLARE
36718256,PARKINSON'S DISEASE
36211097,Ankle fracture
36311918,Electrocardiogram QRS complex prolonged
36009819,Lupus-like syndrome
37119550,Polymenorrhoea
36718507,Petit mal epilepsy
35305488,Foetal anticonvulsant syndrome
35205039,DYSPNOEA AT REST
36919059,Aggression
36110530,Vaginal infection
36617163,Breast cancer female
35204981,Ventricular fibrillation
35809188,Serositis
36110590,Lung abscess
36818708,Pre-eclampsia
35406394,Vertigo positional
35809290,Product shape issue
36009955,Secondary immunodeficiency
36919154,Schizoaffective disorder
37521030,Hernia repair
36718498,Neuritis
36516796,Facet joint syndrome
35305965,Microcephaly
36918935,Pressure of speech
35205319,Dilatation ventricular
37219880,Pulmonary vascular disorder
37219969,Diaphragmatic disorder
35104102,Bicytopenia
36517108,Bone neoplasm
35205095,Mitral valve prolapse
35506807,Thyroid adenoma
37522208,Medical device change
35708183,Merycism
42889335,Injection site granuloma
36313739,Prostatic specific antigen abnormal
42890324,Use of accessory respiratory muscles
35607489,Scotoma
35607491,Uhthoff's phenomenon
35305920,Congenital foot malformation
35305882,Cleft lip
45885677,Transplant dysfunction
35808800,APPLICATION SITE ERYTHEMA
35809062,Drowning
35305512,MULTIPLE CONGENITAL ABNORMALITIES
36919231,INTENTIONAL SELF-INJURY
36315574,BLOOD CREATININE DECREASED
37420472,VICTIM OF HOMICIDE
37520643,JOINT ARTHROPLASTY
36516885,MUSCLE NECROSIS
36211604,TRACHEOMALACIA
37219886,BRADYPNOEA
36110917,HERPES VIRUS INFECTION
35808971,INJECTION SITE DISCOMFORT
36009834,RHEUMATOID LUNG
36009824,SYSTEMIC LUPUS ERYTHEMATOSUS RASH
36718329,CEREBRAL DISORDER
35909440,VANISHING BILE DUCT SYNDROME
36312321,BLOOD GROWTH HORMONE INCREASED
36109991,POST HERPETIC NEURALGIA
37622464,AXILLARY VEIN THROMBOSIS
36516872,TORTICOLLIS
35305548,MICROTIA
37522138,CYST REMOVAL
36110683,SOFT TISSUE INFECTION
37521503,CRANIOTOMY
35506641,HYPOGLYCAEMIC SEIZURE
36312237,INSULIN-LIKE GROWTH FACTOR INCREASED
37320151,PERIVASCULAR DERMATITIS
35707722,PANCREATITIS RELAPSING
36718168,VASCULAR DEMENTIA
35809016,INJECTION SITE SCAB
36211520,BLUE TOE SYNDROME
36313976,QUALITY OF LIFE DECREASED
36919007,PERSEVERATION
37220046,PHARYNGEAL HAEMORRHAGE
35909628,MIXED LIVER INJURY
35708173,ENCOPRESIS
35708627,OROPHARYNGEAL DISCOMFORT
36211694,SEROMA
36110778,RENAL TUBERCULOSIS
42888924,MONOCLONAL GAMMOPATHY
36315199,Visual acuity tests abnormal
37521170,Thrombolysis
37219802,Bronchospasm paradoxical
35506602,Hypogonadism male
36718226,Spasmodic dysphonia
36315542,Pyroglutamate increased
35104723,ADENOIDITIS
37119486,BREAST DISCOLOURATION
35205285,PERIPARTUM CARDIOMYOPATHY
36718226,SPASMODIC DYSPHONIA
35305425,Haemorrhagic arteriovenous malformation
36516943,Rib deformity
42890539,Dropped head syndrome
37521589,SALPINGECTOMY
36313436,Neutrophil count decreased
36314494,Blood culture positive
37521523,Intervertebral disc operation
36818711,Complication of pregnancy
37520646,Joint injection
35809003,INJECTION SITE NODULE
36918848,ADJUSTMENT DISORDER WITH DEPRESSED MOOD
35909421,CHOLANGITIS SCLEROSING
35808828,APPLICATION SITE SWELLING
36617822,LUNG ADENOCARCINOMA METASTATIC
35809337,IMMEDIATE POST-INJECTION REACTION
36109964,BACTERIAL DISEASE CARRIER
35809396,DENERVATION ATROPHY
35104398,MYELODYSPLASTIC SYNDROME TRANSFORMATION
35707834,HYPERGASTRINAEMIA
42890167,SUPERIOR VENA CAVA SYNDROME
35104305,Intravascular haemolysis
37521795,LUNG TRANSPLANT
35506452,HYPERCORTICOIDISM
36516915,Nose deformity
36313529,AMMONIA INCREASED
35104299,MICROANGIOPATHIC HAEMOLYTIC ANAEMIA
36718311,Symbolic dysfunction
36416569,Magnesium deficiency
35306127,Congenital bladder anomaly
35606993,Pigmentary glaucoma
35205277,CYTOTOXIC CARDIOMYOPATHY
42890649,METASTASES TO PELVIS
37119642,Hydrometra
36316164,Cardioactive drug level above therapeutic
36617378,Central nervous system leukaemia
37622498,Vein pain
35305696,VITELLO-INTESTINAL DUCT REMNANT
36312224,Norepinephrine increased
35104872,MONOCYTOPENIA
42890616,WALKING DISTANCE TEST ABNORMAL
35607002,IRIS NEOVASCULARISATION
37520695,BENIGN BREAST LUMP REMOVAL
36516825,Osteoarthropathy
37119674,Spermatic cord mass
42890605,MENSTRUATION NORMAL
37522318,CORONARY ARTERY BYPASS
37622529,HYPERTENSION
35708093,DIARRHOEA
36718401,NEURALGIA
35606964,EYE PAIN
36718265,TREMOR
36110584,BRONCHITIS
35306168,RENAL DYSPLASIA
36517149,TENDON DISORDER
35607096,EYELID OEDEMA
36718395,HYPOAESTHESIA
37119476,BREAST MASS
37119648,EJACULATION FAILURE
35205133,HYPOPLASTIC LEFT HEART SYNDROME
35708073,INFLAMMATORY BOWEL DISEASE
37219893,RESPIRATORY ARREST
36919051,PREMENSTRUAL SYNDROME
37320141,DERMATITIS
35607345,PAPILLOEDEMA
37622433,PERIPHERAL ISCHAEMIA
35104229,MARROW HYPERPLASIA
36110933,INFLUENZA
35104364,CHRONIC LYMPHOCYTIC LEUKAEMIA
36315270,BODY TEMPERATURE DECREASED
35205374,PERICARDITIS
36110782,TUBERCULOSIS
36918862,TENSION
36110670,INFECTED SKIN ULCER
35204959,SINUS BRADYCARDIA
37622430,INTERMITTENT CLAUDICATION
36009857,SARCOIDOSIS
35306203,HYPOSPADIAS
37520918,ABDOMINAL OPERATION
36111011,MEASLES
37119473,BREAST ENLARGEMENT
36009901,TRANSPLANT REJECTION
35205185,Chest pain
37320268,Alopecia
35809100,Abasia
35406359,Deafness
35707732,Pancreatic disorder
36718372,Burning sensation
36919202,Sexual dysfunction
36718563,Hypersomnia
45885779,Immune thrombocytopenic purpura
36110891,Dengue fever
37220014,EPISTAXIS
36110624,NECROTISING FASCIITIS
36516947,DUPUYTREN'S CONTRACTURE
37119492,Breast pain
35708690,Dry mouth
36919127,Drug abuse
37622517,Haematoma
35809325,Drug effect increased
36516815,Joint effusion
36009895,Graft versus host disease
35506574,Precocious puberty
36316185,Drug level fluctuating
35707814,Oral cavity fistula
36311928,Electrocardiogram ST segment abnormal
37320117,SCAB
37219917,INCREASED VISCOSITY OF BRONCHIAL SECRETION
35104158,ANTIPHOSPHOLIPID SYNDROME
35809369,DRUG WITHDRAWAL SYNDROME
36617334,TUMOUR FLARE
36517126,TENOSYNOVITIS STENOSANS
36211131,HAND FRACTURE
37420550,WALKING DISABILITY
36211459,THERMAL BURN
35406319,EAR PAIN
36312073,BLOOD PRESSURE DIASTOLIC DECREASED
35708701,SALIVARY GLAND DISORDER
35707753,APPENDIX DISORDER
36110541,EMPYEMA
35707716,PANCREATITIS CHRONIC
35809082,Chills
35809054,Pyrexia
36918949,Depressed mood
36009737,Drug eruption
37522181,Hospitalisation
37219960,Sneezing
35707759,Gastric disorder
36211668,Incision site complication
37119545,Metrorrhagia
42889358,Immune-mediated necrotising myopathy
36311923,Electrocardiogram QT prolonged
36516746,Osteitis
36110624,Necrotising fasciitis
36718194,Akinesia
36718478,Peroneal nerve palsy
37320237,Pigmentation disorder
36818761,Neonatal respiratory distress syndrome
35909471,Hepatitis cholestatic
37622446,SHOCK
37622491,PHLEBOLITH
36211428,HEAT STROKE
36516784,NEUROPATHIC ARTHROPATHY
37019441,PYURIA
35809115,Condition aggravated
36313965,Investigation
37220017,Nasal dryness
37320213,Rash generalised
36818688,Complication of delivery
35306086,Congenital hydrocephalus
35707861,Rectal haemorrhage
35607094,Eyelid irritation
36009748,Reaction to drug excipients
35205223,Endocarditis
36110782,Tuberculosis
42890552,Haemorrhage in pregnancy
36110125,Escherichia urinary tract infection
35406319,Ear pain
36919126,Dependence
35104897,White blood cell disorder
36009717,Panniculitis
36617153,Benign breast neoplasm
37622435,Raynaud's phenomenon
35708455,Colorectal cancer metastatic
35708159,Abdominal tenderness
37522263,Stent placement
35305671,Exomphalos
36617325,Obstructive uropathy
36211378,Neck injury
35809012,Injection site pustule
35909577,Hepatitis B
37622469,Jugular vein thrombosis
35737823,Chronic gastritis
35909513,ACUTE HEPATIC FAILURE
36311782,Heart sounds abnormal
36516922,Cervical spinal stenosis
43053875,Device use error
36110049,Meningitis bacterial
35406333,Ear canal stenosis
37622379,Aneurysm
35607359,Macular hole
36009698,Alveolitis allergic
35809212,Mucous membrane disorder
35205066,Aortic valve sclerosis
37420517,Denture wearer
36110966,Erythema infectiosum
35226895,Cardiac ventricular thrombosis
36313019,Coagulation test abnormal
43053716,Plasma cell myeloma in remission
36516926,Lordosis
35606864,Corneal opacity
35708677,Pelvic adhesions
36211295,Eschar
35708715,Parotitis
35104465,B-cell lymphoma
35306200,Cryptorchism
35104395,Chronic myelomonocytic leukaemia
37219834,LUNG INFILTRATION
35708119,GASTROINTESTINAL MOTILITY DISORDER
36416588,RENAL SALT-WASTING SYNDROME
35809407,ULCER HAEMORRHAGE
35205062,AORTIC VALVE DISEASE
36718583,HYPERTONIC BLADDER
35607488,HEMIANOPIA HOMONYMOUS
35708046,NECROTISING COLITIS
35708625,ORAL PRURITUS
35607486,HEMIANOPIA
36718371,UNRESPONSIVE TO STIMULI
36919134,BRIEF PSYCHOTIC DISORDER WITH MARKED STRESSORS
35707521,ABDOMINAL WALL HAEMATOMA
36919015,BINGE EATING
36109987,ARTHRITIS REACTIVE
37521639,OVARIAN CYSTECTOMY
37520873,EYELID OPERATION
36313044,FIBRINOLYSIS INCREASED
36516760,VERTEBRAL WEDGING
37019440,Proteinuria
35708642,STOMATITIS
35205232,FLUID OVERLOAD
36315486,C-REACTIVE PROTEIN INCREASED
36211222,Subdural haematoma
35506622,Type 2 diabetes mellitus
35205036,Presyncope
36313594,Liver function test abnormal
36254981,Extra dose administered
36617337,Tumour necrosis
36315669,Protein urine present
36311995,Pulse absent
35205235,LOCALISED OEDEMA
36818787,PLACENTA PRAEVIA
36313550,Blood bilirubin increased
36919158,Schizophrenia
37119698,Vaginal prolapse
35809313,Food interaction
35909440,Vanishing bile duct syndrome
36110243,Alpha haemolytic streptococcal infection
37522255,Resuscitation
35808997,Injection site laceration
36718272,Hyperreflexia
36718537,Partial seizures
37320265,Dermatitis acneiform
36312473,Thyroid function test abnormal
35123101,Hypersensitivity vasculitis
35104643,Non-Hodgkin's lymphoma
35406361,Deafness neurosensory
36313557,Blood cholinesterase decreased
36110687,Acute sinusitis
36314497,CSF culture positive
37019246,Bladder neck obstruction
35607340,Optic atrophy
35606980,Retinal disorder
35305663,Pyloric stenosis
42889573,Exposure via partner
36416488,Renal tubular acidosis
36919130,Nicotine dependence
36718184,Mental retardation
35707745,Pancreatic pseudocyst
45886260,Sinus node dysfunction
35306048,Brain malformation
37521659,Myomectomy
42890648,Dysplastic naevus
37219798,Bronchial hyperreactivity
35305398,Congenital coronary artery malformation
36211748,Engraft failure
35607174,Scleritis
37622489,Microangiopathy
35707677,Gingival erythema
35606867,Corneal scar
36617554,Uterine polyp
36110492,Meningitis aseptic
36718501,Peripheral motor neuropathy
36110319,Aspergillosis
35305672,Gastrointestinal disorder congenital
36009821,SLE arthritis
36315669,PROTEIN URINE PRESENT
36313448,NEUTROPHIL PERCENTAGE DECREASED
37220034,PARANASAL SINUS HYPERSECRETION
35809397,DYSPLASIA
36617388,GLIOBLASTOMA
35707901,GASTRIC INFECTION
37420527,IMMOBILE
36312335,BLOOD THYROID STIMULATING HORMONE DECREASED
35707891,RECTAL ABSCESS
36919108,PSYCHIATRIC SYMPTOM
36919038,BLUNTED AFFECT
36211116,CERVICAL VERTEBRAL FRACTURE
36211504,INADEQUATE ANALGESIA
36211680,POST PROCEDURAL HAEMATOMA
37219880,PULMONARY VASCULAR DISORDER
36718264,INTENTION TREMOR
37320152,PRURIGO
36313739,PROSTATIC SPECIFIC ANTIGEN ABNORMAL
35808765,ORAL ADMINISTRATION COMPLICATION
36919005,MORBID THOUGHTS
36818842,PREGNANCY WITH IMPLANT CONTRACEPTIVE
36918989,"HALLUCINATION, TACTILE"
36818678,INDUCED LABOUR
35606854,CORNEAL ABRASION
35305964,MACROCEPHALY
36718139,BASILAR MIGRAINE
37420470,VICTIM OF CRIME
36316194,IMMUNOSUPPRESSANT DRUG LEVEL DECREASED
35104122,HAEMORRHAGIC DISORDER
35708548,PANCREATIC CYST
36919133,TOBACCO ABUSE
36211582,COMPLICATION OF DEVICE REMOVAL
36718579,RADICULITIS LUMBOSACRAL
35606836,CONJUNCTIVAL DISORDER
35506659,SECONDARY HYPOGONADISM
36211755,IRON OVERLOAD
35809377,WITHDRAWAL SYNDROME
35809088,FEELING OF BODY TEMPERATURE CHANGE
35305551,DEAFNESS CONGENITAL
35809006,INJECTION SITE PALLOR
35707659,SENSITIVITY OF TEETH
36009946,HUMAN HERPESVIRUS 8 INFECTION
37522248,REHABILITATION THERAPY
35707751,ACUTE GRAFT VERSUS HOST DISEASE IN INTESTINE
35205101,CONGENITAL PULMONARY VALVE DISORDER
37521084,PANCREAS TRANSPLANT
36110062,PYOMYOSITIS
37520633,ARTHRODESIS
35809283,PRODUCT COLOUR ISSUE
35808796,APPLICATION SITE DISCOMFORT
35708014,FUNGAL OESOPHAGITIS
37320344,SPIDER VEIN
42889240,INTESTINAL HAEMATOMA
42889318,ULTRAFILTRATION FAILURE
36517009,ENCHONDROMA
36009732,ANALGESIC ASTHMA SYNDROME
36009688,ALLERGIC RESPIRATORY SYMPTOM
35707806,GASTROINTESTINAL FISTULA
37520638,BUNION OPERATION
35305399,CONGENITAL PULMONARY ARTERY ANOMALY
42890545,BONE DEFORMITY
35909584,HEPATITIS INFECTIOUS
36211226,TRAUMATIC INTRACRANIAL HAEMORRHAGE
37520647,JOINT IRRIGATION
35708553,CHAPPED LIPS
36818680,Obstructed labour
35809011,INJECTION SITE PRURITUS
35809073,AUTONOMIC NERVOUS SYSTEM IMBALANCE
37219954,NASAL DISCOMFORT
37521122,BLOOD PRODUCT TRANSFUSION
36009843,DERMATOMYOSITIS
36312485,THYROXINE FREE DECREASED
36211478,DRUG PRESCRIBING ERROR
35104692,THROMBOCYTOPENIA NEONATAL
35708210,VOMITING NEONATAL
36718261,ESSENTIAL TREMOR
35809255,PRODUCT CONTAMINATION MICROBIAL
35809161,PREMATURE AGEING
37521652,ENDOMETRIAL ABLATION
35205086,CONGENITAL MITRAL VALVE INCOMPETENCE
42889541,INFECTED DERMAL CYST
35606837,CONJUNCTIVAL EROSION
35506469,ADRENAL DISORDER
35808982,INJECTION SITE HYPERSENSITIVITY
35607158,NECROTISING RETINITIS
45885863,Aspirin-exacerbated respiratory disease
37521940,Tendon sheath lesion excision
37320091,Acanthosis
42889812,Faecal calprotectin increased
36314318,Blood 25-hydroxycholecalciferol increased
36312377,Blood oestrogen decreased
36718573,Cervical cord compression
36617248,Intravascular papillary endothelial hyperplasia
42890827,Distributive shock
36416567,Hypermagnesaemia
35809042,Hypothermia neonatal
36919015,Binge eating
36313383,Lymphocyte stimulation test positive
37520696,Breast cyst excision
43054017,Malignant neoplasm of unknown primary site
36718397,Intercostal neuralgia
36316357,Blood copper decreased
36516741,Jaw cyst
35104575,ADULT T-CELL LYMPHOMA/LEUKAEMIA RECURRENT
42888976,METASTATIC LYMPHOMA
36617801,Thymoma
36316173,Chemotherapeutic drug level increased
36416543,Bone atrophy
36918933,Lack of spontaneous speech
35607014,Optic nerve infarction
37521717,CYSTOCELE REPAIR
37220042,PHARYNGEAL EROSION
35607026,BLEBITIS
37520648,Joint manipulation
42890437,COMA BLISTER
45886444,ADAMTS13 activity decreased
42889365,CHRONIC GRAFT VERSUS HOST DISEASE IN SKIN
42889622,ATYPICAL FEMUR FRACTURE
42890664,Pancreatic stent placement
35708749,Strawberry tongue
35305597,Choroidal coloboma
35809325,DRUG EFFECT INCREASED
36211262,MUSCLE RUPTURE
36919045,EMOTIONAL DISORDER
35205012,HYPERTENSIVE HEART DISEASE
36416593,HYPERKALAEMIA
37320212,RASH
35204966,CARDIAC ARREST
35104074,ANAEMIA
36312077,BLOOD PRESSURE INCREASED
37119774,VAGINAL ODOUR
36110716,CYSTITIS
36918942,DEPRESSION
37320136,SWELLING FACE
36516761,BONE PAIN
36718211,MOVEMENT DISORDER
35104161,COAGULOPATHY
35708363,COELIAC DISEASE
35607414,RETINAL HAEMORRHAGE
35809331,DRUG TOLERANCE
36416551,OSTEOPOROSIS
35204961,SUPRAVENTRICULAR EXTRASYSTOLES
35104119,ECCHYMOSIS
36516786,POLYARTHRITIS
36516840,MUSCLE ATROPHY
36516751,OSTEOSCLEROSIS
36110985,RESPIRATORY SYNCYTIAL VIRUS BRONCHIOLITIS
37019309,RENAL HAEMORRHAGE
36617877,LUNG NEOPLASM
35205276,CONGESTIVE CARDIOMYOPATHY
36416563,HYPOCALCAEMIA
35707660,TOOTHACHE
35204980,VENTRICULAR EXTRASYSTOLES
35104165,DISSEMINATED INTRAVASCULAR COAGULATION
35909471,HEPATITIS CHOLESTATIC
35306275,DERMOID CYST
35809044,TEMPERATURE REGULATION DISORDER
35607082,BLEPHARITIS
36516815,JOINT EFFUSION
36311801,CARDIAC OUTPUT DECREASED
36617201,MELANOCYTIC NAEVUS
37320312,HAIR GROWTH ABNORMAL
35809075,DECREASED ACTIVITY
35205318,DILATATION ATRIAL
35707650,TOOTH EROSION
35306249,PULMONARY HYPOPLASIA
35606968,Eyelids pruritus
42890388,Papule
35607284,Nystagmus
36718320,Sedation
36009725,TYPE I HYPERSENSITIVITY
35306050,CONGENITAL CENTRAL NERVOUS SYSTEM ANOMALY
36617488,Renal cancer
36516786,Polyarthritis
36110229,Staphylococcal infection
36818660,Breech presentation
36718182,Mental impairment
37080795,Chronic kidney disease
35809156,Performance status decreased
37119656,Infertility male
35708300,Ileal ulcer
36516940,Hip deformity
43562706,Miliaria
35708748,Protrusion tongue
35204903,ATRIOVENTRICULAR BLOCK COMPLETE
36516836,FIBROMYALGIA
37622517,HAEMATOMA
36617920,MALIGNANT MELANOMA
36211385,CONTUSION
35809330,DRUG RESISTANCE
35406394,VERTIGO POSITIONAL
36009846,LINEAR IGA DISEASE
35708302,INTESTINAL PERFORATION
35104405,HODGKIN'S DISEASE
37522356,Vascular graft
35205091,MITRAL VALVE DISEASE
37119714,ENDOMETRIOSIS
35708026,FUNGAL PERITONITIS
35708519,OESOPHAGEAL CARCINOMA
36211325,WOUND
35708233,OBSTRUCTION GASTRIC
37420481,HOMICIDE
35506808,THYROID CANCER
36110581,WOUND INFECTION
37420427,FAMILY STRESS
36718525,CLONIC CONVULSION
36110492,MENINGITIS ASEPTIC
35104874,Agranulocytosis
36313176,Platelet count decreased
35808828,Application site swelling
36516841,Muscle contractions involuntary
35104351,Acute myeloid leukaemia
35607317,Eyelid sensory disorder
37219850,Acute respiratory distress syndrome
37521163,Haemodialysis
37521981,Chemotherapy
36312298,Blood parathyroid hormone increased
36918927,Communication disorder
37622472,Peripheral embolism
35205268,RIGHT VENTRICULAR FAILURE
35707865,HAEMATEMESIS
36416681,METABOLIC ENCEPHALOPATHY
35607078,UVEITIS
36516972,MUSCULOSKELETAL DISORDER
35708123,DEFAECATION URGENCY
36211629,ARACHNOIDITIS
37019305,KIDNEY FIBROSIS
35809288,Product odour abnormal
36009823,Systemic lupus erythematosus
36718180,Disturbance in attention
35104199,Haematotoxicity
35809138,Influenza like illness
35708278,Gastric ulcer
35909441,Cholecystitis
37622505,Aortic dilatation
36316280,Drug screen positive
35707758,Food poisoning
35808882,Implant site extravasation
36718238,Paraplegia
37520683,Leg amputation
35809017,Injection site scar
45885760,Peripheral venous disease
36718609,Cerebral atrophy
36110641,Pulmonary sepsis
35808952,Infusion site swelling
35607378,Retinal tear
42889634,Exposure via father
36617426,Spinal cord neoplasm
37420583,Refusal of treatment by patient
35708083,Oesophagitis
36718595,Radiculopathy
36110684,Subcutaneous abscess
42890424,Urine phosphorus decreased
35808980,Injection site haematoma
36919077,Social avoidant behaviour
36313993,High density lipoprotein decreased
36416585,Fluid imbalance
35809069,Sudden infant death syndrome
36718552,Somnambulism
36416481,Hyperlactacidaemia
35708233,Obstruction gastric
35707998,Dysentery
35708751,Tongue blistering
37622504,Aortic calcification
35104810,Splenic vein thrombosis
42890616,Walking distance test abnormal
36110561,Opportunistic infection
35607401,Polypoidal choroidal vasculopathy
36617483,Metastatic carcinoma of the bladder
36918910,Burnout syndrome
37521473,Carpal tunnel decompression
36718227,Diaphragmatic paralysis
36718113,Primary progressive multiple sclerosis
42889372,Patient-device incompatibility
35607366,Retinal cyst
36313799,BLOOD IMMUNOGLOBULIN E INCREASED
36211237,HAEMOTHORAX
36110966,ERYTHEMA INFECTIOSUM
37320088,KELOID SCAR
36110115,ENTEROCOCCAL BACTERAEMIA
35104067,ANAEMIA VITAMIN B12 DEFICIENCY
35809342,NO THERAPEUTIC RESPONSE
36313379,LYMPHOCYTE PERCENTAGE DECREASED
35205061,AORTIC VALVE CALCIFICATION
36516914,HEAD DEFORMITY
36110154,PNEUMONIA LEGIONELLA
36818722,SOMATOFORM DISORDER PREGNANCY
35606958,DARK CIRCLES UNDER EYES
37219878,PULMONARY ARTERY DILATATION
37520741,HEART TRANSPLANT
42889408,DEVICE PHYSICAL PROPERTY ISSUE
36617596,Genital neoplasm malignant female
37521638,Oophorectomy bilateral
36110915,HERPES SIMPLEX
37320193,PHOTOSENSITIVITY REACTION
35909508,Hepatic function abnormal
35104339,Acute lymphocytic leukaemia
35809273,Product commingling
36416496,ACIDOSIS
35708272,DUODENAL ULCER PERFORATION
36110590,LUNG ABSCESS
36211300,GUN SHOT WOUND
35708139,Dyspepsia
42889673,Uterine perforation
36718510,Grand mal convulsion
36211462,Drug dose omission
36718395,Hypoaesthesia
37522364,Central venous catheterisation
36919148,Psychotic behaviour
35607022,Toxic anterior segment syndrome
35506577,Amenorrhoea
36416589,Tumour lysis syndrome
35809274,Product container issue
35406429,OTITIS MEDIA
36617920,Malignant melanoma
36009859,Amyloidosis
35607148,Periorbital cellulitis
42889186,Oesophageal irritation
35205324,Left ventricular dysfunction
37119754,Vulval disorder
37622541,Phlebitis superficial
35708627,Oropharyngeal discomfort
35808969,Injection site discharge
37119562,Ovarian mass
35707571,Painful defaecation
37119774,Vaginal odour
36516849,Muscle swelling
37320220,Rash vesicular
35607263,Excessive eye blinking
35205112,Tricuspid valve disease
36718529,Eclampsia
37119537,Menopausal symptoms
36416522,Sleep-related eating disorder
35204905,Atrioventricular block second degree
35205062,Aortic valve disease
35406358,Conductive deafness
35306278,Epidermolysis bullosa
36312941,Bleeding time prolonged
35305969,Skull malformation
35104712,Poikilocytosis
36516808,Periarthritis
35708135,Postoperative ileus
35205348,Ventricular hypertrophy
36818624,Abortion
35205096,Mitral valve sclerosis
36211353,Urinary bladder rupture
36315329,Ophthalmological examination abnormal
36517124,Synovial disorder
36516764,Metatarsalgia
37019301,Renal glycosuria
35707525,Abdominal wound dehiscence
37520678,Foot operation
35506585,Hypomenorrhoea
35707804,Female genital tract fistula
36918921,Oppositional defiant disorder
42890296,Vulvovaginal erythema
36313721,Cell marker increased
37119653,Spontaneous penile erection
36718036,Carotid artery disease
36313550,BLOOD BILIRUBIN INCREASED
36211064,COMPRESSION FRACTURE
37521353,GALLBLADDER OPERATION
37521200,TOOTH EXTRACTION
36919182,DISTURBANCE IN SEXUAL AROUSAL
35607313,ABNORMAL SENSATION IN EYE
36718359,HEAD DISCOMFORT
35909472,HYPERBILIRUBINAEMIA NEONATAL
36718198,CLUMSINESS
36516775,MYOFASCITIS
37320142,DERMATITIS DIAPER
37119493,BREAST SWELLING
36211294,ELECTRIC SHOCK
35607152,CHORIORETINITIS
36617485,METASTATIC RENAL CELL CARCINOMA
36818810,POSTPARTUM DEPRESSION
36111036,PNEUMONIA VIRAL
36211067,FRACTURE DISPLACEMENT
42889498,GRAFT VERSUS HOST DISEASE IN SKIN
36718385,ALLODYNIA
35809128,FAT TISSUE INCREASED
35506682,PITUITARY TUMOUR BENIGN
35305889,HYPERTELORISM OF ORBIT
36312236,INSULIN-LIKE GROWTH FACTOR DECREASED
37119524,VAGINAL INFLAMMATION
36818734,NEONATAL HYPOTENSION
36718277,POOR SUCKING REFLEX
37220003,EPIGLOTTIC OEDEMA
35708268,DUODENAL PERFORATION
35707844,OESOPHAGEAL INJURY
35808840,INSTILLATION SITE PAIN
37521846,ENDOTRACHEAL INTUBATION
37521191,DENTAL PROSTHESIS PLACEMENT
36009879,IGA NEPHROPATHY
37019377,URETHRAL OBSTRUCTION
36110439,TINEA VERSICOLOUR
36009902,ANTI-NEUTROPHIL CYTOPLASMIC ANTIBODY POSITIVE VASCULITIS
36718491,AXONAL NEUROPATHY
35708357,GASTRIC VARICES
36211539,VASOPLEGIA SYNDROME
37521890,SKIN LESION EXCISION
37522342,HAEMATOMA EVACUATION
35205081,CONGENITAL HEART VALVE DISORDER
35708213,ANAL STENOSIS
37119606,VARICOCELE
37520654,Ligament operation
36516820,Loose body in joint
42890538,Neonatal behavioural syndrome
35707812,Oesophageal fistula
37219962,Throat lesion
43053834,Squamous cell carcinoma of the tongue
35606856,Corneal deposits
35809308,Device interaction
36211778,Vaccination failure
35205372,PURULENT PERICARDITIS
35607015,OPTIC NERVE SHEATH HAEMORRHAGE
36718548,SLEEP PARALYSIS
36009769,ECZEMA HERPETICUM
35104406,HODGKIN'S DISEASE RECURRENT
36718005,Cerebrovascular accident
36110658,Carbuncle
37119617,Prostatic pain
35708185,Oesophageal food impaction
35909496,Hepatobiliary disease
37019309,Renal haemorrhage
35809392,NECROSIS
35506463,HYPOALDOSTERONISM
36110122,ESCHERICHIA BACTERAEMIA
36211542,DEVICE BREAKAGE
37520709,BREAST RECONSTRUCTION
35707878,ANOGENITAL WARTS
42890194,BLADDER DYSFUNCTION
36919222,HYPOCHONDRIASIS
35205080,Cardiac valve vegetation
43562708,Ophthalmic herpes zoster
42890260,Epidural injection
36110594,NEONATAL PNEUMONIA
36111037,POST VIRAL FATIGUE SYNDROME
35607391,DEPOSIT EYE
37522210,MEDICAL DEVICE REMOVAL
36416570,MAGNESIUM METABOLISM DISORDER
35305606,Dacryostenosis congenital
43054031,Extradural neoplasm
35506752,Hypoparathyroidism secondary
36517009,Enchondroma
35708262,Anal ulcer
42890535,Joint laxity
35808903,IMPLANT SITE PUSTULES
37520807,PARATHYROID GLAND OPERATION
35808912,IMPLANT SITE WARMTH
36416676,Hypermetabolism
35305494,Congenital anomaly in offspring
37119567,Ovulation pain
35205069,Congenital aortic valve incompetence
36918917,Waxy flexibility
42889654,Muscle oedema
35707623,ALVEOLAR OSTEITIS
35306145,URETHRAL VALVES
35205122,ECTOPIA CORDIS
37320204,Nail psoriasis
35606890,Iris atrophy
35305899,MICROSTOMIA
35305890,Hypotelorism of orbit
36517148,Tendon calcification
35809376,Withdrawal hypertension
36918971,DELUSION OF REPLACEMENT
35305622,Congenital visual acuity reduced
37520717,Simple mastectomy
42890238,SPERM CONCENTRATION ZERO
36315096,Past-pointing
42889495,DRUG-INDUCED LIVER INJURY
36314212,URINE DELTA AMINOLEVULINATE INCREASED
42889351,ENCEPHALITIS AUTOIMMUNE
42889099,CONGENITAL MELANOCYTIC NAEVUS
37520620,CLOSED FRACTURE MANIPULATION
35205189,MYOCARDIAL INFARCTION
35707763,GASTROINTESTINAL DISORDER
36718563,HYPERSOMNIA
35809098,THIRST
36919202,SEXUAL DYSFUNCTION
36516886,MYOPATHY
36919117,MENTAL DISORDER
36211285,ARTHROPOD BITE
36516827,SPINAL OSTEOARTHRITIS
36718382,SKIN BURNING SENSATION
36918853,ANXIETY DISORDER
36009833,RHEUMATOID ARTHRITIS
35708266,RECTAL ULCER
36110265,STREPTOCOCCAL INFECTION
35506585,HYPOMENORRHOEA
35809058,BRAIN DEATH
35909462,GALLBLADDER PAIN
36313091,PROTHROMBIN TIME PROLONGED
36110642,SEPSIS
35506797,HYPOTHYROIDISM
36516841,MUSCLE CONTRACTIONS INVOLUNTARY
36516842,MUSCLE DISORDER
35708636,APHTHOUS STOMATITIS
35707759,GASTRIC DISORDER
36311946,ELECTROCARDIOGRAM ABNORMAL
36516765,PAIN IN JAW
37220054,PHARYNGEAL OEDEMA
36211636,PNEUMOCEPHALUS
36110777,PULMONARY TUBERCULOSIS
36211402,SPINAL CORD INJURY
36717969,MYELITIS TRANSVERSE
37219832,LUNG CONSOLIDATION
35205348,VENTRICULAR HYPERTROPHY
35708359,HAEMORRHOIDAL HAEMORRHAGE
37219855,PLEURAL DISORDER
35707687,GINGIVAL ABSCESS
35707714,PANCREATITIS ACUTE
36211118,FRACTURED COCCYX
35809059,Death
35809139,Irritability
36919118,Mental status changes
37019274,Urinary tract obstruction
36818621,Blighted ovum
36718362,Myoclonus
35808825,Application site reaction
37320303,ONYCHOCLASIS
36617770,VOCAL CORD POLYP
42889534,INFECTIOUS PLEURAL EFFUSION
36516830,SPONDYLITIS
35809327,Drug ineffective
35205315,Cardiomegaly
43053854,Drug reaction with eosinophilia and systemic symptoms
36718080,Facial spasm
35707660,Toothache
36313371,Lymphocyte count decreased
35808826,Application site scab
36516845,Muscle haemorrhage
37520752,Aortic valve replacement
36919044,Elevated mood
35708561,Lip disorder
36110810,Visceral leishmaniasis
35809025,INJECTION SITE WARMTH
35809116,CREPITATIONS
36009814,CUTANEOUS LUPUS ERYTHEMATOSUS
35707732,PANCREATIC DISORDER
36918874,FEAR OF DISEASE
36919158,SCHIZOPHRENIA
35607284,NYSTAGMUS
36918937,DELIRIUM
35708206,REGURGITATION
35808960,INJECTION SITE ABSCESS
35809117,DEFORMITY
35708585,ABSCESS ORAL
36718434,SPEECH DISORDER DEVELOPMENTAL
36416695,Gout
36516781,Arthropathy
37320316,Trichorrhexis
36211385,Contusion
36918862,Tension
36211312,Scar
36818729,Premature baby
36315580,Blood urea increased
35606964,Eye pain
42889329,Application site haemorrhage
36312331,Blood prolactin increased
36009825,Myasthenia gravis
42890557,Low birth weight baby
36718611,Cerebral ventricle dilatation
37119476,Breast mass
35205246,CARDIOGENIC SHOCK
36718408,SENSORY LOSS
36718352,CLONUS
35809011,Injection site pruritus
35808981,Injection site haemorrhage
35707601,Intestinal polyp
35707989,Appendicitis
35104877,Febrile neutropenia
37521537,Spinal fusion surgery
35707960,Gastrointestinal infection
35506706,Hypercalcaemia of malignancy
36718375,Formication
35104071,Pernicious anaemia
35205342,Right ventricular hypertrophy
35708687,Retroperitoneal haematoma
36110482,Central nervous system infection
35607294,Strabismus
35708655,Peritoneal cloudy effluent
35909432,Biliary dilatation
37622447,Cardiovascular insufficiency
35809153,Obstruction
36211586,Device misuse
35809282,Product coating issue
35204939,Nodal arrhythmia
36918999,Flight of ideas
35809106,Loss of control of legs
36314250,Blood uric acid increased
36110974,BK virus infection
36718030,Thrombotic stroke
36211374,Face injury
36617886,Lung cancer metastatic
36718486,Tarsal tunnel syndrome
37522136,Cryotherapy
37521171,Lymphadenectomy
36313246,Haemoglobin increased
36718464,Demyelinating polyneuropathy
37220071,Tracheal oedema
36211067,Fracture displacement
36516933,Spondylolisthesis
35707569,Rectal prolapse
37119539,Atrophic vulvovaginitis
35607002,Iris neovascularisation
36312541,Cardiac enzymes increased
36516777,Fracture malunion
36316136,Anticonvulsant drug level above therapeutic
35104082,Congenital anaemia
35204992,Cardiac procedure complication
35205109,Congenital tricuspid valve incompetence
36617207,Sweat gland tumour
36516948,Fasciitis
36617195,Fibrous histiocytoma
36313128,Anti-erythropoietin antibody positive
35205137,Pulmonary artery atresia
35607410,Retinal artery occlusion
35809181,INFLAMMATION
35708147,FAECES DISCOLOURED
36313360,GRANULOCYTE COUNT DECREASED
36316382,BLOOD POTASSIUM INCREASED
36316074,SPUTUM ABNORMAL
36315364,RESPIRATORY RATE INCREASED
36919068,HOMICIDAL IDEATION
36313222,HAEMATOCRIT INCREASED
37119701,ADNEXA UTERI PAIN
36315578,BLOOD UREA ABNORMAL
36009873,DECREASED IMMUNE RESPONSIVENESS
35809223,GRAVITATIONAL OEDEMA
35607377,RETINAL SCAR
37521178,SPLENECTOMY
35104806,SPLENIC RUPTURE
35707657,DENTAL DISCOMFORT
36818798,LACTATION DISORDER
36617237,METASTASES TO SKIN
37521144,TRANSFUSION
35809239,INCISION SITE PAIN
35809277,PRODUCT OUTER PACKAGING ISSUE
36416675,HYPERLIPASAEMIA
35104791,SPLENIC CALCIFICATION
42890546,LIMB ASYMMETRY
35808904,IMPLANT SITE RASH
36313971,PARACENTESIS
36211447,RADIATION PNEUMONITIS
36718598,SPINAL CORD COMPRESSION
36918936,SCREAMING
37119557,Ovarian disorder
36617489,Renal cancer metastatic
35306168,Renal dysplasia
36516755,Primary sequestrum
35607142,Optic neuritis
36311782,HEART SOUNDS ABNORMAL
36110371,FUNGAL SKIN INFECTION
36311837,Myocardial strain
35104461,Lymphoma
35104304,Hyperbilirubinaemia
35909509,Hyperammonaemia
35909604,Alcoholic liver disease
37521353,Gallbladder operation
36211328,Wound haemorrhage
35104177,Thrombotic microangiopathy
36110562,Pathogen resistance
37522333,Angioplasty
35406325,Ototoxicity
37320132,Skin swelling
36516882,Compartment syndrome
35708465,Metastases to peritoneum
37119739,Vaginal disorder
35809256,Product contamination physical
35104740,Lymphadenitis
36314071,Blood triglycerides abnormal
42890381,Motor developmental delay
36110520,Pelvic inflammatory disease
37622454,Arterial thrombosis
35707765,Gastrointestinal injury
36516994,Soft tissue haemorrhage
36312498,Tri-iodothyronine increased
36110655,Acne pustular
42889491,Chronic hepatitis C
36416503,Respiratory alkalosis
36617522,Bladder neoplasm
35305833,Porphyria non-acute
36313402,Monocyte count decreased
36211709,Wound decomposition
36516924,Kyphoscoliosis
35707701,Diverticulitis intestinal haemorrhagic
37019326,Hypertensive nephropathy
35104100,Aplasia pure red cell
37520707,Breast prosthesis implantation
37219941,Foreign body aspiration
36919230,COMPLETED SUICIDE
35809387,NODULE
37622438,BLOOD PRESSURE FLUCTUATION
36313151,Red blood cell sedimentation rate abnormal
36312531,BLOOD CREATINE PHOSPHOKINASE MB INCREASED
36313993,HIGH DENSITY LIPOPROTEIN DECREASED
36110110,ENTEROBACTER INFECTION
35708612,FOAMING AT MOUTH
37219806,OBLITERATIVE BRONCHIOLITIS
35104302,HAEMOLYSIS
37521492,BRAIN OPERATION
36718586,MYELOPATHY
36516800,JOINT CONTRACTURE
36313024,COAGULATION TIME PROLONGED
36211394,SUBCUTANEOUS HAEMATOMA
35607161,RETINAL VASCULITIS
36617249,ADENOMA BENIGN
35809218,CAPILLARY LEAK SYNDROME
35305833,PORPHYRIA NON-ACUTE
35708298,APPENDICITIS PERFORATED
36312936,ANTITHROMBIN III DECREASED
36312326,BLOOD LUTEINISING HORMONE INCREASED
35104674,PARAPROTEINAEMIA
35808799,APPLICATION SITE EROSION
35607326,CHOROIDAL EFFUSION
37119656,INFERTILITY MALE
35909496,HEPATOBILIARY DISEASE
37522206,MASS EXCISION
36211546,DEVICE LEAKAGE
35808948,INFUSION SITE RASH
37622512,ARTERIOVENOUS FISTULA
36313025,COAGULATION TIME SHORTENED
35809333,DRUG TOLERANCE INCREASED
35707576,ANORECTAL DISCOMFORT
35707579,RECTAL DISCHARGE
36211298,FAT EMBOLISM
37219912,SPUTUM RETENTION
35506666,HYPOTHALAMO-PITUITARY DISORDER
37522129,CATHETER PLACEMENT
35205138,RIGHT VENTRICLE OUTFLOW TRACT OBSTRUCTION
36416720,VITAMIN B1 DEFICIENCY
37622447,CARDIOVASCULAR INSUFFICIENCY
35707771,INTESTINAL ANASTOMOSIS COMPLICATION
36211395,AUTONOMIC DYSREFLEXIA
37320123,SKIN FIBROSIS
42890110,CANDIDA TEST POSITIVE
36110549,INFECTED BITES
42890467,DECREASED VIBRATORY SENSE
37119684,TESTICULAR MASS
35104266,ACUTE CHEST SYNDROME
35104283,PAROXYSMAL NOCTURNAL HAEMOGLOBINURIA
35808951,INFUSION SITE SCAR
36516946,DACTYLITIS
35607390,ATROPHY OF GLOBE
37521193,GINGIVAL GRAFT
36517036,EWING'S SARCOMA
35305441,PERSISTENT LEFT SUPERIOR VENA CAVA
36211624,PERIPROSTHETIC FRACTURE
35909477,NEONATAL CHOLESTASIS
35205060,AORTIC VALVE ATRESIA
35809234,Discomfort
35607019,Anterior chamber inflammation
36110554,Infection susceptibility increased
35707676,Gingival erosion
36111023,Encephalitis viral
37019361,RENAL VEIN THROMBOSIS
37219890,HYPOVENTILATION
36516954,LIMB DISCOMFORT
36919154,SCHIZOAFFECTIVE DISORDER
35808830,APPLICATION SITE URTICARIA
36312852,BLOOD COUNT ABNORMAL
35205199,SUBENDOCARDIAL ISCHAEMIA
36211082,CARTILAGE INJURY
37521042,COLECTOMY TOTAL
35305502,FOETAL MALFORMATION
36718243,QUADRIPARESIS
35809007,INJECTION SITE PAPULE
35607363,MACULAR SCAR
36718154,CYTOTOXIC OEDEMA
35808972,INJECTION SITE DRYNESS
37521294,NASAL SEPTAL OPERATION
36516834,MYOSITIS OSSIFICANS
36718502,PERIPHERAL SENSORIMOTOR NEUROPATHY
37420513,CARDIAC ASSISTANCE DEVICE USER
42889571,Exposure via blood
36313807,Blood immunoglobulin M abnormal
35708054,Gastritis haemorrhagic
37420476,Child neglect
35104211,Methaemoglobinaemia
43053780,Non-infectious endophthalmitis
37521836,Continuous positive airway pressure
36315707,Urine leukocyte esterase positive
37522363,Central venous catheter removal
36516856,Periodic limb movement disorder
37320229,Lentigo
42889157,Eyelid thickening
35808903,Implant site pustules
35306293,Porokeratosis
35809289,Product reconstitution issue
42889382,Intentional medical device removal by patient
35104793,Splenic embolism
42889232,Graft versus host disease in intestine
36516862,Floppy infant
35506466,Steroid withdrawal syndrome
36110103,Tetanus
35104676,PLATELET AGGREGATION INHIBITION
35506525,Diabetic eye disease
36517147,Tendinous contracture
36517036,Ewing's sarcoma
36617689,Testicular cyst
35808962,Injection site anaesthesia
36516782,Haemophilic arthropathy
35305998,Congenital multiplex arthrogryposis
36110525,Tubo-ovarian abscess
36818716,Hyperemesis gravidarum
35104065,Anaemia folate deficiency
37019279,Urinary tract inflammation
36111046,Viral haemorrhagic cystitis
36110610,Penile infection
42890064,Moraxella test positive
36314665,Hepatitis B DNA assay positive
36312044,DIRECTIONAL DOPPLER FLOW TESTS ABNORMAL
35708112,Oesophageal hypomotility
35708337,Gastrointestinal telangiectasia
36617620,Ovarian germ cell cancer stage II
35205105,Pulmonary valve sclerosis
37521943,TENOLYSIS
36718005,CEREBROVASCULAR ACCIDENT
36718280,BALANCE DISORDER
36516958,NECK PAIN
35506811,THYROID NEOPLASM
36718433,SPEECH DISORDER
36718406,SENSORY DISTURBANCE
35104151,PROTEIN C DEFICIENCY
36110708,SINUSITIS
36314085,ANION GAP INCREASED
36211259,LIGAMENT RUPTURE
36110709,TONSILLITIS
35708620,ORAL DISCOMFORT
35607441,BLINDNESS
37219898,TACHYPNOEA
35809125,ENERGY INCREASED
35708709,PAROTID GLAND ENLARGEMENT
35708042,COLITIS MICROSCOPIC
36919101,STARING
37622444,HYPOVOLAEMIC SHOCK
35204911,BUNDLE BRANCH BLOCK LEFT
37019396,DYSURIA
36718146,HYDROCEPHALUS
37019308,RENAL DISORDER
35205152,PERSISTENT FOETAL CIRCULATION
37622454,ARTERIAL THROMBOSIS
35104306,JAUNDICE
37019453,RENAL PAIN
35506793,THYROTOXIC CRISIS
35708314,EROSIVE OESOPHAGITIS
35406366,DEAFNESS UNILATERAL
37019411,URINE FLOW DECREASED
36517081,METASTASES TO SOFT TISSUE
35809386,Mass
36211475,Wrong technique in drug usage process
36416634,Hypercholesterolaemia
36111047,Viral infection
36617702,Prostate cancer
36211131,Hand fracture
36211132,Humerus fracture
36211471,Poor quality drug administered
36617934,Basal cell carcinoma
36617436,Renal cyst
37219946,Respiratory tract congestion
37622406,Haemorrhagic infarction
35909518,Hepatic failure
42889497,Non-alcoholic steatohepatitis
42890655,Psychological trauma
35205388,Pericardial effusion
37521085,Pancreatectomy
42890652,Emotional poverty
36009708,Erythema nodosum
36416555,Resorption bone increased
35808965,Injection site cellulitis
36110774,Meningitis tuberculous
35708257,Acquired oesophageal web
36617837,Non-small cell lung cancer metastatic
35506647,Growth accelerated
35205331,Myocardial oedema
37520950,Haemorrhoid operation
36718112,MULTIPLE SCLEROSIS RELAPSE
37521191,Dental prosthesis placement
35104887,NEUTROPENIC SEPSIS
37019409,URINARY HESITATION
36110044,INCISION SITE CELLULITIS
37219885,APNOEA
36311820,ECHOCARDIOGRAM ABNORMAL
36313585,Hepatic enzyme increased
36211132,HUMERUS FRACTURE
37119647,EJACULATION DISORDER
36517119,BUNION
35104532,MANTLE CELL LYMPHOMA
35809118,DEVELOPMENTAL DELAY
36718093,PAROSMIA
35707804,FEMALE GENITAL TRACT FISTULA
35708174,FAECAL INCONTINENCE
35708243,INTESTINAL STENOSIS
35909492,HEPATIC LESION
35305546,LOW SET EARS
36718350,APPARENT LIFE THREATENING EVENT
37622472,PERIPHERAL EMBOLISM
35205038,Dyspnoea
36718230,Hemiplegia
35808790,Application site burn
42889409,Foetal death
35708038,Colitis
36416527,Failure to thrive
36313745,Tumour marker increased
36617565,CERVIX CARCINOMA
35708633,OEDEMA MOUTH
37521032,INGUINAL HERNIA REPAIR
36110535,ABSCESS LIMB
35909527,Hepatic cirrhosis
37219822,Pneumonitis
36110581,Wound infection
37320313,Hair texture abnormal
36312616,Foetal heart rate abnormal
35707854,Oesophageal varices haemorrhage
37520692,Toe amputation
35707868,Lower gastrointestinal haemorrhage
36416644,Fat redistribution
37019317,Postrenal failure
36313349,Eosinophil count decreased
36211122,Spinal compression fracture
36617168,Breast cancer stage I
36110709,Tonsillitis
36416617,Food intolerance
42890175,Psychogenic seizure
36311940,ELECTROCARDIOGRAM T WAVE INVERSION
37521618,Caesarean section
36516855,Neuromyopathy
36311806,Cardiac stress test abnormal
35104762,Lymphocele
42889533,Atypical pneumonia
36517123,Synovial cyst
35909642,Haemangioma of liver
37219799,Bronchial obstruction
36312921,Activated partial thromboplastin time prolonged
45885684,Language disorder
35809239,Incision site pain
36110413,Histoplasmosis
37521184,Dental care
42890580,Soft tissue mass
36718440,Anticholinergic syndrome
37622453,Aortic thrombosis
37320221,Dandruff
35707878,Anogenital warts
35909449,Biliary dyskinesia
37420358,Postmenopause
35506460,Adrenal suppression
43562699,Defect conduction intraventricular
36718579,Radiculitis lumbosacral
42890123,Mycobacterium tuberculosis complex test positive
36110266,Streptococcal sepsis
36315643,Blood urine
35305435,Vascular anomaly
36818672,Arrested labour
36313830,Allergy test positive
42890057,Klebsiella test positive
36818651,Hydrops foetalis
36313603,Transaminases abnormal
35104154,Abnormal clotting factor
35809372,REBOUND EFFECT
35506786,BASEDOW'S DISEASE
36211280,ACCIDENT
37520714,MASTECTOMY
35808949,INFUSION SITE REACTION
43053775,PAPILLARY THYROID CANCER
36313710,CARBOHYDRATE ANTIGEN 15-3 INCREASED
37219839,PULMONARY ALVEOLAR HAEMORRHAGE
35708116,CHANGE OF BOWEL HABIT
35607008,OCULAR VASCULAR DISORDER
35809017,INJECTION SITE SCAR
35506562,HYPOGONADISM
37520853,EYE OPERATION
37219976,PNEUMOMEDIASTINUM
35104712,POIKILOCYTOSIS
36312224,NOREPINEPHRINE INCREASED
36718061,INTRACRANIAL VENOUS SINUS THROMBOSIS
36718429,MUTISM
37520698,MALIGNANT BREAST LUMP REMOVAL
35809071,NO ADVERSE EVENT
36416569,MAGNESIUM DEFICIENCY
37521568,FEMALE STERILISATION
36313255,MEAN CELL HAEMOGLOBIN INCREASED
36818693,ABNORMAL LABOUR
35707848,GASTRIC ANTRAL VASCULAR ECTASIA
37522313,Carotid artery stent insertion
35707938,Abdominal sepsis
42889105,Male genital atrophy
43053857,Hyperammonaemic crisis
35707775,Intestinal mucosal hypertrophy
36109999,ACTINOMYCOSIS
36818781,Meconium in amniotic fluid
36110199,Pseudomonal sepsis
36110124,Escherichia sepsis
36818726,Large for dates baby
36818823,NORMAL NEWBORN
36516833,MYOSITIS
36110954,Skin papilloma
36918937,Delirium
37521336,Bile duct stent insertion
37622438,Blood pressure fluctuation
35104806,Splenic rupture
37019460,Calculus ureteric
42889192,Age-related macular degeneration
35707593,Colon adenoma
35104625,Peripheral T-cell lymphoma unspecified
45885569,Intentional product use issue
35809333,Drug tolerance increased
36211259,Ligament rupture
36919165,Anorgasmia
36009893,Chronic allograft nephropathy
37522188,Incisional drainage
36918987,"Hallucination, olfactory"
36516753,Periostitis
35205001,Heart disease congenital
36110571,Sexually transmitted disease
35306075,Anencephaly
36009722,Serum sickness
36617169,Breast cancer stage II
36211153,Alcohol poisoning
37119516,Uterine cervical squamous metaplasia
35506747,Hyperparathyroidism secondary
35506481,Adrenal adenoma
37219886,Bradypnoea
35305967,Plagiocephaly
36311937,Electrocardiogram T wave amplitude decreased
36717991,Cerebellar haemorrhage
42889235,Ileal fistula
36718577,Radiculitis cervical
36617192,Benign neoplasm of skin
36416579,Hyperchloraemia
42890439,Decreased eye contact
35406306,Ear congestion
35607449,Colour blindness acquired
35205252,Propofol infusion syndrome
36110888,EPSTEIN-BARR VIRUS INFECTION
36617373,Neuroma
37119576,Penile blister
35305555,Congenital anomaly of adrenal gland
36110657,Burn infection
37521542,SPINAL OPERATION
36110239,WOUND INFECTION STAPHYLOCOCCAL
35104698,POLYCYTHAEMIA
37320169,NIKOLSKY'S SIGN
36211749,RECALL PHENOMENON
37522314,CAROTID ENDARTERECTOMY
36617554,UTERINE POLYP
37320115,PARAKERATOSIS
37119710,ENDOMETRIAL HYPERPLASIA
35607089,ERYTHEMA OF EYELID
36718324,STUPOR
36919053,AFFECTIVE DISORDER
35506767,THYROIDITIS
37119585,PENILE SWELLING
35506764,AUTOIMMUNE THYROIDITIS
37220043,PHARYNGEAL ERYTHEMA
36211464,INAPPROPRIATE SCHEDULE OF DRUG ADMINISTRATION
36316117,ANALGESIC DRUG LEVEL ABOVE THERAPEUTIC
36313171,PLATELET AGGREGATION DECREASED
36718457,DROP ATTACKS
35708678,PERITONEAL ADHESIONS
36818743,NEONATAL ASPHYXIA
35306022,OSTEOGENESIS IMPERFECTA
35305435,VASCULAR ANOMALY
36919162,"SCHIZOPHRENIA, PARANOID TYPE"
35808832,APPLICATION SITE WARMTH
36919167,MALE ORGASMIC DISORDER
35707814,ORAL CAVITY FISTULA
37019344,RENAL ARTERIOSCLEROSIS
36718117,SECONDARY PROGRESSIVE MULTIPLE SCLEROSIS
36617896,MALIGNANT RESPIRATORY TRACT NEOPLASM
36009751,RED MAN SYNDROME
35104701,ANISOCYTOSIS
36516856,PERIODIC LIMB MOVEMENT DISORDER
36110891,DENGUE FEVER
37219867,PULMONARY ARTERIAL HYPERTENSION
36416626,MINERAL DEFICIENCY
36110823,TRICHOMONIASIS
36110929,PNEUMONIA HERPES VIRAL
36718223,OROMANDIBULAR DYSTONIA
35809293,PRODUCT TASTE ABNORMAL
36315484,C-REACTIVE PROTEIN ABNORMAL
37520603,BONE LESION EXCISION
42890633,INFLAMMATORY MARKER INCREASED
42890828,EMBOLISM ARTERIAL
35305674,GASTROSCHISIS
36211778,VACCINATION FAILURE
35708008,ENTEROVIRUS INFECTION
35606924,EYELASH DISCOLOURATION
36818716,HYPEREMESIS GRAVIDARUM
37521933,LIPOMA EXCISION
35104169,Factor V Leiden mutation
37119581,Penile necrosis
36315304,Head circumference abnormal
43053786,Intestinal fibrosis
37622381,Aneurysm ruptured
36313699,Rheumatoid factor positive
36313339,CD4/CD8 ratio decreased
35305849,Leukodystrophy
36416694,Uraemic encephalopathy
37119552,FALLOPIAN TUBE DISORDER
35205096,MITRAL VALVE SCLEROSIS
37622429,ILIAC VEIN OCCLUSION
36315732,URINE URIC ACID INCREASED
36919087,AVOIDANT PERSONALITY DISORDER
37219824,Acute interstitial pneumonitis
45885974,Body temperature abnormal
36569891,Intervertebral disc annular tear
35809018,Injection site streaking
35606900,Pigment dispersion syndrome
37520627,Internal fixation of fracture
36211537,Vascular pseudoaneurysm
36312161,Blood cortisol decreased
37521542,Spinal operation
36316137,Anticonvulsant drug level below therapeutic
35707839,CREST syndrome
42889037,Congenital umbilical hernia
36312553,TROPONIN INCREASED
36110415,HISTOPLASMOSIS DISSEMINATED
36110435,TINEA INFECTION
35606944,CORNEAL INFILTRATES
35305921,CONGENITAL HAND MALFORMATION
35205000,FOETAL CARDIAC DISORDER
36517121,BURSA DISORDER
35707801,ENTEROCOLONIC FISTULA
36211060,BONE FISSURE
35809322,Device ineffective
36919134,Brief psychotic disorder with marked stressors
37119563,OVARIAN NECROSIS
35305681,CONGENITAL INTESTINAL MALFORMATION
35809269,FAILURE OF CHILD RESISTANT MECHANISM FOR PHARMACEUTICAL PRODUCT
35607169,Episcleritis
35808958,EMBOLIA CUTIS MEDICAMENTOSA
36517146,ENTHESOPATHY
35406410,Mastoid effusion
36211715,Fallopian tube perforation
42889493,Allergic hepatitis
35909477,Neonatal cholestasis
36211177,Nail toxicity
37521799,Pneumonectomy
35305411,Interruption of aortic arch
35606957,Chorioretinal disorder
35204967,CARDIAC ARREST NEONATAL
37520696,BREAST CYST EXCISION
42889754,HUMAN CHORIONIC GONADOTROPIN DECREASED
36516731,Bone formation decreased
37521586,Ectopic pregnancy termination
35506600,Feminisation acquired
35306222,Congenital diaphragmatic eventration
36009821,SLE ARTHRITIS
37520795,Hormone replacement therapy
36110108,Erythrasma
42889373,DEVICE ALARM ISSUE
35406445,TYMPANOSCLEROSIS
37521083,BILIARY SPHINCTEROTOMY
35707555,ANAL PROLAPSE
42890221,HYPOCITRATURIA
36312896,Bone marrow eosinophilic leukocyte count increased
36315547,Serum procollagen type III N-terminal propeptide increased
42889454,SPINAL PAIN
37219922,RALES
35708609,THROAT IRRITATION
37622518,HAEMORRHAGE
35506757,PARATHYROID DISORDER
36313585,HEPATIC ENZYME INCREASED
37320158,ERYTHEMA
36516957,MUSCULOSKELETAL PAIN
35808984,INJECTION SITE INDURATION
36919041,INAPPROPRIATE AFFECT
37219925,ACUTE RESPIRATORY FAILURE
35205164,CORONARY ARTERY DISEASE
35809211,MUCOSAL ULCERATION
36211353,URINARY BLADDER RUPTURE
36009882,JARISCH-HERXHEIMER REACTION
35607021,HYPOPYON
35506588,OLIGOMENORRHOEA
36416590,FLUID INTAKE REDUCED
36416584,ELECTROLYTE IMBALANCE
36312018,CAROTID BRUIT
35506448,CUSHINGOID
35104730,HILAR LYMPHADENOPATHY
35205095,MITRAL VALVE PROLAPSE
36416525,CACHEXIA
37219872,PULMONARY INFARCTION
37019295,TUBULOINTERSTITIAL NEPHRITIS
36416484,KUSSMAUL RESPIRATION
35205307,ATRIOVENTRICULAR SEPTAL DEFECT
36718045,CEREBROVASCULAR DISORDER
36617157,FIBROADENOMA OF BREAST
35305406,AORTA HYPOPLASIA
36110386,ONYCHOMYCOSIS
36718458,Serotonin syndrome
36313985,Blood cholesterol increased
35606824,Cataract
36718229,Hemiparesis
36516958,Neck pain
36111015,Bronchiolitis
35707561,Anorectal disorder
35809262,Product expiration date issue
36110820,TOXOPLASMOSIS
35506751,HYPOPARATHYROIDISM
36211681,Post procedural haemorrhage
36517152,Trigger finger
35809296,Incorrect product storage
37019299,Nephropathy
36718146,Hydrocephalus
35204955,Atrial tachycardia
35708753,Tongue discolouration
36211241,Pneumothorax traumatic
37119467,Breast atrophy
36311820,Echocardiogram abnormal
35607460,Myopia
36009824,Systemic lupus erythematosus rash
37119639,Genital pain
37320303,Onychoclasis
37520737,Cardioversion
35707641,Periodontal disease
36919083,Personality disorder
36110984,Pneumonia respiratory syncytial viral
35607189,Eye injury
36211678,Post procedural discharge
37622414,VASCULAR OCCLUSION
36313306,RETICULOCYTE COUNT INCREASED
36312930,ANTI FACTOR VIII ANTIBODY POSITIVE
35708138,GASTROINTESTINAL SOUNDS ABNORMAL
36313903,COMPUTERISED TOMOGRAM ABNORMAL
35708608,PARAESTHESIA ORAL
36718003,CEREBRAL ISCHAEMIA
35808810,APPLICATION SITE IRRITATION
36517122,BURSITIS
36313047,INTERNATIONAL NORMALISED RATIO ABNORMAL
36009952,IMMUNOSUPPRESSION
35708294,Gastrointestinal ulcer
36718449,Urinary incontinence
35104871,Lymphopenia
35708603,Pharyngitis
37219797,Asthmatic crisis
36517122,Bursitis
35104405,Hodgkin's disease
36110795,PNEUMONIA MYCOPLASMAL
36009740,FOOD ALLERGY
36009707,ERYTHEMA MULTIFORME
37320129,SKIN NECROSIS
36718375,FORMICATION
37320114,Pain of skin
35104721,Hepatosplenomegaly
35708178,Hypophagia
36316343,Blood calcium decreased
36312538,Blood creatine phosphokinase increased
36919103,Hyperventilation
37521342,Cholecystectomy
36110978,Progressive multifocal leukoencephalopathy
35708754,Tongue dry
35707936,Abdominal abscess
35808972,Injection site dryness
36009703,Bronchospasm
37622478,Venous thrombosis limb
36313957,Blood test abnormal
36617219,Metastases to central nervous system
35909459,Gallbladder non-functioning
36009952,Immunosuppression
36617553,Uterine leiomyoma
37219838,Organising pneumonia
36918956,Psychomotor retardation
36315606,Glomerular filtration rate decreased
43053909,Exposure via ingestion
35607160,Retinal oedema
36009740,Food allergy
35204969,Cardiac fibrillation
35909511,Hypoalbuminaemia
42890537,Vertebral foraminal stenosis
36718525,Clonic convulsion
35808854,Catheter site inflammation
45885676,Faeces soft
36315539,Protein total decreased
36311981,Heart rate abnormal
35205068,Bicuspid aortic valve
35406387,Labyrinthitis
37521041,Colectomy
37420482,Imprisonment
36516760,Vertebral wedging
42890499,Exostosis of jaw
36517119,Bunion
35205307,Atrioventricular septal defect
36314123,PCO2 decreased
37522165,Exploratory operation
35708549,Pancreatic neoplasm
36211694,Seroma
36718011,Haemorrhagic transformation stroke
36718279,Reflexes abnormal
35707687,Gingival abscess
37019281,Focal segmental glomerulosclerosis
35909510,Hypertransaminasaemia
42889462,Capsule physical issue
42889569,Multiple use of single-use product
36718542,Tonic convulsion
42889342,Type 2 lepra reaction
35808946,Infusion site pruritus
35205081,Congenital heart valve disorder
36718513,Dreamy state
35606974,OCULAR ICTERUS
36919169,ORGASMIC SENSATION DECREASED
36818726,LARGE FOR DATES BABY
35506466,STEROID WITHDRAWAL SYNDROME
36416506,WERNICKE'S ENCEPHALOPATHY
36718349,APNOEIC ATTACK
37521057,SIGMOIDECTOMY
35707676,GINGIVAL EROSION
35506807,THYROID ADENOMA
35708006,ENTEROCOLITIS INFECTIOUS
35809109,ADHESION
36919100,REGRESSIVE BEHAVIOUR
35809246,POST PROCEDURAL DISCOMFORT
36110358,MENINGITIS CRYPTOCOCCAL
36718252,DOPAMINE DYSREGULATION SYNDROME
35607401,POLYPOIDAL CHOROIDAL VASCULOPATHY
37520715,MODIFIED RADICAL MASTECTOMY
37521107,JEJUNOSTOMY
42890331,NASAL OBSTRUCTION
36211526,DEEP VEIN THROMBOSIS POSTOPERATIVE
36211059,AVULSION FRACTURE
42889389,DEVICE INFUSION ISSUE
36211107,FRACTURED ISCHIUM
42889377,DEVICE EXTRUSION
35808883,IMPLANT SITE FIBROSIS
36617934,BASAL CELL CARCINOMA
43053904,Exposure during pregnancy
35708750,Swollen tongue
36110026,Cellulitis
36316377,Blood phosphorus increased
36311930,ELECTROCARDIOGRAM ST SEGMENT ELEVATION
35809292,Product solubility abnormal
36718401,Neuralgia
35506588,Oligomenorrhoea
36416696,Gouty arthritis
35909528,Hepatic fibrosis
35305902,Pierre Robin syndrome
36312486,Thyroxine free increased
35406368,Hearing impaired
37220031,NASAL ULCER
36919046,Emotional distress
36919199,Dyspareunia
42890469,Slow speech
36617201,Melanocytic naevus
35809114,Concomitant disease progression
36316195,Immunosuppressant drug level increased
35809127,Extravasation
36110723,Pyelonephritis acute
36718121,Hypertensive encephalopathy
35205124,Transposition of the great vessels
36312074,Blood pressure diastolic increased
36517097,Sarcoma
36718252,Dopamine dysregulation syndrome
37622423,Extremity necrosis
35708046,Necrotising colitis
36617349,Cerebral cyst
36919020,Impulse-control disorder
37521541,Spinal nerve stimulator implantation
37520641,HIP ARTHROPLASTY
36316127,Antibiotic level above therapeutic
36314859,Bone scan abnormal
35809180,Granuloma
36009915,Temporal arteritis
36918909,Acute stress disorder
35506590,Ovarian failure
35104109,FEBRILE BONE MARROW APLASIA
35708331,GASTROINTESTINAL NECROSIS
35708634,OROPHARYNGEAL SWELLING
36818670,Transverse presentation
36312981,COAGULATION FACTOR V LEVEL DECREASED
35809394,ATROPHY
37019397,MICTURITION DISORDER
37219953,INCREASED UPPER AIRWAY SECRETION
35809164,SECRETION DISCHARGE
36312541,CARDIAC ENZYMES INCREASED
37119639,GENITAL PAIN
35909426,BILE DUCT STENOSIS
35909444,CHOLECYSTITIS INFECTIVE
37219944,PULMONARY MASS
36211175,MITOCHONDRIAL TOXICITY
35306243,CONGENITAL CYSTIC LUNG
36009698,ALVEOLITIS ALLERGIC
37119612,PROSTATIC DISORDER
35607032,CONJUNCTIVITIS ALLERGIC
36918954,MOROSE
35104669,PLASMACYTOMA
35205202,ENDOCARDITIS BACTERIAL
35506537,DIABETIC NEPHROPATHY
35707683,GINGIVAL ULCERATION
35708069,GASTROENTERITIS RADIATION
36211449,RADIATION SKIN INJURY
37521007,GASTROINTESTINAL TUBE INSERTION
35708010,PSEUDOMEMBRANOUS COLITIS
37521840,MECHANICAL VENTILATION
36315646,CELLS IN URINE
35808997,INJECTION SITE LACERATION
35205021,CARDIAC DISCOMFORT
36111046,VIRAL HAEMORRHAGIC CYSTITIS
36516970,LOWER EXTREMITY MASS
36617941,NEOPLASM SKIN
36110497,SPINAL CORD INFECTION
36313467,T-LYMPHOCYTE COUNT DECREASED
36211672,INCISION SITE OEDEMA
42890491,COMA SCALE ABNORMAL
35809322,DEVICE INEFFECTIVE
35808879,IMPLANT SITE EROSION
37520656,MENISCUS REMOVAL
42890003,N-TERMINAL PROHORMONE BRAIN NATRIURETIC PEPTIDE INCREASED
37119576,PENILE BLISTER
36313807,BLOOD IMMUNOGLOBULIN M ABNORMAL
36211070,IMPACTED FRACTURE
37520869,BLEPHAROPLASTY
35607314,Asthenopia
37219934,Suffocation feeling
35205121,Double outlet right ventricle
36110410,Zygomycosis
36211597,MEDICAL DEVICE SITE REACTION
36617310,NEOPLASM RECURRENCE
35205173,CORONARY ARTERY THROMBOSIS
37219889,HYPOPNOEA
35607268,BINOCULAR EYE MOVEMENT DISORDER
36718459,SENSORIMOTOR DISORDER
36617247,HAEMANGIOMA
36110625,PERINEAL ABSCESS
36316339,BLOOD BICARBONATE INCREASED
36517131,CHONDROLYSIS
36314542,FALSE POSITIVE TUBERCULOSIS TEST
35808860,CATHETER SITE RASH
35205030,HYPERDYNAMIC LEFT VENTRICLE
42890648,DYSPLASTIC NAEVUS
37520645,JOINT FLUID DRAINAGE
35809264,PRODUCT LABEL CONFUSION
36516859,CATAPLEXY
36009837,STILL'S DISEASE ADULT ONSET
36718464,DEMYELINATING POLYNEUROPATHY
37521621,FORCEPS DELIVERY
36211334,MERALGIA PARAESTHETICA
36919168,Orgasm abnormal
35506569,Delayed puberty
36316120,Analgesic drug level increased
36314182,Glycosylated haemoglobin decreased
36919190,Compulsive sexual behaviour
36316339,Blood bicarbonate increased
42890622,Osteochondritis
35708299,Ileal perforation
36110523,Salpingitis
36315701,Urine calcium increased
35205134,Hypoplastic right heart syndrome
36211752,Subcutaneous emphysema
36919133,Tobacco abuse
35809049,FEVER NEONATAL
35909500,HYPERPHOSPHATASAEMIA
42889952,NOROVIRUS TEST POSITIVE
36313127,ANTI-ERYTHROPOIETIN ANTIBODY NEGATIVE
36009914,Takayasu's arteritis
35506541,Renal papillary necrosis
36315493,Ceruloplasmin decreased
35305425,HAEMORRHAGIC ARTERIOVENOUS MALFORMATION
37520703,Radiotherapy to breast
45885685,Disease susceptibility
43053809,Injection site hyperaesthesia
37220042,Pharyngeal erosion
36211725,Retained products of conception
42889626,Chemical burn of respiratory tract
36211399,Post-traumatic headache
42889504,HIV associated nephropathy
36718166,Progressive supranuclear palsy
36311827,Exercise test abnormal
35204916,Long QT syndrome congenital
36110376,Lower respiratory tract infection fungal
35808940,Infusion site nerve damage
37622530,Labile hypertension
35808882,IMPLANT SITE EXTRAVASATION
37521377,VASECTOMY
36211359,Penis injury
37521377,Vasectomy
36416587,Pseudo-Bartter syndrome
36718154,Cytotoxic oedema
43053836,Ductal adenocarcinoma of pancreas
36718082,VIITH NERVE PARALYSIS
35708208,VOMITING
37119494,BREAST TENDERNESS
36718317,LOSS OF CONSCIOUSNESS
36918948,DECREASED INTEREST
36311984,HEART RATE IRREGULAR
35205240,CARDIAC FAILURE
36617702,PROSTATE CANCER
37119529,PROSTATITIS
35708083,OESOPHAGITIS
36617308,NEOPLASM
37622442,CIRCULATORY COLLAPSE
35708106,GASTROOESOPHAGEAL REFLUX DISEASE
36313573,GAMMA-GLUTAMYLTRANSFERASE INCREASED
37220007,STRIDOR
37622528,ESSENTIAL HYPERTENSION
35205106,PULMONARY VALVE STENOSIS
36009723,SKIN REACTION
35708154,ABDOMINAL PAIN
36416595,HYPOKALAEMIA
37019321,RENAL IMPAIRMENT
35809158,PRE-EXISTING CONDITION IMPROVED
36211529,PHLEBITIS
35205263,COR PULMONALE
36918869,FEAR
37019330,HYDRONEPHROSIS
35104856,LEUKOCYTOSIS
37019273,URINARY TRACT DISORDER
35306107,CONGENITAL NYSTAGMUS
36110722,PYELONEPHRITIS
36009786,URTICARIA CHRONIC
36316011,PULMONARY FUNCTION TEST ABNORMAL
35205241,CARDIAC FAILURE ACUTE
36516757,SPINAL DISORDER
35809041,HYPOTHERMIA
35204913,CONDUCTION DISORDER
36009920,VASCULITIS NECROTISING
36211190,TOXIC ENCEPHALOPATHY
36211258,LIGAMENT INJURY
36718444,CHOLINERGIC SYNDROME
35809382,Cyst
42890550,Premature delivery
36316189,Drug specific antibody present
37219831,Interstitial lung disease
36211555,Device dislocation
36617495,Renal cell carcinoma
36211581,Complication of device insertion
36617532,CERVICAL POLYP
37320187,RASH PAPULAR
36211129,CLAVICLE FRACTURE
35204963,SUPRAVENTRICULAR TACHYCARDIA
36516763,COCCYDYNIA
45885923,Mouth swelling
35205280,Hypertensive cardiomyopathy
35809155,Pallor
35809394,Atrophy
36110881,Pneumonia cytomegaloviral
35204952,Arrhythmia supraventricular
37019364,Ureteral disorder
35809128,Fat tissue increased
37220057,Pharyngeal ulceration
36818749,Atelectasis neonatal
36315029,CSF TEST ABNORMAL
35204992,CARDIAC PROCEDURE COMPLICATION
36718353,CRYING
36311923,ELECTROCARDIOGRAM QT PROLONGED
36009700,ASTHMA
37320204,NAIL PSORIASIS
37119542,DYSMENORRHOEA
36211368,BACK INJURY
36718559,CIRCADIAN RHYTHM SLEEP DISORDER
36416609,SHOCK HAEMORRHAGIC
35104397,MYELODYSPLASTIC SYNDROME
35205144,ANOMALOUS PULMONARY VENOUS CONNECTION
36211121,LUMBAR VERTEBRAL FRACTURE
36009797,ANKYLOSING SPONDYLITIS
36313718,CARCINOEMBRYONIC ANTIGEN INCREASED
35204987,ATRIAL THROMBOSIS
36617426,SPINAL CORD NEOPLASM
36919228,SOMATOFORM DISORDER
37622480,VENA CAVA THROMBOSIS
37219804,Chronic obstructive pulmonary disease
36211463,Expired drug administered
43053888,Clostridium difficile infection
35607485,Visual impairment
35809407,Ulcer haemorrhage
42890387,Macule
37320143,Eczema
37420472,Victim of homicide
36718609,CEREBRAL ATROPHY
36211306,MULTIPLE INJURIES
36111030,MENINGITIS VIRAL
36110675,PILONIDAL CYST
37019310,RENAL MASS
36009834,Rheumatoid lung
35707572,Proctalgia
36311983,Heart rate increased
37622477,Thrombophlebitis superficial
43053848,Drug effect incomplete
37320129,Skin necrosis
36818810,Postpartum depression
36211086,Haemarthrosis
36314156,Blood glucose abnormal
35708688,Retroperitoneal haemorrhage
35809105,Gait spastic
36009799,Autoimmune disorder
36314183,Glycosylated haemoglobin increased
37320232,Skin hyperpigmentation
36211595,Medical device discomfort
43053788,Mycobacterial peritonitis
36211390,Scratch
35809058,Brain death
35809401,Metaplasia
37119659,Azoospermia
35104490,Diffuse large B-cell lymphoma
36919040,Flat affect
35708099,Colonic pseudo-obstruction
36718599,Spinal cord disorder
35506811,Thyroid neoplasm
35707743,Pancreatic mass
36818721,Ruptured ectopic pregnancy
35506493,Diabetic complication
36110683,Soft tissue infection
35607121,Eye inflammation
35707858,Intestinal haemorrhage
36313697,Rheumatoid factor increased
36211261,Muscle injury
36313254,Mean cell haemoglobin decreased
43562734,Expired device used
35205318,Dilatation atrial
37219801,Bronchitis chronic
35306085,Congenital choroid plexus cyst
37019298,Glomerulosclerosis
35708134,Megacolon
36718130,Cluster headache
35607097,Hordeolum
36009951,IMMUNODEFICIENCY
37320315,Piloerection
37320150,Neurodermatitis
42890352,Osmotic demyelination syndrome
42889387,Device battery issue
42890249,Penile erythema
37520600,Bone debridement
36718299,Apraxia
37320093,SKIN HYPERTROPHY
36617168,BREAST CANCER STAGE I
35708227,SMALL INTESTINAL STENOSIS
36718254,MASKED FACIES
36312297,BLOOD PARATHYROID HORMONE DECREASED
35707958,GASTROINTESTINAL CANDIDIASIS
35606962,EYE OEDEMA
36919195,LIBIDO DISORDER
36211474,WRONG DRUG ADMINISTERED
35607494,OPTIC NERVE DISORDER
37220030,NASAL TURBINATE HYPERTROPHY
36111023,ENCEPHALITIS VIRAL
35306127,CONGENITAL BLADDER ANOMALY
36718293,AGRAPHIA
37320203,GUTTATE PSORIASIS
35104833,EOSINOPHILIC MYOCARDITIS
36314062,LIPIDS ABNORMAL
37019302,RENAL TUBULAR ATROPHY
36315605,GLOMERULAR FILTRATION RATE ABNORMAL
35506603,TESTICULAR ATROPHY
35708648,LOCALISED INTRAABDOMINAL FLUID COLLECTION
35809256,PRODUCT CONTAMINATION PHYSICAL
37520852,EYE LASER SURGERY
37019392,BLADDER IRRITATION
35205265,COR PULMONALE CHRONIC
35808969,INJECTION SITE DISCHARGE
37019269,Contracted bladder
35104597,Angiocentric lymphoma
43053868,Gallbladder adenocarcinoma
36919065,DISINHIBITION
36009823,SYSTEMIC LUPUS ERYTHEMATOSUS
37320116,PEAU D'ORANGE
37119716,UTERINE DISORDER
37320212,Rash
36416496,Acidosis
37219868,Pulmonary hypertension
35606948,LACRIMAL DISORDER
35104119,Ecchymosis
36313476,White blood cell count decreased
37522279,Therapy cessation
37219945,Respiratory disorder
36718214,Psychomotor hyperactivity
36718004,Cerebral thrombosis
36211557,Device occlusion
36416551,Osteoporosis
36918948,Decreased interest
36516868,Muscle spasticity
42890591,Grief reaction
43562937,Aspergillus infection
36316367,Blood iron increased
36311940,Electrocardiogram T wave inversion
35506529,Diabetic retinal oedema
36313024,Coagulation time prolonged
35808924,Infusion site erythema
36211368,Back injury
35305441,Persistent left superior vena cava
35809173,Yellow skin
36211113,Jaw fracture
35506682,Pituitary tumour benign
36211283,Animal bite
36111036,Pneumonia viral
36315448,Amino acid level increased
35205341,Right ventricular dysfunction
36314347,Vitamin B12 decreased
36211090,Limb crushing injury
35305512,Multiple congenital abnormalities
36919195,Libido disorder
42890497,Bone loss
36717992,Cerebellar infarction
36009689,Allergic sinusitis
42890543,Ankle deformity
36516790,Chondrocalcinosis
36211710,Wound dehiscence
35707957,Gastrointestinal bacterial infection
37019237,Bladder dilatation
35205158,Truncus arteriosus persistent
35708611,Burning mouth syndrome
36110489,Extradural abscess
42890605,Menstruation normal
36315921,Colposcopy
36617321,Malignant pleural effusion
36211309,Post concussion syndrome
36918989,"Hallucination, tactile"
36109999,Actinomycosis
35305549,Congenital hearing disorder
35909520,Hepatorenal syndrome
35306136,Congenital hydronephrosis
36009902,Anti-neutrophil cytoplasmic antibody positive vasculitis
35606949,Lacrimation decreased
36313662,Antiphospholipid antibodies
37522351,Thrombectomy
35104863,Neutrophilia
35306160,Kidney duplex
37220024,Nasal oedema
37320153,Seborrhoeic dermatitis
36718531,Epileptic aura
35205022,Clubbing
35306132,Congenital vesicoureteric reflux
36718236,Paralysis flaccid
35607379,Retinal toxicity
37320164,RASH ERYTHEMATOUS
37420529,IMPAIRED DRIVING ABILITY
36110116,ENTEROCOCCAL INFECTION
37219823,PULMONARY GRANULOMA
36313804,BLOOD IMMUNOGLOBULIN G INCREASED
36314073,BLOOD TRIGLYCERIDES INCREASED
36313336,CD4 LYMPHOCYTES DECREASED
36313437,NEUTROPHIL COUNT INCREASED
36919070,IMPATIENCE
37520731,CARDIAC OPERATION
37622506,AORTIC DISORDER
35708238,GASTROINTESTINAL OBSTRUCTION
36211477,DRUG DISPENSING ERROR
36516755,PRIMARY SEQUESTRUM
36312536,BLOOD CREATINE PHOSPHOKINASE ABNORMAL
36110408,VULVOVAGINAL MYCOTIC INFECTION
36311937,ELECTROCARDIOGRAM T WAVE AMPLITUDE DECREASED
35808857,CATHETER SITE PAIN
36211176,MYOPATHY TOXIC
35808861,CATHETER SITE RELATED REACTION
36313631,ANTI-ERYTHROCYTE ANTIBODY POSITIVE
35809189,SOFT TISSUE INFLAMMATION
35506485,ADRENAL NEOPLASM
36818701,UTERINE HYPERTONUS
35607263,EXCESSIVE EYE BLINKING
36416699,HYPOURICAEMIA
37521188,DENTAL IMPLANTATION
36918935,PRESSURE OF SPEECH
37521402,RADICAL PROSTATECTOMY
36110094,BRUCELLOSIS
37219916,INCREASED BRONCHIAL SECRETION
35305763,AMINOACIDURIA
36416544,BONE METABOLISM DISORDER
37521332,TONSILLECTOMY
37219972,MEDIASTINAL HAEMATOMA
37520628,OPEN REDUCTION OF FRACTURE
35809018,INJECTION SITE STREAKING
37522199,LITHOTRIPSY
36416690,HYPERAMMONAEMIC ENCEPHALOPATHY
36516999,BENIGN BONE NEOPLASM
36009745,PERFUME SENSITIVITY
42889392,DEVICE POWER SOURCE ISSUE
36009720,PRURITUS ALLERGIC
36617483,METASTATIC CARCINOMA OF THE BLADDER
37522180,HOSPICE CARE
42889235,ILEAL FISTULA
37521028,ABDOMINAL HERNIA REPAIR
42889460,Product package associated injury
36416554,Renal osteodystrophy
37420502,Inadequate diet
37219908,Cough decreased
35808915,Infusion site abscess
36617508,Ureteric cancer
36416557,Senile osteoporosis
36416640,CARNITINE DEFICIENCY
36718597,SPINAL CLAUDICATION
36211649,ANASTOMOTIC STENOSIS
35104126,SPONTANEOUS HAEMATOMA
37522359,VASCULAR STENT INSERTION
35707616,ORAL FIBROMA
37219863,Pleural effusion
35808984,Injection site induration
35205043,Nocturnal dyspnoea
36718444,Cholinergic syndrome
35607035,Conjunctivitis infective
36314085,Anion gap increased
36718254,Masked facies
36313176,PLATELET COUNT DECREASED
36416513,APPETITE DISORDER
36316431,TRANSFERRIN SATURATION DECREASED
36313048,INTERNATIONAL NORMALISED RATIO DECREASED
36211668,INCISION SITE COMPLICATION
37320176,LICHEN PLANUS
35104490,DIFFUSE LARGE B-CELL LYMPHOMA
36316342,BLOOD CALCIUM ABNORMAL
37019267,VESICOURETERIC REFLUX
35205223,ENDOCARDITIS
36919129,INTENTIONAL DRUG MISUSE
36313349,EOSINOPHIL COUNT DECREASED
36211186,RETINOIC ACID SYNDROME
36919079,STUBBORNNESS
37521844,RESPIRATORY THERAPY
35707581,RECTAL TENESMUS
35708715,PAROTITIS
36315685,Urinary casts
37521227,EAR OPERATION
35708254,LARGE INTESTINAL OBSTRUCTION
35104277,Thalassaemia beta
43054196,Lobular breast carcinoma in situ
42890510,Postictal psychosis
37521535,Spinal decompression
36818747,Neonatal respiratory depression
35406367,Hand-arm vibration syndrome
35607290,OPSOCLONUS MYOCLONUS
35707840,GASTROOESOPHAGEAL SPHINCTER INSUFFICIENCY
42888955,Acute haemorrhagic oedema of infancy
37521659,MYOMECTOMY
37119565,OVARIAN RUPTURE
42890235,SPERM CONCENTRATION DECREASED
37320219,Rash scarlatiniform
37622413,Vascular insufficiency
36110338,HEPATOSPLENIC CANDIDIASIS
36516902,INTERVERTEBRAL DISC CALCIFICATION
35406393,VERTIGO LABYRINTHINE
35305668,CONGENITAL INGUINAL HERNIA
42889637,FOETAL EXPOSURE TIMING UNSPECIFIED
36617516,Urethral cancer
35708121,PRESBYOESOPHAGUS
36416562,Dystrophic calcification
36211739,PULMONARY AIR LEAKAGE
37522376,Venous operation
35205093,MITRAL VALVE HYPOPLASIA
35306228,LARYNGEAL CLEFT
35104575,Adult T-cell lymphoma/leukaemia recurrent
36314318,BLOOD 25-HYDROXYCHOLECALCIFEROL INCREASED
42889504,HIV ASSOCIATED NEPHROPATHY
42890664,PANCREATIC STENT PLACEMENT
36919052,MOOD SWINGS
35104721,HEPATOSPLENOMEGALY
36718303,DYSGRAPHIA
35809054,PYREXIA
35809139,IRRITABILITY
36516876,MUSCULAR WEAKNESS
35506587,MENSTRUATION IRREGULAR
35205325,LEFT VENTRICULAR HYPERTROPHY
37219959,RHINORRHOEA
36211272,NERVE COMPRESSION
36416501,RESPIRATORY FAILURE
37220008,NASAL CONGESTION
36211263,MUSCLE STRAIN
37622460,THROMBOSIS
36211383,BLISTER
37320215,RASH MACULO-PAPULAR
37622475,SUBCLAVIAN VEIN THROMBOSIS
36416493,METABOLIC ALKALOSIS
35708351,MESENTERIC VEIN THROMBOSIS
35305493,CONGENITAL ANOMALY
36718566,SLEEP APNOEA SYNDROME
36110540,DEVICE RELATED INFECTION
36211135,ULNA FRACTURE
35707598,GASTRIC POLYPS
36516843,MUSCLE FATIGUE
36517152,TRIGGER FINGER
35607006,EYE HAEMORRHAGE
35707686,GINGIVAL BLEEDING
37219934,SUFFOCATION FEELING
35707833,HYPERCHLORHYDRIA
36416600,HYPONATRAEMIA
36211725,RETAINED PRODUCTS OF CONCEPTION
36718178,BRADYPHRENIA
36009737,DRUG ERUPTION
37219960,SNEEZING
36111004,RHINOVIRUS INFECTION
35909621,HEPATITIS TOXIC
35708409,RECTAL CANCER
36312074,BLOOD PRESSURE DIASTOLIC INCREASED
36009731,ALLERGY TO VACCINE
35708154,Abdominal pain
35708636,Aphthous stomatitis
37019449,Nocturia
37320199,Rash pruritic
35607450,Visual acuity reduced
35205268,Right ventricular failure
35708070,Gastrointestinal inflammation
35809041,Hypothermia
35809268,Product lot number issue
36312086,Blood pressure systolic decreased
36516922,CERVICAL SPINAL STENOSIS
35506481,ADRENAL ADENOMA
37320281,HIDRADENITIS
35606965,Eye swelling
35506457,Addison's disease
37420543,Physical disability
36919221,Conversion disorder
35707865,Haematemesis
35909473,Jaundice cholestatic
37520723,Implantable defibrillator insertion
36211669,Incision site erythema
36718202,Fine motor delay
35305617,COLOBOMA
35205029,HAEMOPTYSIS
37119545,METRORRHAGIA
35607358,MACULAR DEGENERATION
36313177,PLATELET COUNT INCREASED
35809085,FEELING DRUNK
35406392,VERTIGO
35104868,LEUKOPENIA
36110672,NAIL INFECTION
35104774,RETROPERITONEAL LYMPHADENOPATHY
36009735,DERMATITIS CONTACT
36718108,DEMYELINATION
36211313,SKELETAL INJURY
35607460,MYOPIA
35909642,HAEMANGIOMA OF LIVER
36009897,KIDNEY TRANSPLANT REJECTION
36718520,SIMPLE PARTIAL SEIZURES
36818783,OLIGOHYDRAMNIOS
37320206,PUSTULAR PSORIASIS
35708089,PROCTITIS
36110618,ABSCESS NECK
37522180,Hospice care
36718288,Coma
35305493,Congenital anomaly
36516954,Limb discomfort
36315155,Intraocular pressure increased
36211467,Incorrect drug administration rate
37320310,Hair colour changes
35809337,Immediate post-injection reaction
36818760,Bronchopulmonary dysplasia
37119640,Genital rash
42889567,Drug administered to patient of inappropriate age
35506521,DIABETIC NEUROPATHY
37220036,SINUS CONGESTION
36313139,BLOOD VISCOSITY INCREASED
36416695,GOUT
36718369,THINKING ABNORMAL
42890552,HAEMORRHAGE IN PREGNANCY
35506542,ENDOCRINE DISORDER
36313254,MEAN CELL HAEMOGLOBIN DECREASED
35104091,MICROCYTIC ANAEMIA
36211297,Fall
42889461,Product packaging issue
36516817,Joint stiffness
37219959,Rhinorrhoea
36718335,Motor dysfunction
36315381,Weight increased
35708608,Paraesthesia oral
36211478,Drug prescribing error
35104357,Erythroleukaemia
36009704,Dermatitis allergic
35708220,Duodenal stenosis
36718359,Head discomfort
36312669,Occult blood positive
36416721,Vitamin B12 deficiency
35205276,Congestive cardiomyopathy
36313741,Prostatic specific antigen increased
36313583,Hepatic enzyme abnormal
36253682,Skin abrasion
35808852,Catheter site haemorrhage
35205172,Coronary artery stenosis
35708625,Oral pruritus
35708272,Duodenal ulcer perforation
35808906,Implant site scar
36315664,Nitrite urine present
35708617,Lip exfoliation
35909555,Hepatic haematoma
36009897,Kidney transplant rejection
37219916,Increased bronchial secretion
36516773,Cutis laxa
42889395,Incorrect dose administered by device
35708612,Foaming at mouth
37520602,Bone graft
37320281,Hidradenitis
35708148,Faeces hard
36110528,Uterine infection
36110548,Incision site infection
37622499,Venoocclusive disease
35808902,Implant site pruritus
36416652,Lipodystrophy acquired
35708158,Abdominal rigidity
35707679,Gingival hypertrophy
35205104,Pulmonary valve incompetence
36312855,Full blood count abnormal
37521035,Appendicectomy
36818798,Lactation disorder
36617234,Metastases to pleura
36314769,Viral test positive
37119688,Testicular pain
36416654,Lipohypertrophy
35305975,Congenital scoliosis
35104795,Splenic haemorrhage
36718060,Cerebral venous thrombosis
42889496,Graft versus host disease in liver
42890458,Trousseau's sign
37219902,Brain hypoxia
35909432,BILIARY DILATATION
36312566,BLOOD ALKALINE PHOSPHATASE ABNORMAL
35809060,DEATH NEONATAL
36617883,BRONCHIAL CARCINOMA
37522263,STENT PLACEMENT
37420549,WALKING AID USER
36718344,ABULIA
36617836,NON-SMALL CELL LUNG CANCER
37119758,VULVAL ULCERATION
36717961,GLIOSIS
37119463,BREAST HYPERPLASIA
37522357,VASCULAR OPERATION
35306259,ABNORMAL PALMAR/PLANTAR CREASES
36314723,HUMAN HERPES VIRUS 6 SEROLOGY POSITIVE
35506673,CRANIOPHARYNGIOMA
37521591,SALPINGO-OOPHORECTOMY BILATERAL
36918997,CONFABULATION
36314635,EPSTEIN-BARR VIRUS TEST POSITIVE
35506730,NEUROENDOCRINE TUMOUR
36718595,RADICULOPATHY
35305960,CRANIOSYNOSTOSIS
35809320,Adverse event
36416515,Diet refusal
36009762,Angioedema
36517134,Costochondritis
35205190,Myocardial ischaemia
36718540,STATUS EPILEPTICUS
37622446,Shock
35205305,Atrial septal defect
42889495,Drug-induced liver injury
36718136,Sinus headache
36718024,Subarachnoid haemorrhage
35607367,Retinal degeneration
36211596,Medical device pain
35809094,Sensation of foreign body
35607065,Punctate keratitis
36919233,Self-injurious ideation
36416664,Apoptosis
35809206,Mucosal infection
35707721,Pancreatitis necrotising
43562833,Incorrect dosage administered
35104336,Acute leukaemia
36516896,Hand deformity
36211311,Road traffic accident
36211504,Inadequate analgesia
35708006,Enterocolitis infectious
35104466,B-cell lymphoma recurrent
35306061,Meningomyelocele
42890441,Slow response to stimuli
35909515,Chronic hepatic failure
35808857,Catheter site pain
36718043,Cerebral microangiopathy
35506666,Hypothalamo-pituitary disorder
37522140,Debridement
35606991,Open angle glaucoma
37019314,Acute prerenal failure
37420530,IMPAIRED WORK ABILITY
37019344,Renal arteriosclerosis
36717974,Basal ganglia haemorrhage
35707642,Poor dental condition
35708282,Gastric ulcer perforation
36617936,Bowen's disease
35506783,Thyroid mass
36516770,Collagen disorder
36416581,Hypochloraemia
36312488,Thyroxine increased
35809111,Bloody discharge
37119660,Haematospermia
36919167,Male orgasmic disorder
35909669,Hepatic cancer stage IV
36416675,Hyperlipasaemia
36516784,Neuropathic arthropathy
35607287,Oculogyric crisis
35909643,Hepatic adenoma
35809231,Axillary pain
36516733,Bone infarction
42890521,Substance use
35708079,Pouchitis
36718442,Autonomic neuropathy
36516965,Extremity contracture
35707908,Gastroenteritis Escherichia coli
36110121,Cystitis escherichia
37119572,Chordee
36313867,SKIN TEST POSITIVE
36718239,PARESIS
35506490,Neuroblastoma
37520890,Intraocular lens implant
35809137,INDURATION
36919145,ACUTE PSYCHOSIS
36818771,UMBILICAL CORD ABNORMALITY
37522236,POLYPECTOMY
37420502,INADEQUATE DIET
36718012,INTRACRANIAL HAEMATOMA
36313096,PROTHROMBIN TIME SHORTENED
36315573,BLOOD CREATININE ABNORMAL
37420482,IMPRISONMENT
36110662,ECZEMA INFECTED
35305671,EXOMPHALOS
35305505,HEREDITARY ANGIOEDEMA
36316012,PULMONARY FUNCTION TEST DECREASED
36416644,FAT REDISTRIBUTION
36313548,BLOOD BILIRUBIN ABNORMAL
35808933,INFUSION SITE INFECTION
36919168,ORGASM ABNORMAL
37119659,AZOOSPERMIA
36818768,RENAL FAILURE NEONATAL
36314851,ARTHROSCOPY
37320300,NAIL PITTING
36516923,CERVICAL SPINE FLATTENING
37219797,ASTHMATIC CRISIS
37219830,IDIOPATHIC PULMONARY FIBROSIS
37520654,LIGAMENT OPERATION
37522279,THERAPY CESSATION
36211284,ANIMAL SCRATCH
37119655,INFERTILITY FEMALE
36919066,DISTURBANCE IN SOCIAL BEHAVIOUR
35205324,LEFT VENTRICULAR DYSFUNCTION
36211090,LIMB CRUSHING INJURY
36211508,UNWANTED AWARENESS DURING ANAESTHESIA
35506563,OESTROGEN DEFICIENCY
36416522,SLEEP-RELATED EATING DISORDER
35809324,DRUG EFFECT DELAYED
35305412,RIGHT AORTIC ARCH
35707573,ANAL INFLAMMATION
35707768,GASTROINTESTINAL STOMA COMPLICATION
36312611,AMNIOTIC FLUID VOLUME DECREASED
35808884,IMPLANT SITE HAEMATOMA
36818814,HIGH RISK PREGNANCY
35104277,THALASSAEMIA BETA
35506475,ADRENAL HAEMORRHAGE
42889402,DEVICE DAMAGE
42890352,OSMOTIC DEMYELINATION SYNDROME
42889801,AMYLASE INCREASED
42889231,GASTRIC MUCOSA ERYTHEMA
35707652,TOOTH IMPACTED
36316019,SPIROMETRY ABNORMAL
36211362,UTERINE INJURY
36818749,ATELECTASIS NEONATAL
35104097,ANAEMIA OF MALIGNANT DISEASE
35104300,EXTRAVASCULAR HAEMOLYSIS
35607405,MACULAR ISCHAEMIA
42890622,OSTEOCHONDRITIS
35506602,HYPOGONADISM MALE
35809050,Hyperpyrexia
35707574,Anal pruritus
36516799,Joint ankylosis
36312567,BLOOD ALKALINE PHOSPHATASE DECREASED
36919056,LAZINESS
35104326,LEUKAEMIA RECURRENT
35909516,COMA HEPATIC
35406379,INNER EAR DISORDER
36315482,BLOOD CHROMOGRANIN A INCREASED
35506706,HYPERCALCAEMIA OF MALIGNANCY
35205080,CARDIAC VALVE VEGETATION
35809268,PRODUCT LOT NUMBER ISSUE
36211346,RENAL HAEMATOMA
36718573,CERVICAL CORD COMPRESSION
35205085,SHONE COMPLEX
42888981,ATRIOVENTRICULAR DISSOCIATION
36718011,HAEMORRHAGIC TRANSFORMATION STROKE
37119624,GENITAL LESION
42889754,Human chorionic gonadotropin decreased
37320344,Spider vein
35607032,Conjunctivitis allergic
36110557,Neonatal infection
35104215,Post transplant distal limb syndrome
42890467,Decreased vibratory sense
36918966,Dissociative identity disorder
42890493,Crystal nephropathy
35305402,Single umbilical artery
36316117,Analgesic drug level above therapeutic
36718441,Atonic urinary bladder
37219851,Non-cardiogenic pulmonary oedema
37219814,Diffuse alveolar damage
36617720,Neoplasm prostate
37219828,Bullous lung disease
35708370,Short-bowel syndrome
36009811,Pulmonary renal syndrome
37219884,Pulmonary veno-occlusive disease
35305418,CONGENITAL ARTERIOVENOUS FISTULA
36517088,OSTEOSARCOMA METASTATIC
42890827,DISTRIBUTIVE SHOCK
35607337,Vitreous opacities
36312885,Biopsy lymph gland
37521933,Lipoma excision
37119693,TESTIS DISCOMFORT
36416557,SENILE OSTEOPOROSIS
35305702,Cleft uvula
35808859,CATHETER SITE PRURITUS
36818633,Abortion of ectopic pregnancy
35506659,Secondary hypogonadism
36110778,Renal tuberculosis
37521195,GINGIVECTOMY
35707834,Hypergastrinaemia
35305725,Congenital absence of bile ducts
35406445,Tympanosclerosis
42889332,CATHETER SITE ABSCESS
35406367,HAND-ARM VIBRATION SYNDROME
37520975,GASTRIC ULCER SURGERY
36315921,COLPOSCOPY
42890573,PLANTAR FASCIAL FIBROMATOSIS
36516848,MUSCLE SPASMS
36718001,CEREBRAL INFARCTION
36718321,SOMNOLENCE
36718214,PSYCHOMOTOR HYPERACTIVITY
36315380,WEIGHT DECREASED
35205185,CHEST PAIN
35809013,INJECTION SITE RASH
36110649,SEPTIC SHOCK
37119589,PENIS DISORDER
35809320,ADVERSE EVENT
36718090,ANOSMIA
36009783,URTICARIA
36617162,BREAST CANCER
42889647,TOXICITY TO VARIOUS AGENTS
36718119,ENCEPHALOPATHY
35205257,LEFT VENTRICULAR FAILURE
37622455,EMBOLISM
35909511,HYPOALBUMINAEMIA
36211102,HIP FRACTURE
36918905,PANIC DISORDER
35104113,PANCYTOPENIA
35506805,BENIGN NEOPLASM OF THYROID GLAND
35708105,GASTROINTESTINAL HYPOMOTILITY
36313583,HEPATIC ENZYME ABNORMAL
35104323,LEUKAEMIA
36617297,METASTATIC NEOPLASM
36918898,SOCIAL PHOBIA
35606954,SJOGREN'S SYNDROME
35707936,ABDOMINAL ABSCESS
35707572,PROCTALGIA
35707856,ANAL HAEMORRHAGE
35506465,SECONDARY ADRENOCORTICAL INSUFFICIENCY
35809213,OEDEMA MUCOSAL
36718155,INTRACRANIAL PRESSURE INCREASED
35607013,OPTIC ISCHAEMIC NEUROPATHY
35607478,Photopsia
36110466,Osteomyelitis
35205136,Patent ductus arteriosus
37219893,Respiratory arrest
42890434,Resting tremor
36718338,Nervous system disorder
35708256,Volvulus
35708322,Peptic ulcer
36314129,PO2 increased
36211181,NEUROTOXICITY
35104270,SICKLE CELL ANAEMIA
36516772,CONNECTIVE TISSUE DISORDER
35708360,Haemorrhoids
36211675,Peritoneal dialysis complication
35707535,Hiatus hernia
36211499,Anaesthetic complication
35809091,Hunger
35707849,Gastric haemorrhage
35808850,Catheter site erythema
35305706,Cleft palate
36718615,Encephalomalacia
43053892,Pulmonary contusion
35707581,Rectal tenesmus
37420353,Life expectancy shortened
36416686,Fanconi syndrome acquired
36211466,INCORRECT DRUG ADMINISTRATION DURATION
35708207,RETCHING
37219945,RESPIRATORY DISORDER
36110552,INFECTION
36718578,LUMBAR RADICULOPATHY
36718552,SOMNAMBULISM
36110320,BRONCHOPULMONARY ASPERGILLOSIS
42890333,UPPER-AIRWAY COUGH SYNDROME
35708177,HYPERPHAGIA
37320338,LIVEDO RETICULARIS
35305949,POLYDACTYLY
36617187,DERMAL CYST
35606889,IRIS ADHESIONS
35607441,Blindness
35708063,Crohn's disease
36718329,Cerebral disorder
36516932,Spinal deformity
36919236,Suicide attempt
37019401,Pollakiuria
36314064,Lipids increased
36211209,Vascular rupture
36110099,CLOSTRIDIAL INFECTION
35808926,INFUSION SITE EXTRAVASATION
35104672,HYPERGAMMAGLOBULINAEMIA BENIGN MONOCLONAL
37219894,RESPIRATORY DEPRESSION
35708071,GASTROINTESTINAL TOXICITY
35708187,Pelvic pain
35305414,Arteriovenous malformation
35606950,Lacrimation increased
35607031,Conjunctivitis
36718199,Dyskinesia
35809246,Post procedural discomfort
36516787,Sacroiliitis
36211300,Gun shot wound
36416641,Dyslipidaemia
36516956,Musculoskeletal discomfort
35204947,Tachyarrhythmia
36919170,Premature ejaculation
35205133,Hypoplastic left heart syndrome
37019315,Anuria
36316004,Peak expiratory flow rate decreased
35707678,Gingival hyperplasia
36312236,Insulin-like growth factor decreased
36818713,Ectopic pregnancy
35809307,Alcohol interaction
36009891,Acute graft versus host disease
42889129,Vitreous floaters
36718292,Agnosia
37219922,Rales
36110062,Pyomyositis
35205329,Myocardial fibrosis
37219958,Rhinalgia
36416549,Osteomalacia
35707753,Appendix disorder
36919102,Choking sensation
37520664,Shoulder operation
35104097,Anaemia of malignant disease
36315233,Retinogram abnormal
36818788,Placental disorder
36110044,Incision site cellulitis
35808794,Application site discharge
35406360,Deafness bilateral
36718181,Judgement impaired
37520829,Thyroidectomy
35708213,Anal stenosis
36312135,GENE MUTATION IDENTIFICATION TEST POSITIVE
37420513,Cardiac assistance device user
35708192,Post cholecystectomy syndrome
37220059,Tonsillar disorder
35607155,Cytomegalovirus chorioretinitis
37420372,Stress at work
36416490,Alkalosis
36818805,Postpartum haemorrhage
42890219,Lower urinary tract symptoms
36211298,Fat embolism
35809390,Fat necrosis
35708146,FAECALOMA
35909641,FOCAL NODULAR HYPERPLASIA
35204931,CARDIAC FLUTTER
35808795,APPLICATION SITE DISCOLOURATION
35506532,RETINAL NEOVASCULARISATION
36311910,ELECTROCARDIOGRAM PR PROLONGATION
36315620,RENAL FUNCTION TEST ABNORMAL
37320153,SEBORRHOEIC DERMATITIS
36919221,CONVERSION DISORDER
35607029,CONJUNCTIVAL OEDEMA
35708631,GINGIVAL OEDEMA
37420368,JOB DISSATISFACTION
36211596,MEDICAL DEVICE PAIN
35104885,NEUTROPENIC COLITIS
37320253,SKIN EROSION
36211328,WOUND HAEMORRHAGE
36009859,AMYLOIDOSIS
37521473,CARPAL TUNNEL DECOMPRESSION
36818838,PREGNANCY ON CONTRACEPTIVE
37019269,CONTRACTED BLADDER
36517141,LIGAMENT PAIN
42889368,DEVICE COMPUTER ISSUE
42888986,PULSELESS ELECTRICAL ACTIVITY
36818754,NEONATAL ASPIRATION
37521754,Ureteral stent insertion
36110985,Respiratory syncytial virus bronchiolitis
35809287,Product gel formation
35909463,GALLBLADDER PERFORATION
36517148,TENDON CALCIFICATION
37521887,SCAR EXCISION
36110369,FUNGAL INFECTION
36718321,Somnolence
36718079,FACIAL PARESIS
37320198,Pruritus generalised
36517076,Metastases to bone
35707848,Gastric antral vascular ectasia
37320193,Photosensitivity reaction
35708240,Ileus
37420593,Tobacco user
36211285,Arthropod bite
36110888,Epstein-Barr virus infection
36211529,Phlebitis
36313679,DNA antibody positive
37520641,Hip arthroplasty
36009873,Decreased immune responsiveness
36718155,Intracranial pressure increased
36718198,Clumsiness
35809361,Treatment failure
36315271,Body temperature fluctuation
37220040,Adenoidal hypertrophy
37219807,Obstructive airways disorder
36818837,Pregnancy after post coital contraception
35104174,Hypercoagulation
36313410,Monocyte percentage increased
35204958,Sinus arrhythmia
35607108,Eye allergy
35708635,Palatal oedema
35809392,Necrosis
35204956,Sick sinus syndrome
35306250,Pulmonary malformation
37320090,Skin wrinkling
36718142,Migraine with aura
35708227,Small intestinal stenosis
36516819,Joint warmth
37622419,Venous stenosis
36110911,Genital herpes
35406443,Tympanic membrane perforation
36717975,Basal ganglia infarction
36718261,Essential tremor
37622399,Arterial insufficiency
36718123,Leukoencephalopathy
35104398,Myelodysplastic syndrome transformation
35205031,Jugular vein distension
35606927,Eyelid erosion
37520805,Steroid therapy
42889637,Foetal exposure timing unspecified
35707920,Gastroenteritis norovirus
35607385,Scleral discolouration
35306062,Neural tube defect
42890169,Tumour perforation
35808808,Application site infection
37622444,Hypovolaemic shock
35809021,Injection site ulcer
36416699,Hypouricaemia
35708351,Mesenteric vein thrombosis
35606950,LACRIMATION INCREASED
37521654,HYSTERECTOMY
35406307,EAR DISCOMFORT
36718212,POSTURING
35809074,CHRONIC FATIGUE SYNDROME
35707745,PANCREATIC PSEUDOCYST
35707775,INTESTINAL MUCOSAL HYPERTROPHY
35909491,HEPATIC INFECTION
36516870,NUCHAL RIGIDITY
35909571,VENOOCCLUSIVE LIVER DISEASE
37521194,GINGIVAL OPERATION
36009915,TEMPORAL ARTERITIS
35707595,DUODENAL POLYP
37420517,DENTURE WEARER
36516929,NECK DEFORMITY
35707858,INTESTINAL HAEMORRHAGE
37521014,INTESTINAL ANASTOMOSIS
35205212,RHEUMATIC FEVER
36516791,ARTHROFIBROSIS
36416490,ALKALOSIS
37521313,SINUS OPERATION
36110574,SUPERINFECTION
36517016,LIPOMA
35708496,SALIVARY GLAND CANCER
35707678,GINGIVAL HYPERPLASIA
35104886,NEUTROPENIC INFECTION
35809251,SUPRAPUBIC PAIN
37220065,TRACHEAL DISORDER
36211219,INTRACRANIAL HYPOTENSION
35205009,ORTHOSTATIC INTOLERANCE
37521662,UTERINE DILATION AND CURETTAGE
37320284,SWEAT GLAND DISORDER
36818845,UNWANTED PREGNANCY
36314366,VITAMIN D INCREASED
35809315,POTENTIATING DRUG INTERACTION
36516984,AXILLARY MASS
37521813,THORACOTOMY
35506506,DIABETIC ULCER
37521031,INCISIONAL HERNIA REPAIR
37521049,COLOSTOMY CLOSURE
36110738,ARTERIOVENOUS FISTULA SITE INFECTION
42890296,VULVOVAGINAL ERYTHEMA
36312305,BLOOD CORTICOTROPHIN DECREASED
36516893,ELBOW DEFORMITY
42889186,OESOPHAGEAL IRRITATION
36316365,BLOOD IRON ABNORMAL
35707855,Portal hypertensive gastropathy
37622429,Iliac vein occlusion
36211771,Urinary retention postoperative
36313710,Carbohydrate antigen 15-3 increased
35607321,Chorioretinal atrophy
37520669,Wrist surgery
37119605,Spermatocele
35606898,IRIS TRANSILLUMINATION DEFECT
37220071,TRACHEAL OEDEMA
36617217,METASTASES TO BLADDER
37521141,PLATELET TRANSFUSION
35104204,Hyperviscosity syndrome
36314688,Hepatitis C RNA fluctuation
36818776,Umbilical cord vascular disorder
35809285,PRODUCT DOSAGE FORM ISSUE
35708746,Glossodynia
37019292,Nephrotic syndrome
36211128,Sternal fracture
36313657,Antineutrophil cytoplasmic antibody positive
35809142,LOCAL SWELLING
36919233,SELF-INJURIOUS IDEATION
35506574,PRECOCIOUS PUBERTY
36314766,VIRAL MUTATION IDENTIFIED
36211391,SKIN INJURY
37019298,GLOMERULOSCLEROSIS
36818755,NEONATAL TACHYPNOEA
37522372,VARICOSE VEIN OPERATION
35506692,WATER INTOXICATION
36313659,ANTINUCLEAR ANTIBODY INCREASED
36718431,REPETITIVE SPEECH
42890076,PSEUDOMONAS TEST POSITIVE
36312536,Blood creatine phosphokinase abnormal
36617828,LUNG ADENOCARCINOMA STAGE IV
35808815,APPLICATION SITE OEDEMA
37522178,HIGH FREQUENCY ABLATION
37119695,PELVIC PROLAPSE
35506465,Secondary adrenocortical insufficiency
36313781,Interleukin level increased
42890621,MENISCAL DEGENERATION
37119697,Uterovaginal prolapse
36919153,SHARED PSYCHOTIC DISORDER
43054121,Eccrine squamous syringometaplasia
35104159,Coagulation disorder neonatal
36617315,Bence Jones proteinuria
37521809,THORACIC OPERATION
36109993,Post streptococcal glomerulonephritis
35104872,Monocytopenia
42888946,Congenital hypercoagulation
36718400,MORTON'S NEURALGIA
42890458,TROUSSEAU'S SIGN
36516959,PAIN IN EXTREMITY
35506459,ADRENAL INSUFFICIENCY
36718422,DYSPHONIA
36919054,APATHY
35205236,OEDEMA PERIPHERAL
36718554,INITIAL INSOMNIA
36718190,CHOREA
35205044,ORTHOPNOEA
36918984,HALLUCINATION
37019238,BLADDER DISORDER
36718347,AGITATION
35809086,FEELING HOT
36315274,BREATH SOUNDS ABNORMAL
36211104,PATELLA FRACTURE
36416608,HYPOVOLAEMIA
36211492,INTENTIONAL OVERDOSE
37219785,BRONCHIAL DISORDER
36918912,CATATONIA
36110664,FURUNCLE
36516867,MUSCLE RIGIDITY
35607478,PHOTOPSIA
36818839,PREGNANCY ON ORAL CONTRACEPTIVE
35708155,ABDOMINAL PAIN LOWER
37622379,ANEURYSM
36718259,PARKINSONISM
37622451,ORTHOSTATIC HYPOTENSION
37320293,NAIL DISCOLOURATION
36211390,SCRATCH
35506632,INSULIN RESISTANCE
36416523,ABNORMAL LOSS OF WEIGHT
35506788,EXOPHTHALMOS
36717985,CAROTID ARTERY OCCLUSION
35708663,PERITONITIS
37622419,VENOUS STENOSIS
37219799,BRONCHIAL OBSTRUCTION
36919123,ALCOHOL ABUSE
36818792,PLACENTAL INSUFFICIENCY
37019434,LEUKOCYTURIA
36718564,NARCOLEPSY
36718272,HYPERREFLEXIA
36918983,FLASHBACK
37521877,Skin graft
35104113,Pancytopenia
35104125,Petechiae
36718010,Haemorrhagic stroke
37219925,Acute respiratory failure
36211451,Sunburn
36211218,Extradural haematoma
37019312,Single functional kidney
35708519,Oesophageal carcinoma
35708737,Tongue disorder
35708723,AGEUSIA
36718157,Dementia Alzheimer's type
35606985,Glaucoma
37520662,Rotator cuff repair
36009957,Hypogammaglobulinaemia
35104181,Purpura
36919228,Somatoform disorder
36009951,Immunodeficiency
36110122,Escherichia bacteraemia
36919021,Impulsive behaviour
36516895,Foot deformity
37219872,Pulmonary infarction
37622407,INFARCTION
35406331,CERUMEN IMPACTION
36211305,LACERATION
35205001,HEART DISEASE CONGENITAL
35708293,GASTROINTESTINAL PERFORATION
36009891,ACUTE GRAFT VERSUS HOST DISEASE
35205315,CARDIOMEGALY
35607475,METAMORPHOPSIA
37320090,SKIN WRINKLING
35506593,OVARIAN HYPERSTIMULATION SYNDROME
36009717,PANNICULITIS
36009928,HIV INFECTION
36516894,FINGER DEFORMITY
36110584,Bronchitis
37622397,Aortic stenosis
42890829,Peripheral artery thrombosis
42889536,Infective pulmonary exacerbation of cystic fibrosis
36110594,Neonatal pneumonia
35809300,Product counterfeit
35204909,Bundle branch block
36416485,Lactic acidosis
36717997,Cerebral haematoma
35607305,Miosis
36416534,OBESITY
36211073,MULTIPLE FRACTURES
36313246,HAEMOGLOBIN INCREASED
36110651,UROSEPSIS
36517140,LIGAMENT DISORDER
35809091,HUNGER
35809050,HYPERPYREXIA
35809077,Lethargy
35809133,Hot flush
36312077,Blood pressure increased
42888930,Thrombocytosis
35607414,Retinal haemorrhage
36818706,Premature separation of placenta
36718606,Brain injury
36919183,Erectile dysfunction
42889402,Device damage
36315595,Creatinine renal clearance decreased
37320214,Rash macular
35809395,Calcinosis
36718550,Sleep talking
36617411,Brain neoplasm
36211130,Forearm fracture
36313177,Platelet count increased
35204975,Sudden cardiac death
36211474,Wrong drug administered
35708539,Pancreatic carcinoma metastatic
35708211,Vomiting projectile
35808982,Injection site hypersensitivity
35708601,Oropharyngeal candidiasis
36110636,Fungaemia
43562840,Application site laceration
35205067,Aortic valve stenosis
35205258,Pulmonary congestion
42890525,Orthopaedic procedure
35708014,Fungal oesophagitis
35305502,Foetal malformation
36718344,Abulia
36718223,Oromandibular dystonia
35607326,Choroidal effusion
35809314,Inhibitory drug interaction
36111011,Measles
36416578,Nephrogenic diabetes insipidus
36416542,Weight loss poor
37521007,Gastrointestinal tube insertion
35606837,Conjunctival erosion
35708616,Lip discolouration
35708649,Malignant ascites
36718578,Lumbar radiculopathy
37019443,Urine abnormality
45885655,Stoma complication
43562715,Haemofiltration
36919105,Impaired self-care
36315934,Mammogram abnormal
36315484,C-reactive protein abnormal
37119612,Prostatic disorder
36617228,Metastases to ovary
35205145,Congenital cardiovascular anomaly
37520709,Breast reconstruction
36314008,Low density lipoprotein decreased
35607405,Macular ischaemia
35607442,Blindness cortical
36211077,Pseudarthrosis
35305546,Low set ears
36312329,Blood prolactin abnormal
37219806,Obliterative bronchiolitis
36316139,Anticonvulsant drug level increased
37019284,Glomerulonephritis membranoproliferative
35809008,Injection site paraesthesia
35305707,High arched palate
36313371,LYMPHOCYTE COUNT DECREASED
36313968,LABORATORY TEST ABNORMAL
36516967,GROWTH RETARDATION
35204958,SINUS ARRHYTHMIA
36313791,BLOOD IMMUNOGLOBULIN A INCREASED
36617837,NON-SMALL CELL LUNG CANCER METASTATIC
37520757,HEART VALVE REPLACEMENT
37119477,BREAST NECROSIS
35708016,OESOPHAGEAL CANDIDIASIS
37521016,INTESTINAL OPERATION
36315984,FORCED EXPIRATORY VOLUME DECREASED
35707859,LARGE INTESTINAL HAEMORRHAGE
36312492,TRI-IODOTHYRONINE DECREASED
35205310,CARDIAC HYPERTROPHY
36009750,REACTION TO PRESERVATIVES
35506642,HYPOGLYCAEMIC UNCONSCIOUSNESS
35506510,DIABETIC GASTROPARESIS
35104065,ANAEMIA FOLATE DEFICIENCY
42890056,HELICOBACTER TEST POSITIVE
36416614,ALCOHOL INTOLERANCE
42890650,Impaired reasoning
37522013,DRUG DETOXIFICATION
37119651,PRIAPISM
36516886,Myopathy
35707632,Tooth infection
37220008,Nasal congestion
35104103,Bone marrow failure
37320311,Hair disorder
35607430,Retinopathy
35104070,Iron deficiency anaemia
36313983,Blood cholesterol abnormal
35104698,Polycythaemia
37119587,Penile vascular disorder
36211260,Ligament sprain
35506774,Goitre
35809014,Injection site reaction
36919007,Perseveration
36316390,Blood sodium abnormal
35809149,Multimorbidity
35104271,Sickle cell anaemia with crisis
35708279,Gastric ulcer haemorrhage
42890036,Clostridium test positive
42890821,May-Thurner syndrome
35708308,Large intestinal ulcer
36211321,Traumatic haemorrhage
36211637,Post lumbar puncture syndrome
36314486,Antimicrobial susceptibility test resistant
37520706,Breast operation
36919061,Asocial behaviour
35205233,Hepatic congestion
35506632,Insulin resistance
35707733,Pancreatic duct dilatation
37420520,Edentulous
35909491,Hepatic infection
37520631,Ankle operation
37520911,Retinal operation
35607377,Retinal scar
37320296,Nail dystrophy
36313094,Prothrombin time ratio decreased
37119691,Testicular swelling
37320173,Erythema annulare
35506542,Endocrine disorder
36110788,Tuberculous pleurisy
36718427,Incoherent
36314103,Blood pH decreased
36718079,Facial paresis
37320287,Ingrowing nail
35809135,Hypohidrosis
37019285,Glomerulonephritis membranous
36315458,Beta 2 microglobulin increased
36516762,Bone swelling
35305617,Coloboma
36211117,Dislocation of vertebra
36110335,Candidiasis
36315575,BLOOD CREATININE INCREASED
37520980,GASTROSTOMY
35708562,LIP EROSION
35708467,METASTASES TO STOMACH
37520752,AORTIC VALVE REPLACEMENT
37521729,NEPHRECTOMY
36617169,BREAST CANCER STAGE II
35506638,HYPOGLYCAEMIA UNAWARENESS
35104384,BLAST CRISIS IN MYELOGENOUS LEUKAEMIA
36110479,BRAIN ABSCESS
37219949,RESPIRATORY TRACT IRRITATION
36517151,TENOSYNOVITIS
37119733,UTERINE SPASM
35708041,COLITIS ISCHAEMIC
37219911,SPUTUM DISCOLOURED
36718314,CONSCIOUSNESS FLUCTUATING
36718374,DYSAESTHESIA PHARYNX
35104174,HYPERCOAGULATION
37622487,HYPERAEMIA
36818747,NEONATAL RESPIRATORY DEPRESSION
35607467,XANTHOPSIA
35809343,PARADOXICAL DRUG REACTION
43053913,CEREBROSPINAL FLUID LEAKAGE
36718036,CAROTID ARTERY DISEASE
36110410,ZYGOMYCOSIS
36313019,COAGULATION TEST ABNORMAL
37521103,ILEOSTOMY
37521891,SKIN NEOPLASM EXCISION
35809389,CELL DEATH
36110974,BK VIRUS INFECTION
37622520,ACCELERATED HYPERTENSION
37622399,ARTERIAL INSUFFICIENCY
37320118,SCAR PAIN
36313824,MONOCLONAL IMMUNOGLOBULIN PRESENT
36516804,JOINT LOCK
36211487,DOCUMENTED HYPERSENSITIVITY TO ADMINISTERED DRUG
35305560,DIABETIC FOETOPATHY
35809141,LOCAL REACTION
35708455,COLORECTAL CANCER METASTATIC
37220027,NASAL SEPTUM PERFORATION
37420511,BLOOD PRODUCT TRANSFUSION DEPENDENT
36718184,MENTAL RETARDATION
36211586,DEVICE MISUSE
36717974,BASAL GANGLIA HAEMORRHAGE
37522273,SUTURE INSERTION
35808957,INFUSION SITE WARMTH
42889638,MATERNAL EXPOSURE BEFORE PREGNANCY
36314689,HEPATITIS C RNA INCREASED
42890555,SUBCHORIONIC HAEMORRHAGE
36516901,WRIST DEFORMITY
35707957,GASTROINTESTINAL BACTERIAL INFECTION
36919016,Food aversion
36718322,Somnolence neonatal
36009809,Overlap syndrome
37521182,Apicectomy
36718528,Convulsive threshold lowered
36617896,Malignant respiratory tract neoplasm
35707606,RECTAL ADENOMA
42889232,GRAFT VERSUS HOST DISEASE IN INTESTINE
35305672,GASTROINTESTINAL DISORDER CONGENITAL
35808977,INJECTION SITE EXFOLIATION
36818731,WEIGHT DECREASE NEONATAL
36316415,SERUM FERRITIN ABNORMAL
36315594,CREATININE RENAL CLEARANCE ABNORMAL
37420460,High risk sexual behaviour
36818746,Neonatal respiratory arrest
35104406,Hodgkin's disease recurrent
35808906,IMPLANT SITE SCAR
42890580,SOFT TISSUE MASS
36416692,PLASMA PROTEIN METABOLISM DISORDER
42888943,HYPOFIBRINOGENAEMIA
37219829,Emphysema
36718320,SEDATION
35708618,Mouth injury
36617206,Seborrhoeic keratosis
35607357,Macular cyst
37320100,Precancerous skin lesion
36316131,Anticoagulation drug level above therapeutic
35707695,DIVERTICULUM INTESTINAL HAEMORRHAGIC
35707540,INCISIONAL HERNIA
36110751,MYCOBACTERIUM AVIUM COMPLEX INFECTION
37622522,HYPERTENSIVE EMERGENCY
36315329,OPHTHALMOLOGICAL EXAMINATION ABNORMAL
36110162,LISTERIOSIS
36818658,FOETAL MACROSOMIA
37320121,SKIN DISCOMFORT
36718156,VASOGENIC CEREBRAL OEDEMA
35607019,ANTERIOR CHAMBER INFLAMMATION
36516948,FASCIITIS
35506746,HYPERPARATHYROIDISM PRIMARY
35707815,Oroantral fistula
35305487,Foetal alcohol syndrome
36516777,FRACTURE MALUNION
35707595,Duodenal polyp
35104353,ACUTE MYELOID LEUKAEMIA RECURRENT
37521205,WISDOM TEETH REMOVAL
42890543,ANKLE DEFORMITY
35606939,TRICHIASIS
35205086,Congenital mitral valve incompetence
35306214,Cloacal exstrophy
37119515,UTERINE CERVICAL PAIN
37521330,ADENOIDECTOMY
35707537,FEMORAL HERNIA
36211584,DEVICE INTOLERANCE
37420559,Illiteracy
35607026,Blebitis
37520623,FRACTURE REDUCTION
35205105,PULMONARY VALVE SCLEROSIS
36516750,Osteorrhagia
35305680,Adenomatous polyposis coli
35305959,CRANIORACHISCHISIS
37119605,SPERMATOCELE
36818631,ABORTION LATE
35104722,Hepatosplenomegaly neonatal
37521397,RADIOTHERAPY TO PROSTATE
36314204,PORPHYRINS STOOL INCREASED
36110026,CELLULITIS
35506622,TYPE 2 DIABETES MELLITUS
36009757,ANAPHYLACTIC SHOCK
35708750,SWOLLEN TONGUE
37219907,COUGH
36211094,ROTATOR CUFF SYNDROME
35909442,CHOLECYSTITIS ACUTE
36718556,MIDDLE INSOMNIA
35205180,ACUTE MYOCARDIAL INFARCTION
37019320,RENAL FAILURE CHRONIC
35707631,TOOTH ABSCESS
36110466,OSTEOMYELITIS
37622501,PERIPHERAL VASCULAR DISORDER
35808914,INFUSION RELATED REACTION
37622417,VENOUS INSUFFICIENCY
35104738,LYMPH NODE PAIN
35707998,DYSENTERY
35607402,VITREOUS HAEMORRHAGE
35607142,OPTIC NEURITIS
35205094,MITRAL VALVE INCOMPETENCE
35707552,ANAL FISSURE
35506624,GLUCOSE TOLERANCE IMPAIRED
36516924,KYPHOSCOLIOSIS
36416548,OSTEOLYSIS
36110229,STAPHYLOCOCCAL INFECTION
35809101,ATAXIA
35607172,SCLERAL HYPERAEMIA
35808825,APPLICATION SITE REACTION
35104178,HENOCH-SCHONLEIN PURPURA
36312856,Full blood count decreased
36718175,Memory impairment
35406421,Middle ear effusion
35205232,Fluid overload
35205230,Ascites
37220041,Pharyngeal disorder
36919108,Psychiatric symptom
35606990,Ocular hypertension
35909472,Hyperbilirubinaemia neonatal
35305508,HETEROTAXIA
36718157,DEMENTIA ALZHEIMER'S TYPE
36918956,PSYCHOMOTOR RETARDATION
37622477,THROMBOPHLEBITIS SUPERFICIAL
36314157,Blood glucose decreased
36211461,Drug administration error
35204915,Long QT syndrome
36818634,Abortion spontaneous
36416698,Hyperuricaemia
35104326,Leukaemia recurrent
37119651,Priapism
36009736,Dermatitis exfoliative
36211326,Wound complication
35809163,Purulent discharge
43562844,Autoimmune haemolytic anaemia
36416541,Weight gain poor
35104191,Bone marrow oedema
36516831,Spondyloarthropathy
36110631,Bacterial sepsis
36919018,Compulsive shopping
36211320,Traumatic haematoma
35809147,MULTI-ORGAN DISORDER
35708425,COLORECTAL CANCER
36110697,NASOPHARYNGITIS
35305953,TALIPES
35708151,ABDOMINAL DISTENSION
35506777,THYROID DISORDER
35809242,NON-CARDIAC CHEST PAIN
35104863,NEUTROPHILIA
35205145,CONGENITAL CARDIOVASCULAR ANOMALY
37320198,PRURITUS GENERALISED
35707630,PERIODONTITIS
36919091,BORDERLINE PERSONALITY DISORDER
36718468,CARPAL TUNNEL SYNDROME
35809022,INJECTION SITE URTICARIA
36617373,NEUROMA
36211119,FRACTURED SACRUM
35909435,BILIARY TRACT DISORDER
35708724,Dysgeusia
35707843,Oesophageal disorder
36918968,Delusion
35809181,Inflammation
36718179,Cognitive disorder
36718003,Cerebral ischaemia
35808831,Application site vesicles
35708606,ODYNOPHAGIA
35909682,METASTASES TO LIVER
37622518,Haemorrhage
35809071,No adverse event
35708584,Mouth haemorrhage
35808999,Injection site mass
35808818,Application site papules
35104101,Aplastic anaemia
35708597,Oral herpes
36516931,Spinal column stenosis
36313050,International normalised ratio increased
35606973,Ocular discomfort
36416600,Hyponatraemia
35204924,Arrhythmia
35809043,Neuroleptic malignant syndrome
36211487,Documented hypersensitivity to administered drug
36919122,Enuresis
37521953,General anaesthesia
37219897,Respiratory distress
35607078,Uveitis
36718512,Complex partial seizures
36315570,Blood creatine increased
35104178,Henoch-Schonlein purpura
35708008,Enterovirus infection
36314109,Carbon dioxide increased
42889373,Device alarm issue
42889646,Substance-induced psychotic disorder
35707802,Enterocutaneous fistula
36312945,Blood fibrinogen decreased
36516842,Muscle disorder
36919065,Disinhibition
37119565,Ovarian rupture
45885788,Pulmonary pain
35205089,Mitral valve atresia
36110415,Histoplasmosis disseminated
35708562,Lip erosion
36110140,Haemophilus infection
35607451,Visual acuity reduced transiently
35205009,Orthostatic intolerance
35607323,Chorioretinopathy
35809380,Excessive granulation tissue
35606994,Hyphaema
42890167,Superior vena cava syndrome
37320149,Intertrigo
36313708,Carbohydrate antigen 125 increased
36315144,Corneal reflex decreased
37219888,Grunting
37521224,Jaw operation
43054102,Small cell lung cancer
35809095,Sensation of pressure
35707623,Alveolar osteitis
36009839,SCLERODERMA
37520683,LEG AMPUTATION
36311928,ELECTROCARDIOGRAM ST SEGMENT ABNORMAL
36316063,BRONCHOALVEOLAR LAVAGE ABNORMAL
35506596,POLYCYSTIC OVARIES
35606949,LACRIMATION DECREASED
35808986,INJECTION SITE INFLAMMATION
35708279,GASTRIC ULCER HAEMORRHAGE
35205329,MYOCARDIAL FIBROSIS
36110976,JC VIRUS INFECTION
37520604,BONE OPERATION
35809040,HYPERTHERMIA MALIGNANT
35606983,ANGLE CLOSURE GLAUCOMA
35406358,CONDUCTIVE DEAFNESS
35809350,THERAPEUTIC PRODUCT INEFFECTIVE
36918925,LEARNING DISORDER
35104090,MALARIA
35708711,SALIVARY GLAND ENLARGEMENT
35606826,CATARACT NUCLEAR
37520602,BONE GRAFT
35809374,TOBACCO WITHDRAWAL SYMPTOMS
35306170,RENAL HYPOPLASIA
35607108,EYE ALLERGY
35506529,DIABETIC RETINAL OEDEMA
35306113,HYPEREXPLEXIA
35305597,CHOROIDAL COLOBOMA
36516955,MUSCULOSKELETAL CHEST PAIN
36718599,SPINAL CORD DISORDER
35708142,ABNORMAL FAECES
35205181,Angina pectoris
36718315,Depressed level of consciousness
36110234,Staphylococcal sepsis
37320131,SKIN PLAQUE
36718555,Insomnia
37019263,Cystitis noninfective
35205012,Hypertensive heart disease
36211073,Multiple fractures
36718217,Stereotypy
36316184,Drug level decreased
35607473,Halo vision
43053976,Anti-interferon antibody positive
36718207,Hypokinesia
37320121,Skin discomfort
36919020,IMPULSE-CONTROL DISORDER
35809315,Potentiating drug interaction
35104252,Myelofibrosis
35708682,Bloody peritoneal effluent
36919031,Bipolar I disorder
35808830,Application site urticaria
36110467,Osteomyelitis acute
36516908,Intervertebral disc space narrowing
35809143,Macrosomia
35809073,Autonomic nervous system imbalance
35708692,Lip dry
36009846,Linear IgA disease
35104885,Neutropenic colitis
35708136,Abdominal mass
35305889,Hypertelorism of orbit
36919212,"Sleep disorder due to general medical condition, insomnia type"
36211604,Tracheomalacia
35809370,DRUG WITHDRAWAL SYNDROME NEONATAL
36516726,Bone cyst
42889541,Infected dermal cyst
42889365,Chronic graft versus host disease in skin
42889392,Device power source issue
35104341,Acute lymphocytic leukaemia recurrent
36312667,Occult blood
35506506,Diabetic ulcer
35607488,Hemianopia homonymous
43562828,Pneumocystis jirovecii infection
37219849,Restrictive pulmonary disease
35406349,Otitis externa
35707657,Dental discomfort
37622494,VASCULAR CALCIFICATION
37521718,Cystopexy
37320083,Lichenoid keratosis
35204935,Foetal heart rate deceleration
35707994,Cytomegalovirus colitis
42889566,Counterfeit drug administered
36312538,BLOOD CREATINE PHOSPHOKINASE INCREASED
37521618,CAESAREAN SECTION
36316181,DRUG LEVEL ABOVE THERAPEUTIC
36617419,MENINGIOMA
36315458,BETA 2 MICROGLOBULIN INCREASED
36313259,MEAN CELL VOLUME DECREASED
37219967,ACQUIRED DIAPHRAGMATIC EVENTRATION
37019394,BLADDER SPASM
35707601,INTESTINAL POLYP
37219946,RESPIRATORY TRACT CONGESTION
35607265,EYELID PTOSIS
35607294,STRABISMUS
36818640,ABORTION THREATENED
35809152,NONSPECIFIC REACTION
36211218,EXTRADURAL HAEMATOMA
35708300,ILEAL ULCER
35104763,LYMPHOEDEMA
36312298,BLOOD PARATHYROID HORMONE INCREASED
36617316,CANCER PAIN
37521794,LUNG OPERATION
35708211,VOMITING PROJECTILE
36919043,DYSPHORIA
36617552,UTERINE CYST
36110723,PYELONEPHRITIS ACUTE
37019338,RENAL ATROPHY
36416539,UNDERWEIGHT
35506460,ADRENAL SUPPRESSION
36110468,OSTEOMYELITIS CHRONIC
36313557,BLOOD CHOLINESTERASE DECREASED
37320083,LICHENOID KERATOSIS
36313305,RETICULOCYTE COUNT DECREASED
36516762,BONE SWELLING
37520614,OSTEOTOMY
36110564,PELVIC INFECTION
35406430,OTITIS MEDIA ACUTE
35104395,CHRONIC MYELOMONOCYTIC LEUKAEMIA
37019326,HYPERTENSIVE NEPHROPATHY
36918955,NEGATIVE THOUGHTS
35607050,CORNEAL OEDEMA
36617538,OVARIAN CYST RUPTURED
35708370,SHORT-BOWEL SYNDROME
36315583,BLOOD UREA NITROGEN/CREATININE RATIO INCREASED
35708462,METASTASES TO ABDOMINAL CAVITY
36919193,HYPERSEXUALITY
37219908,COUGH DECREASED
35708536,ADENOCARCINOMA PANCREAS
35809314,INHIBITORY DRUG INTERACTION
36316152,ANTIPSYCHOTIC DRUG LEVEL BELOW THERAPEUTIC
36617204,PYOGENIC GRANULOMA
37219981,EPIGLOTTIS ULCER
37019279,URINARY TRACT INFLAMMATION
36718043,CEREBRAL MICROANGIOPATHY
36617646,OVARIAN CANCER RECURRENT
37219997,REFLUX LARYNGITIS
35809267,PRODUCT LABEL ON WRONG PRODUCT
35707640,MALOCCLUSION
42890326,RESPIRATORY TRACT OEDEMA
36416694,URAEMIC ENCEPHALOPATHY
35104783,HYPERSPLENISM
35306132,CONGENITAL VESICOURETERIC REFLUX
42890460,ACUTE PHOSPHATE NEPHROPATHY
37521836,CONTINUOUS POSITIVE AIRWAY PRESSURE
35306206,PHIMOSIS
36818680,OBSTRUCTED LABOUR
42889463,PRODUCT PHYSICAL ISSUE
36110382,MYCOTIC ANEURYSM
42889372,PATIENT-DEVICE INCOMPATIBILITY
36211266,SINUS TARSI SYNDROME
36316290,MANGANESE DECREASED
35607451,VISUAL ACUITY REDUCED TRANSIENTLY
42890574,BURNING FEET SYNDROME
35607455,ANISOMETROPIA
36617686,EPIDIDYMAL CYST
35708640,Mouth ulceration
36918992,Illusion
36316151,Antipsychotic drug level above therapeutic
35708652,Pelvic fluid collection
37622443,HYPOPERFUSION
36211326,WOUND COMPLICATION
37521048,COLOSTOMY
35809163,PURULENT DISCHARGE
36211261,MUSCLE INJURY
36617153,BENIGN BREAST NEOPLASM
36316164,CARDIOACTIVE DRUG LEVEL ABOVE THERAPEUTIC
37119619,PROSTATOMEGALY
36110348,VULVOVAGINAL CANDIDIASIS
35808869,IMPLANT SITE ABSCESS
42890036,CLOSTRIDIUM TEST POSITIVE
42889323,TONGUE PRURITUS
42889827,PERITONEAL EFFLUENT ABNORMAL
42890441,SLOW RESPONSE TO STIMULI
42890387,MACULE
35506783,THYROID MASS
37119636,GENITAL DISCHARGE
42889641,MATERNAL EXPOSURE TIMING UNSPECIFIED
42890512,SEIZURE LIKE PHENOMENA
36315493,CERULOPLASMIN DECREASED
37520707,BREAST PROSTHESIS IMPLANTATION
36918959,Autism spectrum disorder
42890173,Painful ejaculation
35406379,Inner ear disorder
36516947,Dupuytren's contracture
35506751,Hypoparathyroidism
42890649,Metastases to pelvis
37622513,Arterial haemorrhage
37119638,Genital erythema
37521813,Thoracotomy
35708467,Metastases to stomach
36617845,Non-small cell lung cancer stage IV
35104392,Myeloid leukaemia
36211690,Procedural hypertension
35606893,Iris disorder
37521809,Thoracic operation
43053807,INFUSION SITE BRUISING
36312584,GLUTAMATE DEHYDROGENASE INCREASED
35306275,Dermoid cyst
36919222,Hypochondriasis
36718402,Occipital neuralgia
37521107,Jejunostomy
36211157,Carbon monoxide poisoning
35808869,Implant site abscess
36313631,Anti-erythrocyte antibody positive
45885771,Large intestinal polypectomy
35607363,Macular scar
36313152,Red blood cell sedimentation rate decreased
35305413,Aorticopulmonary septal defect
37521591,Salpingo-oophorectomy bilateral
35708541,Pancreatic carcinoma recurrent
35707757,Dysbacteriosis
35205316,Chordae tendinae rupture
37521717,Cystocele repair
36617204,Pyogenic granuloma
35606882,Ciliary body disorder
36211319,Traumatic arthritis
35306135,Congenital genitourinary abnormality
36211676,POCKET EROSION
35305533,Progressive external ophthalmoplegia
42888987,Ventricular parasystole
35305668,Congenital inguinal hernia
36312885,BIOPSY LYMPH GLAND
36110809,MUCOCUTANEOUS LEISHMANIASIS
35707555,Anal prolapse
37320262,Acne infantile
35204924,ARRHYTHMIA
36416550,OSTEOPENIA
35809106,LOSS OF CONTROL OF LEGS
37119548,MENORRHAGIA
36009828,POLYMYALGIA RHEUMATICA
35707543,INGUINAL HERNIA
36311929,ELECTROCARDIOGRAM ST SEGMENT DEPRESSION
35406369,HYPOACUSIS
35506639,HYPOGLYCAEMIC COMA
36718218,TARDIVE DYSKINESIA
35205316,CHORDAE TENDINAE RUPTURE
37219868,PULMONARY HYPERTENSION
37019410,URINARY RETENTION
36718141,MIGRAINE
35708368,LACTOSE INTOLERANCE
35708139,DYSPEPSIA
37420593,TOBACCO USER
35708476,LIP AND/OR ORAL CAVITY CANCER
36617932,SUPERFICIAL SPREADING MELANOMA STAGE UNSPECIFIED
36919212,"SLEEP DISORDER DUE TO GENERAL MEDICAL CONDITION, INSOMNIA TYPE"
36313239,Haemoglobin abnormal
35808942,Infusion site pain
35909449,BILIARY DYSKINESIA
36718008,HAEMORRHAGE INTRACRANIAL
37019299,NEPHROPATHY
36818711,COMPLICATION OF PREGNANCY
37119492,BREAST PAIN
36617945,SKIN CANCER
35607314,ASTHENOPIA
36211374,FACE INJURY
36818760,BRONCHOPULMONARY DYSPLASIA
36110719,KIDNEY INFECTION
36009835,RHEUMATOID NODULE
36416497,HYPERCAPNIA
36516814,JOINT CREPITATION
37520890,INTRAOCULAR LENS IMPLANT
37220017,NASAL DRYNESS
36919042,Anger
36918869,Fear
37320154,Skin irritation
35607470,Diplopia
35809252,Tenderness
37521159,Dialysis
35809350,Therapeutic product ineffective
35708663,Peritonitis
36110986,Respiratory syncytial virus infection
35406392,Vertigo
35708123,Defaecation urgency
36718038,Carotid artery stenosis
37320287,INGROWING NAIL
37622465,Deep vein thrombosis
36416568,Hypomagnesaemia
36617375,Brain neoplasm malignant
37622476,Thrombophlebitis
36110719,Kidney infection
35205197,Stress cardiomyopathy
36516981,UPPER EXTREMITY MASS
42890048,Escherichia test positive
36110117,Enterococcal sepsis
36109991,Post herpetic neuralgia
35808998,Injection site macule
37420431,Marital problem
35607307,PUPIL FIXED
42889911,DOUBLE STRANDED DNA ANTIBODY POSITIVE
35607262,BLEPHAROSPASM
36009755,TOXIC SKIN ERUPTION
36311912,ELECTROCARDIOGRAM Q WAVE ABNORMAL
36517123,SYNOVIAL CYST
37320254,SKIN ULCER
35104125,PETECHIAE
35809367,DRUG WITHDRAWAL CONVULSIONS
35707932,HELICOBACTER GASTRITIS
36314250,BLOOD URIC ACID INCREASED
35104177,THROMBOTIC MICROANGIOPATHY
37622462,VENOUS THROMBOSIS
36313870,Biopsy
36315296,General physical condition abnormal
36314117,Oxygen saturation decreased
35707700,Diverticulitis
42890199,Prerenal failure
37522291,Wound drainage
36314237,Blood ketone body
42889375,Device deployment issue
36517149,Tendon disorder
36718237,Paraparesis
35306203,Hypospadias
35708538,PANCREATIC CARCINOMA
35708360,HAEMORRHOIDS
35606995,CONJUNCTIVAL HAEMORRHAGE
36919199,DYSPAREUNIA
35205064,AORTIC VALVE INCOMPETENCE
37320162,PALMAR ERYTHEMA
36516837,Myalgia
35808800,Application site erythema
36918985,"Hallucination, auditory"
35809005,Injection site pain
42889466,Product adhesion issue
37420510,Bedridden
35104236,Histiocytosis haematophagic
36918902,Obsessive-compulsive disorder
35506690,Inappropriate antidiuretic hormone secretion
37119473,Breast enlargement
37622407,Infarction
36314365,Vitamin D decreased
35506777,Thyroid disorder
37622486,Haemodynamic instability
35205077,Cardiac valve disease
35104856,Leukocytosis
36110933,Influenza
36718408,Sensory loss
35104694,Thrombotic thrombocytopenic purpura
35708242,Intestinal obstruction
37522316,Coronary angioplasty
35406309,Ear haemorrhage
36110541,Empyema
36110795,Pneumonia mycoplasmal
35104300,Extravascular haemolysis
35205322,Left atrial dilatation
36314731,JC virus test positive
35607374,Retinal pigment epithelial tear
35708172,Early satiety
36313306,Reticulocyte count increased
35406430,Otitis media acute
35104175,Hypocoagulable state
36717973,Intracranial aneurysm
36313655,Antineutrophil cytoplasmic antibody increased
36315578,Blood urea abnormal
36110588,Lobar pneumonia
35204927,Bradyarrhythmia
37622458,Post thrombotic syndrome
36313981,Transplant evaluation
36718349,Apnoeic attack
37420442,Sexual relationship change
37622402,Arterial stenosis
36516993,Soft tissue disorder
36516839,Myofascial pain syndrome
36517146,Enthesopathy
36314857,Bone density increased
36617249,Adenoma benign
35104796,Splenic infarction
35506534,Retinopathy proliferative
35406432,Otitis media chronic
35809358,Therapeutic response unexpected with drug substitution
36617877,Lung neoplasm
35909547,Haemochromatosis
37622445,Peripheral circulatory failure
42889377,Device extrusion
36919060,Antisocial behaviour
36516830,Spondylitis
36918864,Agoraphobia
36718315,DEPRESSED LEVEL OF CONSCIOUSNESS
36316280,DRUG SCREEN POSITIVE
36316380,BLOOD POTASSIUM ABNORMAL
35708343,INTESTINAL INFARCTION
36918949,DEPRESSED MOOD
36312102,PULMONARY ARTERIAL PRESSURE INCREASED
36517135,OSTEOCHONDROSIS
36718326,CENTRAL NERVOUS SYSTEM LESION
37220024,NASAL OEDEMA
36918923,DAYDREAMING
35707730,PANCREATIC ATROPHY
37622542,BLEEDING VARICOSE VEIN
37522351,THROMBECTOMY
37521614,SELECTIVE ABORTION
37521183,ARTIFICIAL CROWN PROCEDURE
35306223,CONGENITAL DIAPHRAGMATIC HERNIA
37119705,PELVIC HAEMORRHAGE
37320296,NAIL DYSTROPHY
36718227,DIAPHRAGMATIC PARALYSIS
35506768,THYROIDITIS ACUTE
36918906,PANIC DISORDER WITH AGORAPHOBIA
36211636,Pneumocephalus
35305980,Hemivertebra
37320272,ALOPECIA TOTALIS
37520693,TOE OPERATION
36718013,INTRAVENTRICULAR HAEMORRHAGE
36516961,BACK DISORDER
35708226,SMALL INTESTINAL OBSTRUCTION
37622475,Subclavian vein thrombosis
35204978,Ventricular arrhythmia
36617218,Metastases to breast
36919047,EUPHORIC MOOD
36312086,BLOOD PRESSURE SYSTOLIC DECREASED
36718399,Loss of proprioception
37420469,Victim of child abuse
36313448,Neutrophil percentage decreased
35909594,Hepatomegaly
35808971,Injection site discomfort
45885358,Stoma site haemorrhage
37521794,Lung operation
35606974,Ocular icterus
36918873,Fear of death
43562826,Fear of injection
43562920,Time perception altered
37520619,Sequestrectomy
35305505,Hereditary angioedema
35808814,Application site odour
36918911,Post-traumatic stress disorder
37019310,Renal mass
35205064,Aortic valve incompetence
42890621,Meniscal degeneration
35406366,Deafness unilateral
35104298,Haemolytic uraemic syndrome
36416482,Ketoacidosis
37622456,Embolism venous
35809089,Feeling of relaxation
36617301,Recurrent cancer
35809297,Incorrect storage of drug
35809165,Serum sickness-like reaction
36918867,Claustrophobia
37522201,Loop electrosurgical excision procedure
36312296,Blood parathyroid hormone abnormal
36211520,Blue toe syndrome
42890003,N-terminal prohormone brain natriuretic peptide increased
35607074,Iridocyclitis
36211749,Recall phenomenon
36211133,Radius fracture
36211185,PULMONARY TOXICITY
35406382,Vestibular disorder
36110611,Prostate infection
35506593,Ovarian hyperstimulation syndrome
42890379,Transient global amnesia
42890555,Subchorionic haemorrhage
36313085,Prothrombin level decreased
43053924,PRESCRIBED OVERDOSE
35808976,INJECTION SITE ERYTHEMA
35809170,UNEVALUABLE EVENT
36718541,TONIC CLONIC MOVEMENTS
36312336,BLOOD THYROID STIMULATING HORMONE INCREASED
36315540,PROTEIN TOTAL INCREASED
36311942,ELECTROCARDIOGRAM T WAVE PEAKED
35809307,ALCOHOL INTERACTION
37219930,PAINFUL RESPIRATION
36918917,WAXY FLEXIBILITY
36313697,RHEUMATOID FACTOR INCREASED
36110506,ENDOMETRITIS
36316195,IMMUNOSUPPRESSANT DRUG LEVEL INCREASED
37521637,OOPHORECTOMY
37119501,CERVICAL DYSPLASIA
36313916,NUCLEAR MAGNETIC RESONANCE IMAGING ABNORMAL
36211187,SKIN TOXICITY
35909512,HYPOPROTEINAEMIA
37320171,GRANULOMA ANNULARE
37019314,ACUTE PRERENAL FAILURE
35607465,CYANOPSIA
36416547,LOW TURNOVER OSTEOPATHY
37522181,HOSPITALISATION
36313984,BLOOD CHOLESTEROL DECREASED
35205156,TRISOMY 21
37220037,SINUS DISORDER
35506681,PITUITARY TUMOUR
36211461,DRUG ADMINISTRATION ERROR
36516965,EXTREMITY CONTRACTURE
37320333,SKIN OEDEMA
36211471,POOR QUALITY DRUG ADMINISTERED
36517018,OSTEOCHONDROMA
37520950,HAEMORRHOID OPERATION
35707999,ENTERITIS INFECTIOUS
35205022,CLUBBING
35104210,METASTASES TO BONE MARROW
36311997,PULSE PRESSURE DECREASED
36313435,NEUTROPHIL COUNT ABNORMAL
36009748,REACTION TO DRUG EXCIPIENTS
36009892,ACUTE GRAFT VERSUS HOST DISEASE IN SKIN
36718039,CEREBRAL ARTERIOSCLEROSIS
36416712,HYPOVITAMINOSIS
35506718,CARCINOID TUMOUR OF THE STOMACH
35708220,DUODENAL STENOSIS
36314622,CYTOMEGALOVIRUS TEST POSITIVE
36211287,ARTHROPOD STING
37520663,SHOULDER ARTHROPLASTY
35809129,FISTULA DISCHARGE
37320100,PRECANCEROUS SKIN LESION
35707798,DENTAL FISTULA
36516820,LOOSE BODY IN JOINT
36110376,LOWER RESPIRATORY TRACT INFECTION FUNGAL
35306253,RESPIRATORY TRACT MALFORMATION
35808907,IMPLANT SITE SWELLING
37219926,CHRONIC RESPIRATORY FAILURE
42890057,KLEBSIELLA TEST POSITIVE
36211244,TRACHEAL DEVIATION
36314182,GLYCOSYLATED HAEMOGLOBIN DECREASED
36718437,Vertigo CNS origin
42889332,Catheter site abscess
37522236,Polypectomy
35306243,Congenital cystic lung
36110435,Tinea infection
35809285,Product dosage form issue
37521402,Radical prostatectomy
35305471,FOETAL CHROMOSOME ABNORMALITY
35104734,LYMPH GLAND INFECTION
35205230,ASCITES
37320109,Dry skin
36314522,Culture wound positive
35707692,DIVERTICULUM
36110199,PSEUDOMONAL SEPSIS
36315645,BLOOD URINE PRESENT
36312388,BLOOD TESTOSTERONE INCREASED
35104644,NON-HODGKIN'S LYMPHOMA RECURRENT
35305538,EAR MALFORMATION
35809336,IDIOSYNCRATIC DRUG REACTION
36617720,NEOPLASM PROSTATE
37521751,BLADDER CATHETERISATION
37622381,ANEURYSM RUPTURED
35607333,VITREOUS DEGENERATION
36211148,ACCIDENTAL POISONING
35708185,OESOPHAGEAL FOOD IMPACTION
42890323,SPUTUM INCREASED
35707773,INTESTINAL MASS
42890046,ENTEROCOCCUS TEST POSITIVE
42890346,CEREBRAL SMALL VESSEL ISCHAEMIC DISEASE
36009714,MYCOTIC ALLERGY
35306261,Aplasia cutis congenita
36110333,Candida pneumonia
37521754,URETERAL STENT INSERTION
36211065,Fracture
35708308,LARGE INTESTINAL ULCER
37622442,Circulatory collapse
35707996,Cytomegalovirus enterocolitis
35809267,Product label on wrong product
36718187,Profound mental retardation
35104082,CONGENITAL ANAEMIA
35607357,MACULAR CYST
36315646,Cells in urine
36211739,Pulmonary air leakage
35205260,Pulmonary oedema neonatal
37522241,Prolapse repair
35506638,Hypoglycaemia unawareness
36416640,Carnitine deficiency
36315410,Albumin globulin ratio decreased
37320276,Anhidrosis
36110987,AIDS dementia complex
35607033,Conjunctivitis bacterial
35809233,COSTOVERTEBRAL ANGLE TENDERNESS
36312296,BLOOD PARATHYROID HORMONE ABNORMAL
37520708,BREAST PROSTHESIS REMOVAL
35506625,Glucose tolerance impaired in pregnancy
35205138,Right ventricle outflow tract obstruction
36110625,Perineal abscess
37019446,CYSTITIS-LIKE SYMPTOM
36316142,Antidepressant drug clearance decreased
35205122,Ectopia cordis
37522313,CAROTID ARTERY STENT INSERTION
37521904,CHONDROPLASTY
36110757,MYCOBACTERIUM ULCERANS INFECTION
35808814,APPLICATION SITE ODOUR
36416657,Partial lipodystrophy
37622457,Paradoxical embolism
37320262,ACNE INFANTILE
35306173,CONGENITAL URETERIC ANOMALY
37019405,Terminal dribbling
36110210,SALMONELLA BACTERAEMIA
36818681,Precipitate labour
42890064,MORAXELLA TEST POSITIVE
36718187,PROFOUND MENTAL RETARDATION
42890526,Arthrotomy
36312524,Alpha hydroxybutyrate dehydrogenase increased
37520648,JOINT MANIPULATION
35708690,DRY MOUTH
36918950,DEPRESSIVE SYMPTOM
35607189,EYE INJURY
37320122,SKIN DISORDER
35809236,FACIAL PAIN
35909518,HEPATIC FAILURE
36919127,DRUG ABUSE
35808824,APPLICATION SITE RASH
35808981,INJECTION SITE HAEMORRHAGE
37622545,VARICOSE VEIN
35607447,NIGHT BLINDNESS
35104096,ANAEMIA OF CHRONIC DISEASE
35607106,ENDOPHTHALMITIS
36918985,"HALLUCINATION, AUDITORY"
37119745,VAGINAL HAEMORRHAGE
42889129,VITREOUS FLOATERS
35104465,B-CELL LYMPHOMA
36617206,SEBORRHOEIC KERATOSIS
37019423,GLYCOSURIA
37019334,KIDNEY SMALL
35506476,ADRENAL MASS
37420588,Treatment noncompliance
36617219,METASTASES TO CENTRAL NERVOUS SYSTEM
35909613,HEPATITIS
35204940,NODAL RHYTHM
35305649,ANAL ATRESIA
36416527,FAILURE TO THRIVE
35104187,BONE MARROW DISORDER
42890354,HYPOXIC-ISCHAEMIC ENCEPHALOPATHY
36718181,JUDGEMENT IMPAIRED
35205334,MYOGLOBINURIA
35205136,PATENT DUCTUS ARTERIOSUS
36313745,TUMOUR MARKER INCREASED
37219842,PULMONARY CALCIFICATION
36211665,IATROGENIC INJURY
37320205,Psoriasis
36918904,Panic attack
36416610,Fluid retention
37320164,Rash erythematous
36918976,Persecutory delusion
36211078,Stress fracture
36919052,Mood swings
35809157,Pneumatosis
36316338,Blood bicarbonate decreased
35909435,Biliary tract disorder
35506628,HYPERGLYCAEMIA
36918902,OBSESSIVE-COMPULSIVE DISORDER
35708031,Peritonitis bacterial
35707754,Bezoar
36311944,Electrocardiogram U-wave abnormality
35506799,Myxoedema coma
35305649,Anal atresia
36316392,Blood sodium increased
35909517,Hepatic encephalopathy
36516970,Lower extremity mass
36718017,Lacunar infarction
35809085,Feeling drunk
35104728,Cystic lymphangioma
37119463,Breast hyperplasia
35809115,CONDITION AGGRAVATED
35506452,Hypercorticoidism
36718121,HYPERTENSIVE ENCEPHALOPATHY
36313050,INTERNATIONAL NORMALISED RATIO INCREASED
35205037,Syncope
35809068,STILLBIRTH
36617349,CEREBRAL CYST
36516865,HYPOTONIA
35607174,SCLERITIS
35506745,HYPERPARATHYROIDISM
37019390,Bladder discomfort
36718554,Initial insomnia
35909578,Hepatitis C
36617309,Neoplasm progression
36009757,Anaphylactic shock
35205182,Angina unstable
37320176,Lichen planus
35809207,Mucosal inflammation
35607066,Ulcerative keratitis
36918936,Screaming
37219954,Nasal discomfort
36211136,Upper limb fracture
35708605,Lip pain
35204970,CARDIO-RESPIRATORY ARREST
36110715,UPPER RESPIRATORY TRACT INFECTION
35506530,DIABETIC RETINOPATHY
37119539,ATROPHIC VULVOVAGINITIS
36110986,RESPIRATORY SYNCYTIAL VIRUS INFECTION
35104298,HAEMOLYTIC URAEMIC SYNDROME
35708202,Nausea
36919207,Nightmare
35809131,General physical health deterioration
35708330,Gastrointestinal mucosal necrosis
35506810,THYROID CYST
36718364,Neurological symptom
35708632,Gingival swelling
36718117,Secondary progressive multiple sclerosis
36110369,Fungal infection
35306246,Cystic fibrosis
37521084,Pancreas transplant
35305999,Congenital musculoskeletal anomaly
35204933,Extrasystoles
37622482,Arterial disorder
37320306,Onychomadesis
35506603,Testicular atrophy
37320246,Skin mass
35708637,Behcet's syndrome
37019396,Dysuria
36110015,Bacterial infection
36718163,Dementia
36718149,Benign intracranial hypertension
37219911,Sputum discoloured
43053717,Plasma cell myeloma recurrent
36110116,Enterococcal infection
35708362,Varices oesophageal
36617948,Squamous cell carcinoma of skin
36211347,Renal injury
35708059,Reflux gastritis
35204904,Atrioventricular block first degree
35305595,Prominent epicanthal folds
35809400,Hypertrophy
35809187,Pseudopolyp
37220043,Pharyngeal erythema
35305949,Polydactyly
36110468,Osteomyelitis chronic
35104076,Anaemia megaloblastic
35607318,Foreign body sensation in eyes
35909628,Mixed liver injury
36316449,Blood electrolytes abnormal
35707828,Gastrointestinal mucosal disorder
35204961,Supraventricular extrasystoles
36516791,Arthrofibrosis
36617475,Bladder transitional cell carcinoma
35306050,Congenital central nervous system anomaly
36211257,Iliotibial band syndrome
35607290,Opsoclonus myoclonus
36316177,Drug clearance increased
35708291,Diverticular perforation
37019441,Pyuria
37019288,Glomerulonephritis rapidly progressive
35708631,Gingival oedema
36110712,Tracheobronchitis
36313360,Granulocyte count decreased
37320130,SKIN ODOUR ABNORMAL
36314497,CSF CULTURE POSITIVE
36316184,DRUG LEVEL DECREASED
37219965,UPPER RESPIRATORY TRACT INFLAMMATION
35406382,VESTIBULAR DISORDER
36313293,RED BLOOD CELL SCHISTOCYTES PRESENT
35606966,EYELID DISORDER
35808848,CATHETER SITE DISCHARGE
37520922,ABDOMINOPLASTY
36110039,FOLLICULITIS
36718224,PLEUROTHOTONUS
36211062,COMMINUTED FRACTURE
35809361,TREATMENT FAILURE
35205070,CONGENITAL AORTIC VALVE STENOSIS
35708190,PNEUMATOSIS INTESTINALIS
35305541,ANOMALY OF EXTERNAL EAR CONGENITAL
35305444,VENOUS ANGIOMA OF BRAIN
36314731,JC VIRUS TEST POSITIVE
36718562,SLEEP PHASE RHYTHM DISTURBANCE
35205158,TRUNCUS ARTERIOSUS PERSISTENT
35909486,HEPATIC CALCIFICATION
36314822,BIOPSY BONE
35606825,CATARACT CORTICAL
35104688,HEPARIN-INDUCED THROMBOCYTOPENIA
35306200,CRYPTORCHISM
35708041,Colitis ischaemic
35707872,Anal abscess
36110608,ORCHITIS
36516957,Musculoskeletal pain
37420585,Social problem
36316382,Blood potassium increased
36718167,Senile dementia
35909462,Gallbladder pain
37019358,Renal tubular necrosis
36718540,Status epilepticus
37522372,Varicose vein operation
37320323,Seborrhoea
42889405,Device kink
36211129,Clavicle fracture
37622481,Angiopathy
35707662,Pulpitis dental
36718583,Hypertonic bladder
36211680,Post procedural haematoma
35808987,Injection site injury
36617287,Adenocarcinoma
35708042,Colitis microscopic
35707783,Protein-losing gastroenteropathy
36919073,Negativism
42890194,Bladder dysfunction
35808958,Embolia cutis medicamentosa
36718523,Atonic seizures
35708266,Rectal ulcer
36315594,Creatinine renal clearance abnormal
37520712,Mammoplasty
36110576,Toxic shock syndrome
35305538,Ear malformation
36110644,Septic embolus
36312381,Blood testosterone abnormal
36313553,Blood bilirubin unconjugated increased
42889156,Eyelid skin dryness
42889389,Device infusion issue
35104151,Protein C deficiency
35205209,Endocarditis staphylococcal
37219879,Pulmonary artery stenosis
36316366,BLOOD IRON DECREASED
36617311,Pelvic neoplasm
43054133,Genital paraesthesia
36110212,Salmonellosis
35808889,IMPLANT SITE INFECTION
35809095,SENSATION OF PRESSURE
37219901,ANOXIA
36617301,RECURRENT CANCER
36315472,BLOOD ALBUMIN INCREASED
36718323,SOPOR
36617845,NON-SMALL CELL LUNG CANCER STAGE IV
35808822,APPLICATION SITE PRURITUS
36918921,OPPOSITIONAL DEFIANT DISORDER
35909520,HEPATORENAL SYNDROME
35607359,MACULAR HOLE
35104709,MACROCYTOSIS
37119547,MENOMETRORRHAGIA
35305999,CONGENITAL MUSCULOSKELETAL ANOMALY
36416500,RESPIRATORY ACIDOSIS
36009851,PEMPHIGUS
36110764,BOVINE TUBERCULOSIS
36314816,ASPIRATION JOINT
36718030,THROMBOTIC STROKE
35707532,DIAPHRAGMATIC HERNIA
35809400,HYPERTROPHY
35607458,HYPERMETROPIA
36211473,UNDERDOSE
35306061,MENINGOMYELOCELE
35607356,DETACHMENT OF RETINAL PIGMENT EPITHELIUM
37521523,INTERVERTEBRAL DISC OPERATION
37019239,BLADDER DIVERTICULUM
37119660,HAEMATOSPERMIA
37220057,PHARYNGEAL ULCERATION
35708091,PROCTITIS ULCERATIVE
37320125,SKIN FRAGILITY
35708575,PALATAL DISORDER
36312992,COAGULATION FACTOR VIII LEVEL INCREASED
35305488,FOETAL ANTICONVULSANT SYNDROME
36313808,BLOOD IMMUNOGLOBULIN M DECREASED
35204918,SINOATRIAL BLOCK
36313664,ANTIPHOSPHOLIPID ANTIBODIES POSITIVE
35708619,ORAL DISCHARGE
36312488,THYROXINE INCREASED
37220059,TONSILLAR DISORDER
36314501,CROSS SENSITIVITY REACTION
37119621,GENITAL DISORDER MALE
36315233,RETINOGRAM ABNORMAL
36316390,BLOOD SODIUM ABNORMAL
35809288,PRODUCT ODOUR ABNORMAL
42889309,DEVICE RELATED SEPSIS
37119760,VULVAR EROSION
36211336,PERIPHERAL NERVE INJURY
37119468,BREAST CALCIFICATIONS
42889118,CYSTOID MACULAR OEDEMA
42889395,INCORRECT DOSE ADMINISTERED BY DEVICE
35708201,INFANTILE SPITTING UP
42890521,SUBSTANCE USE
36211211,VENOUS INJURY
35808956,INFUSION SITE VESICLES
42890248,PENILE CURVATURE
35606984,Borderline glaucoma
36718294,Alexia
35104077,Anaemia neonatal
37521056,Proctocolectomy
36211439,Radiation injury
36818693,Abnormal labour
37521799,PNEUMONECTOMY
36416587,PSEUDO-BARTTER SYNDROME
37521885,MOLE EXCISION
36211709,WOUND DECOMPOSITION
36818841,PREGNANCY WITH CONTRACEPTIVE PATCH
37219802,BRONCHOSPASM PARADOXICAL
35506534,RETINOPATHY PROLIFERATIVE
35708629,OROPHARYNGEAL PLAQUE
42890821,MAY-THURNER SYNDROME
42889445,Sensitivity to weather change
37522178,High frequency ablation
35607197,Ocular toxicity
37019253,Bladder trabeculation
36313981,TRANSPLANT EVALUATION
36313339,CD4/CD8 RATIO DECREASED
35305702,CLEFT UVULA
36818633,ABORTION OF ECTOPIC PREGNANCY
36110064,RHODOCOCCUS INFECTION
35809179,FOREIGN BODY REACTION
45885695,Expired product administered
36009728,Type IV hypersensitivity reaction
36110378,Meningitis fungal
35809113,Concomitant disease aggravated
42890312,Antipsychotic drug level decreased
35707684,Gingivitis
43053807,Infusion site bruising
36718114,PROGRESSIVE MULTIPLE SCLEROSIS
36315129,Visual evoked potentials abnormal
36718550,SLEEP TALKING
35808952,INFUSION SITE SWELLING
36211671,INCISION SITE HAEMORRHAGE
36718513,DREAMY STATE
37119567,OVULATION PAIN
36919201,MALE SEXUAL DYSFUNCTION
35104625,PERIPHERAL T-CELL LYMPHOMA UNSPECIFIED
36617596,GENITAL NEOPLASM MALIGNANT FEMALE
35808915,INFUSION SITE ABSCESS
42889567,DRUG ADMINISTERED TO PATIENT OF INAPPROPRIATE AGE
42890667,DUODENAL ULCER REPAIR
36315596,Creatinine renal clearance increased
42889188,Oesophageal motility disorder
35607490,Tunnel vision
36516914,Head deformity
37119708,Endometrial disorder
36110662,Eczema infected
35808885,IMPLANT SITE HAEMORRHAGE
35808902,IMPLANT SITE PRURITUS
42889015,SYSTOLIC DYSFUNCTION
42889240,Intestinal haematoma
36109998,SYDENHAM'S CHOREA
42889479,Parkinsonism hyperpyrexia syndrome
37521887,Scar excision
37420545,Sight disability
35708466,METASTASES TO RETROPERITONEUM
37520717,SIMPLE MASTECTOMY
35104831,EOSINOPHILIC CYSTITIS
36110738,Arteriovenous fistula site infection
42889455,Inadequate aseptic technique in use of product
35809066,Maternal death affecting foetus
37521081,Radiotherapy to pancreas
35104722,HEPATOSPLENOMEGALY NEONATAL
36312203,BLOOD CATECHOLAMINES DECREASED
35306216,Genitalia external ambiguous
37520658,Patellectomy
42889076,Spina bifida cystica
36918971,Delusion of replacement
36314636,GENOTYPE DRUG RESISTANCE TEST
35809136,ILL-DEFINED DISORDER
37622465,DEEP VEIN THROMBOSIS
36718555,INSOMNIA
35708202,NAUSEA
36919042,ANGER
37019416,CHROMATURIA
36110570,RESPIRATORY TRACT INFECTION
35707864,GASTROINTESTINAL HAEMORRHAGE
35809005,INJECTION SITE PAIN
36211068,FRACTURE NONUNION
36718362,MYOCLONUS
35708724,DYSGEUSIA
36718370,TIC
37119650,PAINFUL ERECTION
36211124,THORACIC VERTEBRAL FRACTURE
37219919,PLEURITIC PAIN
35205272,CARDIOMYOPATHY
35708099,COLONIC PSEUDO-OBSTRUCTION
35506744,HYPERCALCIURIA
36211098,FEMORAL NECK FRACTURE
35809174,HERNIA
36314941,NUCLEAR MAGNETIC RESONANCE IMAGING BRAIN ABNORMAL
36314365,VITAMIN D DECREASED
36111015,BRONCHIOLITIS
36110951,PAPILLOMA VIRAL INFECTION
35707512,ABDOMINAL HERNIA
35306064,SPINA BIFIDA
35506447,CUSHING'S SYNDROME
36919126,DEPENDENCE
36211267,TENDON INJURY
35809056,ACCIDENTAL DEATH
37320313,HAIR TEXTURE ABNORMAL
36718236,PARALYSIS FLACCID
36516779,Arthritis
37320127,Skin lesion
36718067,Transient ischaemic attack
45885708,Therapeutic response changed
35708177,Hyperphagia
36919129,Intentional drug misuse
36416680,Metabolic disorder
37019462,Calculus urinary
35708089,Proctitis
36718111,MULTIPLE SCLEROSIS
35909604,ALCOHOLIC LIVER DISEASE
35104740,LYMPHADENITIS
36009711,Hypersensitivity
36718114,Progressive multiple sclerosis
35104763,Lymphoedema
35808978,Injection site extravasation
43562936,Candida infection
37320269,Alopecia areata
35205027,Dizziness postural
35506757,Parathyroid disorder
36110335,CANDIDIASIS
37320132,SKIN SWELLING
35607492,Visual field defect
37019302,Renal tubular atrophy
35104254,Myeloproliferative disorder
36416493,Metabolic alkalosis
37622522,Hypertensive emergency
35707754,BEZOAR
37220040,ADENOIDAL HYPERTROPHY
35708623,ORAL MUCOSAL ERYTHEMA
36516933,SPONDYLOLISTHESIS
42889194,MACULAR FIBROSIS
35104179,LEUKOCYTOCLASTIC VASCULITIS
36211223,SUBDURAL HAEMORRHAGE
35506749,CALCIUM DEFICIENCY
36516888,RHABDOMYOLYSIS
35506637,HYPOGLYCAEMIA NEONATAL
35607312,PUPILS UNEQUAL
35708748,PROTRUSION TONGUE
35104859,LYMPHOCYTOSIS
35104120,HAEMORRHAGIC DIATHESIS
36009892,Acute graft versus host disease in skin
36211119,Fractured sacrum
35909625,Hepatotoxicity
36516761,Bone pain
35708425,Colorectal cancer
36718607,Brain mass
36718530,Epilepsy
35909613,Hepatitis
35104085,Haemorrhagic anaemia
37320130,Skin odour abnormal
37521048,Colostomy
36314941,Nuclear magnetic resonance imaging brain abnormal
36516872,Torticollis
36009852,VITILIGO
35104643,NON-HODGKIN'S LYMPHOMA
35104271,SICKLE CELL ANAEMIA WITH CRISIS
37420585,SOCIAL PROBLEM
35809134,Hyperhidrosis
37019456,Nephrolithiasis
36009847,Nephrogenic systemic fibrosis
37521158,Continuous haemodiafiltration
35607452,Accommodation disorder
36211183,Poisoning
35204998,Cardiovascular disorder
36312421,Pregnancy test positive
36516749,Osteonecrosis
42889638,Maternal exposure before pregnancy
35205003,Heart transplant rejection
36818683,Premature rupture of membranes
36313529,Ammonia increased
36109980,Nosocomial infection
35708560,Lip blister
35506503,Diabetic foot
35204902,Atrioventricular block
36316371,Blood magnesium decreased
35607382,SUBRETINAL FIBROSIS
37320093,Skin hypertrophy
37420530,Impaired work ability
37119745,Vaginal haemorrhage
36313301,Red cell distribution width increased
35909635,Hepatic neoplasm
36718463,Polyneuropathy
35707842,Oesophageal dilatation
35707667,Tooth discolouration
36718544,Abnormal sleep-related event
35205281,Hypertrophic cardiomyopathy
37019300,Nephrosclerosis
43053867,Cholangiocarcinoma
36918957,Tearfulness
35104229,Marrow hyperplasia
36316176,Drug clearance decreased
36717995,Cerebral artery occlusion
36516822,Cervicobrachial syndrome
36110348,Vulvovaginal candidiasis
37119590,Peyronie's disease
36211284,Animal scratch
35708191,Portal venous gas
37420438,Partner stress
35506475,Adrenal haemorrhage
36314519,Culture urine positive
42890346,Cerebral small vessel ischaemic disease
35205107,Pulmonary valve stenosis congenital
36516960,Piriformis syndrome
35104791,Splenic calcification
36311856,Venous pressure jugular increased
37019322,AZOTAEMIA
36316348,BLOOD CHLORIDE DECREASED
36110334,CANDIDA SEPSIS
35708240,ILEUS
36311933,ELECTROCARDIOGRAM ST-T SEGMENT ABNORMAL
36316011,Pulmonary function test abnormal
36313251,MEAN CELL HAEMOGLOBIN CONCENTRATION DECREASED
36516956,MUSCULOSKELETAL DISCOMFORT
36316131,ANTICOAGULATION DRUG LEVEL ABOVE THERAPEUTIC
37320345,TELANGIECTASIA
37622478,VENOUS THROMBOSIS LIMB
37522310,ARTERIAL THERAPEUTIC PROCEDURE
36315299,GRIP STRENGTH DECREASED
35205097,MITRAL VALVE STENOSIS
36110610,PENILE INFECTION
36918992,ILLUSION
35708172,EARLY SATIETY
36110661,ECTHYMA
35708205,PROCEDURAL VOMITING
36009955,SECONDARY IMMUNODEFICIENCY
36919208,PARASOMNIA
37119784,VULVOVAGINAL PRURITUS
35809119,DISEASE COMPLICATION
37119725,UTERINE STENOSIS
36516897,KNEE DEFORMITY
36818776,UMBILICAL CORD VASCULAR DISORDER
36311823,EJECTION FRACTION ABNORMAL
35607408,RETINAL ANEURYSM
37520999,ENTEROSTOMY
35909669,HEPATIC CANCER STAGE IV
36617207,SWEAT GLAND TUMOUR
36617309,NEOPLASM PROGRESSION
36211134,SCAPULA FRACTURE
37622402,ARTERIAL STENOSIS
37522270,Surgery
36110682,Skin infection
35808985,INJECTION SITE INFECTION
35406421,MIDDLE EAR EFFUSION
42890324,USE OF ACCESSORY RESPIRATORY MUSCLES
35707691,Tooth loss
35707552,Anal fissure
36517150,Tendon pain
36045582,Subacute cutaneous lupus erythematosus
36517131,Chondrolysis
35104397,Myelodysplastic syndrome
36516863,Hypertonia
35707639,Loose tooth
37320324,Haemorrhage subcutaneous
35909469,Cholestasis
35306124,Tourette's disorder
36315832,Semen volume decreased
36516929,Neck deformity
36009919,Vasculitis cerebral
36718191,Choreoathetosis
37119647,Ejaculation disorder
37220039,Adenoidal disorder
36416561,Chondrocalcinosis pyrophosphate
37219999,Vocal cord disorder
36312492,Tri-iodothyronine decreased
36718137,Tension headache
36211548,Needle issue
36617703,Prostate cancer metastatic
36313485,Biopsy liver
35707771,Intestinal anastomosis complication
35406320,Ear pruritus
35122884,Cytopenia
43053910,Exposure via inhalation
36312334,Blood thyroid stimulating hormone abnormal
36312568,BLOOD ALKALINE PHOSPHATASE INCREASED
36313824,Monoclonal immunoglobulin present
36516919,Retrognathia
35708064,Duodenitis
37119725,Uterine stenosis
35707762,Gastrointestinal anastomotic leak
37119486,Breast discolouration
36818734,Neonatal hypotension
35104067,Anaemia vitamin B12 deficiency
37521904,Chondroplasty
37320202,Erythrodermic psoriasis
35809172,Xerosis
37320220,RASH VESICULAR
37521844,Respiratory therapy
35809217,Allergic oedema
36312921,ACTIVATED PARTIAL THROMBOPLASTIN TIME PROLONGED
35809180,GRANULOMA
36617335,TUMOUR HAEMORRHAGE
35204955,ATRIAL TACHYCARDIA
35204957,SINUS ARREST
36718006,EMBOLIC CEREBRAL INFARCTION
36416617,FOOD INTOLERANCE
35104088,HYPOCHROMIC ANAEMIA
36416654,LIPOHYPERTROPHY
35707741,PANCREATIC INSUFFICIENCY
37119590,PEYRONIE'S DISEASE
37219814,DIFFUSE ALVEOLAR DAMAGE
37320133,SKIN TIGHTNESS
35305673,GASTROINTESTINAL MALFORMATION
36718574,CERVICAL MYELOPATHY
36110244,BETA HAEMOLYTIC STREPTOCOCCAL INFECTION
36718537,PARTIAL SEIZURES
35305965,MICROCEPHALY
35707781,PELVIC MASS
35306235,CONGENITAL NOSE MALFORMATION
36211670,INCISION SITE HAEMATOMA
35708059,REFLUX GASTRITIS
36617902,THROAT CANCER
37019379,URETHRAL STENOSIS
37219969,DIAPHRAGMATIC DISORDER
35809241,METASTATIC PAIN
35305553,ADRENOGENITAL SYNDROME
35708717,SIALOADENITIS
36312616,FOETAL HEART RATE ABNORMAL
36110810,VISCERAL LEISHMANIASIS
35205339,RIGHT ATRIAL DILATATION
35306252,CONGENITAL PULMONARY HYPERTENSION
36718255,ON AND OFF PHENOMENON
36110467,OSTEOMYELITIS ACUTE
35809167,SYMPTOM MASKED
35809217,ALLERGIC OEDEMA
36312857,FULL BLOOD COUNT INCREASED
36918875,FEAR OF EATING
35708092,PROCTOCOLITIS
36009893,CHRONIC ALLOGRAFT NEPHROPATHY
42889398,DEVICE DIFFICULT TO USE
36211177,NAIL TOXICITY
37521153,ANTICOAGULANT THERAPY
36110533,VULVOVAGINITIS
35305853,MUCOPOLYSACCHARIDOSIS I
37119516,UTERINE CERVICAL SQUAMOUS METAPLASIA
42890456,CHVOSTEK'S SIGN
36311827,EXERCISE TEST ABNORMAL
42889618,FEMOROACETABULAR IMPINGEMENT
35305725,CONGENITAL ABSENCE OF BILE DUCTS
36718024,SUBARACHNOID HAEMORRHAGE
36717998,Cerebral haemorrhage
35708026,Fungal peritonitis
37320158,Erythema
35707543,Inguinal hernia
35707751,Acute graft versus host disease in intestine
36918977,Somatic delusion
37622426,Femoral artery occlusion
36516860,Cogwheel rigidity
36718608,CEREBELLAR ATROPHY
36315570,BLOOD CREATINE INCREASED
36617921,MALIGNANT MELANOMA IN SITU
36211462,DRUG DOSE OMISSION
36718569,POOR QUALITY SLEEP
35104466,B-CELL LYMPHOMA RECURRENT
35506541,RENAL PAPILLARY NECROSIS
37520797,HORMONE THERAPY
42889464,TABLET PHYSICAL ISSUE
35707836,MELANOSIS COLI
37521856,NAIL OPERATION
42890626,EXECUTIVE DYSFUNCTION
35808893,IMPLANT SITE MASS
37019301,RENAL GLYCOSURIA
35205229,SUBACUTE ENDOCARDITIS
35909464,GALLBLADDER POLYP
36718577,RADICULITIS CERVICAL
36818721,RUPTURED ECTOPIC PREGNANCY
42889378,DEVICE INVERSION
36211208,VASCULAR INJURY
37521572,Intra-uterine contraceptive device removal
36311933,Electrocardiogram ST-T segment abnormal
37119584,Penile size reduced
36311924,Electrocardiogram QT shortened
35305957,Brachycephaly
35809179,Foreign body reaction
42889099,Congenital melanocytic naevus
36416614,Alcohol intolerance
36313790,Blood immunoglobulin A decreased
36517088,Osteosarcoma metastatic
35305397,Congenital arterial malformation
36314764,Viral load decreased
35809009,Injection site phlebitis
37520665,Synovectomy
35708559,Leukoplakia oral
36718014,Intraventricular haemorrhage neonatal
35506617,Insulin-requiring type 2 diabetes mellitus
35708011,Reiter's syndrome
35104676,Platelet aggregation inhibition
36316372,Blood magnesium increased
42890247,Ovarian vein thrombosis
35607354,Orbital oedema
36517147,TENDINOUS CONTRACTURE
35205108,Congenital tricuspid valve atresia
36617374,Brain cancer metastatic
35708684,Perirenal haematoma
36211334,Meralgia paraesthetica
37219841,PULMONARY BULLA
36313864,Tryptase increased
36009837,Still's disease adult onset
37119561,Ovarian haemorrhage
36315538,Protein total abnormal
36316402,Calcium ionised increased
42889315,Chemical peritonitis
36312420,Pregnancy test negative
35909500,Hyperphosphatasaemia
36312044,Directional Doppler flow tests abnormal
35205085,Shone complex
35104831,Eosinophilic cystitis
36718438,ADRENERGIC SYNDROME
35104855,Leukaemoid reaction
35808940,INFUSION SITE NERVE DAMAGE
36312203,Blood catecholamines decreased
36211370,Buttock crushing
36315732,Urine uric acid increased
37521182,APICECTOMY
35808947,INFUSION SITE PUSTULE
36211268,TENDON RUPTURE
35708100,CONSTIPATION
36211496,OVERDOSE
36211097,ANKLE FRACTURE
36009799,AUTOIMMUNE DISORDER
36919236,SUICIDE ATTEMPT
37622403,ARTERIOSCLEROSIS
35104308,JAUNDICE NEONATAL
36314160,BLOOD GLUCOSE INCREASED
37219838,ORGANISING PNEUMONIA
36718220,DYSTONIA
36211122,SPINAL COMPRESSION FRACTURE
37622400,ARTERIAL OCCLUSIVE DISEASE
36516824,OSTEOARTHRITIS
35607167,VITRITIS
36110874,CYTOMEGALOVIRUS INFECTION
36211113,JAW FRACTURE
36718551,SLEEP TERROR
35607123,EYE PRURITUS
36919149,PSYCHOTIC DISORDER
35707713,PANCREATITIS
35909473,JAUNDICE CHOLESTATIC
35708318,OESOPHAGEAL ULCER
36111047,VIRAL INFECTION
35809078,LISTLESS
36314347,VITAMIN B12 DECREASED
36517082,METASTASES TO SPINE
37622384,AORTIC ANEURYSM
35809089,FEELING OF RELAXATION
36718169,AUTISM
36416482,KETOACIDOSIS
36311981,HEART RATE ABNORMAL
35708657,PERITONEAL DISORDER
35708271,DUODENAL ULCER HAEMORRHAGE
36009914,TAKAYASU'S ARTERITIS
36718060,CEREBRAL VENOUS THROMBOSIS
37220006,LARYNGOSPASM
36617886,LUNG CANCER METASTATIC
35809406,Ulcer
36110736,Urinary tract infection
37219944,Pulmonary mass
35506586,Menstruation delayed
43562866,Medication residue present
36211102,Hip fracture
35506767,Thyroiditis
36718503,Peripheral sensory neuropathy
35205140,Trisomy 18
35809367,Drug withdrawal convulsions
37522357,Vascular operation
35607141,NEUROMYELITIS OPTICA
37320197,Pruritus
35809083,Feeling abnormal
36110918,Herpes zoster
36718382,Skin burning sensation
37019261,Cystitis haemorrhagic
35306064,Spina bifida
36211546,Device leakage
37520888,Cataract operation
35506601,Gynaecomastia
35205083,Heart valve incompetence
36211705,Transplant failure
35205351,Ventricular septal defect
35104491,Diffuse large B-cell lymphoma recurrent
36818713,ECTOPIC PREGNANCY
36416696,GOUTY ARTHRITIS
35708187,PELVIC PAIN
36918945,MAJOR DEPRESSION
36718458,SEROTONIN SYNDROME
37019292,NEPHROTIC SYNDROME
36918908,PANIC REACTION
35809252,TENDERNESS
35606938,MADAROSIS
37219856,PLEURAL FIBROSIS
35104092,NORMOCHROMIC NORMOCYTIC ANAEMIA
35607310,PUPILLARY REFLEX IMPAIRED
36818647,Foetal distress syndrome
35708106,Gastrooesophageal reflux disease
35607446,Blindness unilateral
37219871,Pulmonary embolism
37320122,Skin disorder
35205259,Pulmonary oedema
36009756,Anaphylactic reaction
35708066,Enteritis
36211127,Rib fracture
36718193,Akathisia
35708048,Pyoderma gangrenosum
35104245,Lymphoproliferative disorder
35909516,Coma hepatic
35707683,Gingival ulceration
35104384,Blast crisis in myelogenous leukaemia
35506448,Cushingoid
37320316,TRICHORRHEXIS
36818801,SUPPRESSED LACTATION
35104211,METHAEMOGLOBINAEMIA
36818708,PRE-ECLAMPSIA
37521654,Hysterectomy
36211473,Underdose
35708417,Colon cancer
36009724,Stevens-Johnson syndrome
35909513,Acute hepatic failure
37420519,Disability
35708151,Abdominal distension
35406429,Otitis media
36617523,Renal neoplasm
35205007,Intracardiac thrombus
37219859,Pleurisy
36312326,Blood luteinising hormone increased
35204987,Atrial thrombosis
35708142,Abnormal faeces
36416708,Vitamin K deficiency
35506754,Tetany
36818821,Twin pregnancy
37320142,Dermatitis diaper
36416584,Electrolyte imbalance
36316012,Pulmonary function test decreased
36009901,Transplant rejection
36009797,Ankylosing spondylitis
36110145,Helicobacter infection
35809199,Mucosal dryness
35708254,Large intestinal obstruction
36315482,Blood chromogranin A increased
43053913,Cerebrospinal fluid leakage
36315740,White blood cells urine positive
36313305,Reticulocyte count decreased
36211539,Vasoplegia syndrome
35607356,Detachment of retinal pigment epithelium
42890392,Solar lentigo
35708186,Pelvic discomfort
35808933,Infusion site infection
36110563,Pelvic abscess
35809393,Wound necrosis
35205250,Low cardiac output syndrome
35205015,Cardiac infection
36312567,Blood alkaline phosphatase decreased
36313175,Platelet count abnormal
35808890,Implant site inflammation
36315583,Blood urea nitrogen/creatinine ratio increased
35707789,Visceral congestion
36313534,ASPARTATE AMINOTRANSFERASE INCREASED
37622506,Aortic disorder
35708575,Palatal disorder
36516979,Sensation of heaviness
36718429,Mutism
37320110,Epidermal necrosis
36313255,Mean cell haemoglobin increased
35707852,Mallory-Weiss syndrome
35506476,Adrenal mass
35506630,Impaired fasting glucose
37420484,Legal problem
35708585,Abscess oral
36110678,RASH PUSTULAR
35708418,COLON CANCER METASTATIC
36617523,RENAL NEOPLASM
36311936,ELECTROCARDIOGRAM T WAVE ABNORMAL
35305980,HEMIVERTEBRA
36313803,BLOOD IMMUNOGLOBULIN G DECREASED
36312486,THYROXINE FREE INCREASED
36718191,CHOREOATHETOSIS
36110392,PULMONARY MYCOSIS
37521331,ADENOTONSILLECTOMY
37119739,VAGINAL DISORDER
35204969,CARDIAC FIBRILLATION
36718391,COMPLEX REGIONAL PAIN SYNDROME
35205025,Dizziness
36918858,Anxiety
35707631,Tooth abscess
36718368,Restlessness
37521568,Female sterilisation
35707675,GINGIVAL DISORDER
36918942,Depression
35205040,Dyspnoea exertional
36919117,Mental disorder
35707871,Upper gastrointestinal haemorrhage
36568681,Vertebral osteophyte
36211489,Labelled drug-drug interaction medication error
42889309,Device related sepsis
35809363,Virologic failure
36516850,Muscle tightness
35708116,Change of bowel habit
35708657,Peritoneal disorder
37520728,Cardiac ablation
35707547,Umbilical hernia
37119529,Prostatitis
37521854,Tracheostomy
35707682,Gingival recession
35205100,Congenital pulmonary valve atresia
42890581,Haemangioma of bone
35708709,Parotid gland enlargement
36516802,Joint destruction
35305701,Oesophageal atresia
36919227,Somatisation disorder
35104187,Bone marrow disorder
37522292,Wound treatment
42890545,Bone deformity
37622386,Aortic dissection
36110115,Enterococcal bacteraemia
36918846,Adjustment disorder
36718472,Mononeuritis
36311801,Cardiac output decreased
36516898,Limb deformity
36211106,Acetabulum fracture
35306232,Laryngomalacia
36211631,Confusion postoperative
36617199,Keratoacanthoma
36315021,CSF protein increased
36313971,Paracentesis
36009840,Scleroderma renal crisis
36718536,Myoclonic epilepsy
42890319,Central nervous system haemorrhage
35707582,Anal polyp
37420537,Mental disability
36516946,Dactylitis
36919193,Hypersexuality
36110689,Chronic sinusitis
36313467,T-lymphocyte count decreased
36312573,BLOOD LACTATE DEHYDROGENASE INCREASED
35808847,Catheter site cellulitis
36516944,Shoulder deformity
37119721,Uterine haemorrhage
35707729,Pancreas transplant rejection
36516834,Myositis ossificans
35809121,DISEASE RECURRENCE
36110234,STAPHYLOCOCCAL SEPSIS
36315272,BODY TEMPERATURE INCREASED
35909612,HEPATIC STEATOSIS
35809100,ABASIA
35809026,MALABSORPTION FROM INJECTION SITE
36516839,MYOFASCIAL PAIN SYNDROME
36314099,BLOOD LACTIC ACID INCREASED
36110266,STREPTOCOCCAL SEPSIS
36211595,MEDICAL DEVICE DISCOMFORT
35808797,APPLICATION SITE DRYNESS
36617167,BREAST CANCER RECURRENT
35607421,RETINAL VEIN OCCLUSION
35506663,GALACTORRHOEA
35809395,CALCINOSIS
36313239,HAEMOGLOBIN ABNORMAL
36311961,QRS AXIS ABNORMAL
35809154,ORGAN FAILURE
36818660,BREECH PRESENTATION
35708757,TONGUE OEDEMA
35809188,SEROSITIS
36717997,CEREBRAL HAEMATOMA
37320110,EPIDERMAL NECROSIS
35104071,PERNICIOUS ANAEMIA
36717996,CEREBRAL ARTERY THROMBOSIS
37320201,DERMATITIS PSORIASIFORM
36818651,HYDROPS FOETALIS
35205280,HYPERTENSIVE CARDIOMYOPATHY
35909610,GRANULOMATOUS LIVER DISEASE
36919078,SOLILOQUY
36818759,TRANSIENT TACHYPNOEA OF THE NEWBORN
37622385,AORTIC ANEURYSM RUPTURE
35104786,SPLEEN CONGESTION
35809157,PNEUMATOSIS
37522356,VASCULAR GRAFT
37220009,NASAL INFLAMMATION
36416697,GOUTY TOPHUS
36110700,PHARYNGEAL ABSCESS
35205313,CARDIAC SEPTAL DEFECT
36416524,ABNORMAL WEIGHT GAIN
37219824,ACUTE INTERSTITIAL PNEUMONITIS
35708611,BURNING MOUTH SYNDROME
35607461,PRESBYOPIA
37520712,MAMMOPLASTY
35808862,CATHETER SITE SWELLING
42890355,POSTERIOR REVERSIBLE ENCEPHALOPATHY SYNDROME
35305494,CONGENITAL ANOMALY IN OFFSPRING
36617508,URETERIC CANCER
35104266,Acute chest syndrome
35909574,Cytomegalovirus hepatitis
35809159,Pre-existing disease
35708092,Proctocolitis
35306184,Congenital uterine anomaly
36316028,Vital capacity decreased
35506635,Hyperinsulinism
35708173,Encopresis
36211395,Autonomic dysreflexia
37522201,LOOP ELECTROSURGICAL EXCISION PROCEDURE
35809290,PRODUCT SHAPE ISSUE
36617921,Malignant melanoma in situ
35607453,Altered visual depth perception
35708184,Oesophageal discomfort
36617282,Germ cell cancer
35708292,GASTROINTESTINAL EROSION
35305975,CONGENITAL SCOLIOSIS
37019455,NEPHROCALCINOSIS
35506597,PREMATURE MENOPAUSE
37520841,CORNEAL TRANSPLANT
37320202,ERYTHRODERMIC PSORIASIS
36919018,COMPULSIVE SHOPPING
36211589,ECTOPIC PREGNANCY WITH INTRAUTERINE DEVICE
36316402,CALCIUM IONISED INCREASED
36314749,RESPIRATORY SYNCYTIAL VIRUS TEST POSITIVE
35809279,PRODUCT PACKAGING QUANTITY ISSUE
35506634,HYPERINSULINAEMIA
35809291,PRODUCT SIZE ISSUE
35104169,FACTOR V LEIDEN MUTATION
35305533,PROGRESSIVE EXTERNAL OPHTHALMOPLEGIA
35707731,PANCREATIC CALCIFICATION
36316092,Computerised tomogram thorax abnormal
37520645,Joint fluid drainage
35506746,Hyperparathyroidism primary
36110382,Mycotic aneurysm
37320192,Photodermatosis
37622520,Accelerated hypertension
36416586,Hyperosmolar state
35707733,PANCREATIC DUCT DILATATION
35708594,ORAL FUNGAL INFECTION
35506647,GROWTH ACCELERATED
42889229,Chronic graft versus host disease in intestine
35808932,Infusion site induration
37119474,Breast fibrosis
36718534,INFANTILE SPASMS
35205212,Rheumatic fever
35305399,Congenital pulmonary artery anomaly
36416697,Gouty tophus
35708740,Tongue haematoma
37522367,PHLEBECTOMY
35205087,CONGENITAL MITRAL VALVE STENOSIS
35708749,STRAWBERRY TONGUE
36110461,BONE ABSCESS
35607033,CONJUNCTIVITIS BACTERIAL
37119471,BREAST DISORDER MALE
35506718,Carcinoid tumour of the stomach
36315701,URINE CALCIUM INCREASED
35104821,THYMUS HYPOPLASIA
36110106,Corynebacterium sepsis
35406393,Vertigo labyrinthine
35808900,IMPLANT SITE PARAESTHESIA
35707822,ENTEROCHROMAFFIN CELL HYPERPLASIA
42890199,PRERENAL FAILURE
42889790,FOETAL NON-STRESS TEST ABNORMAL
36516812,ARTHRALGIA
35708063,CROHN'S DISEASE
37019440,PROTEINURIA
37320197,PRURITUS
36211297,FALL
36416532,MALNUTRITION
36211269,TENDONITIS
35809084,FEELING COLD
35104883,NEUTROPENIA
35809243,PAIN
36211076,PATHOLOGICAL FRACTURE
36311983,HEART RATE INCREASED
37320126,SKIN INDURATION
35808999,INJECTION SITE MASS
36416589,TUMOUR LYSIS SYNDROME
37622456,EMBOLISM VENOUS
35708176,HICCUPS
35205190,MYOCARDIAL ISCHAEMIA
37320127,SKIN LESION
37622449,HYPOTENSION
35205083,HEART VALVE INCOMPETENCE
35104686,HELLP SYNDROME
37219897,RESPIRATORY DISTRESS
36617245,METASTASIS
36517076,METASTASES TO BONE
36718193,AKATHISIA
35708166,ACUTE ABDOMEN
37019452,RENAL COLIC
36516896,HAND DEFORMITY
36718244,QUADRIPLEGIA
35104392,MYELOID LEUKAEMIA
36516898,LIMB DEFORMITY
35708369,MALABSORPTION
36110248,ERYSIPELAS
37019460,CALCULUS URETERIC
37219907,Cough
36009723,Skin reaction
37019238,Bladder disorder
36313605,Transaminases increased
36718235,Paralysis
37420580,Poor personal hygiene
35205168,Coronary artery occlusion
37522318,Coronary artery bypass
35708711,Salivary gland enlargement
37219834,Lung infiltration
36211181,Neurotoxicity
36717994,CEREBRAL ARTERY EMBOLISM
36211159,CHEMICAL POISONING
37420447,BREAST FEEDING
36919109,Throat tightness
37622462,Venous thrombosis
36110917,Herpes virus infection
36314635,Epstein-Barr virus test positive
36211730,Endotracheal intubation complication
35909483,Haemobilia
35708623,Oral mucosal erythema
35809154,Organ failure
45886449,Ectopic pregnancy with contraceptive device
36313047,International normalised ratio abnormal
35808793,Application site dermatitis
36516925,Kyphosis
37521294,Nasal septal operation
42889670,PROCEDURAL HAEMORRHAGE
36919109,THROAT TIGHTNESS
37320098,ACTINIC KERATOSIS
36211213,BRAIN HERNIATION
36516817,JOINT STIFFNESS
35607297,VITH NERVE PARALYSIS
36009888,SEPSIS SYNDROME
36211065,FRACTURE
37019254,CYSTOCELE
36617948,SQUAMOUS CELL CARCINOMA OF SKIN
35909517,HEPATIC ENCEPHALOPATHY
36110643,SEPSIS NEONATAL
35305718,MACROGLOSSIA
35205179,Acute coronary syndrome
37522314,Carotid endarterectomy
36110591,Lung infection
35808880,Implant site erythema
35808893,Implant site mass
35506494,Diabetic ketoacidosis
36313435,Neutrophil count abnormal
35205342,RIGHT VENTRICULAR HYPERTROPHY
37622469,JUGULAR VEIN THROMBOSIS
37019450,POLYURIA
36111056,VIRAL UPPER RESPIRATORY TRACT INFECTION
35506649,HYPERPROLACTINAEMIA
35708066,ENTERITIS
36718433,Speech disorder
36918984,Hallucination
36312553,Troponin increased
37019320,Renal failure chronic
45885661,Injection site hypoaesthesia
35808824,Application site rash
36110722,Pyelonephritis
36918860,Nervousness
35809284,Product deposit
36211237,Haemothorax
36110040,Gangrene
36416574,Hypophosphataemia
36110265,Streptococcal infection
37522317,Coronary arterial stent insertion
36211186,Retinoic acid syndrome
36516840,Muscle atrophy
35708607,Oral pain
35809126,Exercise tolerance decreased
35305937,Limb malformation
37019426,Haemoglobinuria
35809321,Adverse reaction
36110693,LARYNGITIS
37219921,Pulmonary haemorrhage
35809368,Drug withdrawal headache
36211304,Internal injury
36211109,Pelvic fracture
42890500,Exposed bone in jaw
35808977,Injection site exfoliation
35808799,Application site erosion
36009759,Anaphylactoid reaction
36718273,Hyporeflexia
35506762,Parathyroid tumour benign
36110119,Urinary tract infection enterococcal
36416529,Feeding disorder neonatal
36110239,Wound infection staphylococcal
35306179,Supernumerary nipple
36313345,Differential white blood cell count abnormal
36918950,Depressive symptom
35607016,Anterior chamber cell
43562912,Large intestinal stenosis
35708311,Small intestinal perforation
36255014,Wrong patient received medication
36918958,Asperger's disorder
37520617,Removal of internal fixation
35909421,Cholangitis sclerosing
37521639,Ovarian cystectomy
37219961,Snoring
35708121,Presbyoesophagus
36919187,Organic erectile dysfunction
43054113,Dyshidrotic eczema
42890529,Expanded disability status scale score increased
36919078,Soliloquy
37119606,Varicocele
36109987,Arthritis reactive
36818784,Polyhydramnios
36314639,Genotype drug resistance test positive
35708752,Tongue coated
35909493,Hepatic mass
36314009,LOW DENSITY LIPOPROTEIN INCREASED
42889091,Micropenis
35909618,HEPATITIS FULMINANT
36314255,BRAIN NATRIURETIC PEPTIDE INCREASED
37521854,TRACHEOSTOMY
36717973,INTRACRANIAL ANEURYSM
36818706,PREMATURE SEPARATION OF PLACENTA
37420567,CONTRAINDICATION TO MEDICAL TREATMENT
36313449,NEUTROPHIL PERCENTAGE INCREASED
36315664,NITRITE URINE PRESENT
35708465,METASTASES TO PERITONEUM
36919165,ANORGASMIA
35708583,LIP HAEMORRHAGE
36617190,ACROCHORDON
37420476,CHILD NEGLECT
35707765,GASTROINTESTINAL INJURY
36110641,PULMONARY SEPSIS
36110504,CERVICITIS
35607321,CHORIORETINAL ATROPHY
37220048,PHARYNGEAL INFLAMMATION
36211522,CARDIAC VALVE REPLACEMENT COMPLICATION
37520827,THYROID OPERATION
43562697,Apnoea neonatal
37521792,LUNG LOBECTOMY
37320199,RASH PRURITIC
35104691,Thrombocytopenia
36718093,Parosmia
35104126,Spontaneous haematoma
35809342,No therapeutic response
36110678,Rash pustular
35809243,Pain
35809068,Stillbirth
37019321,Renal impairment
35708160,Gastrointestinal pain
36718312,Altered state of consciousness
35809121,Disease recurrence
37220037,Sinus disorder
35205106,Pulmonary valve stenosis
36211076,Pathological fracture
36416608,Hypovolaemia
42889801,Amylase increased
37019257,Urinary bladder haemorrhage
35809331,Drug tolerance
37019448,Haemorrhage urinary tract
36718386,Anaesthesia
43562700,Ear swelling
36211458,Burns third degree
36416612,Hypervolaemia
35506639,Hypoglycaemic coma
37219889,Hypopnoea
36315573,Blood creatinine abnormal
36316370,Blood magnesium abnormal
36211148,Accidental poisoning
35809056,Accidental death
37420479,Drug diversion
35104120,Haemorrhagic diathesis
35104803,Splenic lesion
35707607,Rectal polyp
37521199,Periodontal operation
36009786,Urticaria chronic
36416484,Kussmaul respiration
36316181,Drug level above therapeutic
36516877,Pelvic floor muscle weakness
37521115,Small intestinal resection
36617225,Metastases to meninges
35607008,Ocular vascular disorder
35606966,Eyelid disorder
35204957,Sinus arrest
36110506,Endometritis
37521140,Plasmapheresis
35104360,Large granular lymphocytosis
35809359,Therapy naive
36718557,Terminal insomnia
35506487,Benign neoplasm of adrenal gland
35305763,Aminoaciduria
36311824,EJECTION FRACTION DECREASED
35104765,LYMPHOID TISSUE HYPERPLASIA
37622453,AORTIC THROMBOSIS
36316338,BLOOD BICARBONATE DECREASED
36818840,PREGNANCY WITH CONTRACEPTIVE DEVICE
35104787,SPLEEN DISORDER
36316278,DRUG SCREEN FALSE POSITIVE
35204909,BUNDLE BRANCH BLOCK
36312121,CHROMOSOME ANALYSIS ABNORMAL
36717986,CAROTID ARTERY THROMBOSIS
36818746,NEONATAL RESPIRATORY ARREST
37119602,SCROTAL SWELLING
36211400,SPINAL CORD HAEMORRHAGE
35104849,ACUTE FEBRILE NEUTROPHILIC DERMATOSIS
37320269,ALOPECIA AREATA
35708109,INFREQUENT BOWEL MOVEMENTS
35305603,IRIS COLOBOMA
37522291,WOUND DRAINAGE
36516807,PATELLOFEMORAL PAIN SYNDROME
36315416,ALPHA 1 FOETOPROTEIN INCREASED
36316417,SERUM FERRITIN INCREASED
36617287,ADENOCARCINOMA
36110426,BODY TINEA
36516783,MONARTHRITIS
35809047,FEBRILE INFECTION
35606973,OCULAR DISCOMFORT
36516748,OSTEITIS DEFORMANS
37420533,LEARNING DISABILITY
36617337,TUMOUR NECROSIS
35606867,CORNEAL SCAR
35606864,CORNEAL OPACITY
35305414,ARTERIOVENOUS MALFORMATION
37520664,SHOULDER OPERATION
36718593,RADICULITIS
36211678,POST PROCEDURAL DISCHARGE
35607482,VISION ABNORMAL NEONATAL
35909510,HYPERTRANSAMINASAEMIA
35606927,EYELID EROSION
35104204,HYPERVISCOSITY SYNDROME
36718328,CENTRAL NERVOUS SYSTEM NECROSIS
35104710,MICROCYTOSIS
35104150,HYPOPROTHROMBINAEMIA
36315304,HEAD CIRCUMFERENCE ABNORMAL
36110771,LATENT TUBERCULOSIS
35809282,PRODUCT COATING ISSUE
36516730,BONE FISTULA
42890353,BAND SENSATION
42889278,LIP INJURY
36617234,METASTASES TO PLEURA
36516877,PELVIC FLOOR MUSCLE WEAKNESS
35305555,CONGENITAL ANOMALY OF ADRENAL GLAND
36313220,Haematocrit abnormal
36313523,Alanine aminotransferase decreased
37219796,Asthma exercise induced
36110215,SERRATIA SEPSIS
36009948,CELL-MEDIATED IMMUNE DEFICIENCY
37119491,BREAST OEDEMA
36516773,CUTIS LAXA
37622493,SUPERFICIAL VEIN PROMINENCE
35306287,NAEVUS FLAMMEUS
36314312,Urine ketone body present
37520853,Eye operation
36211258,Ligament injury
43053860,Acute hepatitis B
35104672,Hypergammaglobulinaemia benign monoclonal
36416481,HYPERLACTACIDAEMIA
36211705,TRANSPLANT FAILURE
37019386,URETHRAL HAEMORRHAGE
35808819,APPLICATION SITE PARAESTHESIA
35808820,APPLICATION SITE PERSPIRATION
37521190,DENTAL OPERATION
36311950,ELECTROCARDIOGRAM CHANGE
36718484,SCIATIC NERVE NEUROPATHY
36718341,PSYCHOMOTOR SKILLS IMPAIRED
37522376,VENOUS OPERATION
36312399,OESTRADIOL DECREASED
36110788,TUBERCULOUS PLEURISY
36315932,HYSTEROSCOPY
35809015,INJECTION SITE RECALL REACTION
35808957,Infusion site warmth
36416544,Bone metabolism disorder
35306170,Renal hypoplasia
36818710,CERVICAL INCOMPETENCE
35607415,RETINAL INFARCTION
42889387,DEVICE BATTERY ISSUE
37219994,Laryngeal ulceration
42890437,Coma blister
37520715,Modified radical mastectomy
35506600,FEMINISATION ACQUIRED
36211684,Postoperative adhesion
37119611,Prostatic calcification
35205277,Cytotoxic cardiomyopathy
36312121,Chromosome analysis abnormal
35606882,CILIARY BODY DISORDER
36311944,ELECTROCARDIOGRAM U-WAVE ABNORMALITY
37420559,ILLITERACY
35104360,LARGE GRANULAR LYMPHOCYTOSIS
35707801,Enterocolonic fistula
36718617,HIPPOCAMPAL SCLEROSIS
35707895,CAMPYLOBACTER GASTROENTERITIS
36009811,PULMONARY RENAL SYNDROME
35205128,Ductus arteriosus premature closure
36211244,Tracheal deviation
35707873,ANAL CANDIDIASIS
35909502,Liver graft loss
36111042,SWEATING FEVER
42889572,EXPOSURE VIA DIRECT CONTACT
35606823,TENON'S CYST
42889250,ISCHAEMIC GASTRITIS
36516874,TRISMUS
36416514,DECREASED APPETITE
35205038,DYSPNOEA
36718067,TRANSIENT ISCHAEMIC ATTACK
37219844,PULMONARY FIBROSIS
36517134,COSTOCHONDRITIS
36315381,WEIGHT INCREASED
36918860,NERVOUSNESS
35406324,OTORRHOEA
35708278,GASTRIC ULCER
36416535,OVERWEIGHT
35104871,LYMPHOPENIA
35708159,ABDOMINAL TENDERNESS
35708705,SALIVARY HYPERSECRETION
37420577,GAMBLING
36416706,VITAMIN D DEFICIENCY
36009918,VASCULITIS
35506493,DIABETIC COMPLICATION
37019332,KIDNEY ENLARGEMENT
35406349,OTITIS EXTERNA
35809043,NEUROLEPTIC MALIGNANT SYNDROME
36919122,ENURESIS
35707641,PERIODONTAL DISEASE
35809001,INJECTION SITE NECROSIS
36110689,CHRONIC SINUSITIS
37119550,POLYMENORRHOEA
36211282,ACCIDENT AT WORK
37119691,TESTICULAR SWELLING
37219974,MEDIASTINAL MASS
36313661,ANTINUCLEAR ANTIBODY POSITIVE
35205067,AORTIC VALVE STENOSIS
35305718,Macroglossia
36211677,Post procedural complication
37019408,Urge incontinence
35909593,Hepatic pain
35707692,Diverticulum
35506582,Hirsutism
42890076,Pseudomonas test positive
36110569,Purulence
36919184,Erection increased
36718108,Demyelination
37019284,GLOMERULONEPHRITIS MEMBRANOPROLIFERATIVE
35809062,DROWNING
35708079,POUCHITIS
35809266,Product label issue
36211315,Soft tissue injury
37420362,Economic problem
36312545,Muscle enzyme increased
36919048,Frustration
37219937,Aspiration
37019330,Hydronephrosis
36313857,Neutralising antibodies positive
37320171,Granuloma annulare
35707781,Pelvic mass
36316415,Serum ferritin abnormal
37119781,Vulvovaginal discomfort
35909614,Hepatitis acute
37521018,Intestinal resection
36416524,Abnormal weight gain
37320167,Exfoliative rash
36718063,Transverse sinus thrombosis
42889464,Tablet physical issue
35708045,ENTEROCOLITIS HAEMORRHAGIC
36211311,ROAD TRAFFIC ACCIDENT
37219942,LUNG DISORDER
36919209,SLEEP DISORDER
35707866,HAEMATOCHEZIA
36416610,FLUID RETENTION
37019393,BLADDER PAIN
36718142,MIGRAINE WITH AURA
36110673,PARONYCHIA
36718373,DYSAESTHESIA
36211123,SPINAL FRACTURE
36718570,RAPID EYE MOVEMENTS SLEEP ABNORMAL
35708153,Flatulence
36313916,Nuclear magnetic resonance imaging abnormal
36718016,Ischaemic stroke
37521016,Intestinal operation
36315755,Urine output increased
36416682,Metabolic syndrome
35104165,Disseminated intravascular coagulation
37622434,Poor peripheral circulation
36919131,Polysubstance dependence
35809158,Pre-existing condition improved
36416680,METABOLIC DISORDER
35204954,ATRIAL FLUTTER
35708183,MERYCISM
35809110,Apparent death
36416595,Hypokalaemia
37520719,Cardiac pacemaker insertion
36516867,Muscle rigidity
35809086,Feeling hot
36718255,On and off phenomenon
36211101,Foot fracture
35808796,Application site discomfort
36818682,Premature labour
36516742,Jaw disorder
36316417,Serum ferritin increased
36009720,Pruritus allergic
36315486,C-reactive protein increased
42890454,Product used for unknown indication
35708169,Bruxism
43053895,Bone contusion
36818743,Neonatal asphyxia
36110563,PELVIC ABSCESS
36313976,Quality of life decreased
35808884,Implant site haematoma
37320295,Nail disorder
43053853,Hepatocellular carcinoma
37420481,Homicide
37622394,Aortic arteriosclerosis
36110201,Pseudomonas infection
36617297,Metastatic neoplasm
35707937,Abdominal infection
35708287,Anastomotic ulcer
35808889,Implant site infection
35306287,Naevus flammeus
36312776,Gastric pH decreased
36818829,Live birth
35707773,Intestinal mass
36516725,Bone callus excessive
37320335,Capillaritis
37119515,Uterine cervical pain
36211554,Device connection issue
42888976,Metastatic lymphoma
35506810,Thyroid cyst
35707853,Oesophageal haemorrhage
36211391,Skin injury
36211267,Tendon injury
42889094,Persistent cloaca
37622385,Aortic aneurysm rupture
37622417,Venous insufficiency
36211124,Thoracic vertebral fracture
35607312,Pupils unequal
36110174,Gonorrhoea
35909603,Acute graft versus host disease in liver
36718482,Radial nerve palsy
35607288,Ophthalmoplegia
35909607,Chronic hepatitis
35305406,Aorta hypoplasia
36718452,Motor neurone disease
35707731,Pancreatic calcification
36316186,DRUG LEVEL INCREASED
36312498,TRI-IODOTHYRONINE INCREASED
35506610,DIABETES MELLITUS INADEQUATE CONTROL
35809220,FACE OEDEMA
35809039,HYPERTHERMIA
37119721,UTERINE HAEMORRHAGE
35305957,BRACHYCEPHALY
35205003,HEART TRANSPLANT REJECTION
36312669,OCCULT BLOOD POSITIVE
35506654,HYPOPITUITARISM
35809096,SENSE OF OPPRESSION
35506461,ADRENOCORTICAL INSUFFICIENCY ACUTE
36416528,FEEDING DISORDER
37219828,BULLOUS LUNG DISEASE
35708563,LIP OEDEMA
35306167,RENAL APLASIA
36718217,STEREOTYPY
37119557,OVARIAN DISORDER
35809363,VIROLOGIC FAILURE
36110652,VIRAEMIA
36517019,OSTEOMA
35607154,CHOROIDITIS
42890510,POSTICTAL PSYCHOSIS
36311982,HEART RATE DECREASED
37019312,SINGLE FUNCTIONAL KIDNEY
37622440,LABILE BLOOD PRESSURE
36211447,Radiation pneumonitis
35607050,Corneal oedema
35104853,Infectious mononucleosis
36314856,Bone density decreased
36718428,LOGORRHOEA
37320120,Skin discolouration
42889379,Device issue
35708564,Lip swelling
36818823,Normal newborn
35809237,Flank pain
35708757,Tongue oedema
35607150,Periorbital oedema
45885570,Product use issue
37019250,Bladder prolapse
36617565,Cervix carcinoma
36918926,Reading disorder
36818730,Small for dates baby
35205345,Ventricular dysfunction
42889473,Suspected counterfeit product
36312335,Blood thyroid stimulating hormone decreased
36516950,Plantar fasciitis
37521190,Dental operation
35104210,Metastases to bone marrow
35708109,Infrequent bowel movements
37521178,Splenectomy
45885371,Uterine scar
36110665,Impetigo
36312305,Blood corticotrophin decreased
35708268,Duodenal perforation
37019351,Renal artery stenosis
36312981,Coagulation factor V level decreased
36211703,SUTURE RELATED COMPLICATION
35506732,Pancreatic neuroendocrine tumour
36919013,Eating disorder symptom
35708303,Intestinal ulcer
36009851,Pemphigus
37521890,Skin lesion excision
37119621,Genital disorder male
42890248,Penile curvature
36919182,Disturbance in sexual arousal
35104783,Hypersplenism
35205380,Pleuropericarditis
35104353,Acute myeloid leukaemia recurrent
35104758,Lymphatic disorder
36211061,Bone fragmentation
35809060,Death neonatal
35506691,Polydipsia
36313822,Light chain analysis increased
37521729,Nephrectomy
36718286,Developmental coordination disorder
36617646,Ovarian cancer recurrent
42890301,Acute lung injury
35104199,HAEMATOTOXICITY
36314886,MYOGLOBIN BLOOD INCREASED
36617166,BREAST CANCER METASTATIC
35708726,HYPOGEUSIA
35205345,VENTRICULAR DYSFUNCTION
35808823,APPLICATION SITE PUSTULES
36918962,DISSOCIATION
36919125,ALCOHOLISM
37420556,EDUCATIONAL PROBLEM
36717971,CAROTID ARTERY DISSECTION
36718237,PARAPARESIS
36211087,JOINT HYPEREXTENSION
35204929,BRADYCARDIA FOETAL
36311994,PULSE ABNORMAL
36918916,HEAD BANGING
35305472,GENE MUTATION
36110256,PNEUMOCOCCAL SEPSIS
36919181,PSYCHOSEXUAL DISORDER
35708458,GASTROINTESTINAL CARCINOMA
36918924,DISTRACTIBILITY
36416686,FANCONI SYNDROME ACQUIRED
37521041,COLECTOMY
35607037,CONJUNCTIVITIS VIRAL
36718536,MYOCLONIC EPILEPSY
35305402,SINGLE UMBILICAL ARTERY
36313982,BLOOD CHOLESTEROL
36516803,JOINT INSTABILITY
36919082,VIOLENCE-RELATED SYMPTOM
37420479,DRUG DIVERSION
37622458,POST THROMBOTIC SYNDROME
35607318,FOREIGN BODY SENSATION IN EYES
35104305,INTRAVASCULAR HAEMOLYSIS
35909603,ACUTE GRAFT VERSUS HOST DISEASE IN LIVER
37119642,HYDROMETRA
36516726,BONE CYST
35205100,CONGENITAL PULMONARY VALVE ATRESIA
35809364,ABNORMAL WITHDRAWAL BLEEDING
36919225,PSYCHOGENIC PAIN DISORDER
36110528,UTERINE INFECTION
35306157,CONGENITAL RENAL DISORDER
37219978,PULMONARY HILUM MASS
36211590,EXPOSURE TO CONTAMINATED DEVICE
35607379,RETINAL TOXICITY
36818648,FOETAL HYPOKINESIA
35305908,ADACTYLY
35809289,PRODUCT RECONSTITUTION ISSUE
36919081,SUSPICIOUSNESS
35104154,ABNORMAL CLOTTING FACTOR
36313078,PROTEIN S DECREASED
42889566,COUNTERFEIT DRUG ADMINISTERED
36314878,X-RAY LIMB ABNORMAL
35306215,CONGENITAL GENITAL MALFORMATION
36211241,PNEUMOTHORAX TRAUMATIC
35305545,EXTERNAL AUDITORY CANAL ATRESIA
35808805,APPLICATION SITE HYPERAESTHESIA
36313603,TRANSAMINASES ABNORMAL
36517077,METASTASES TO CHEST WALL
35708094,DIARRHOEA HAEMORRHAGIC
36211375,Head injury
35708285,Gastritis erosive
36211731,Idiopathic pneumonia syndrome
36617552,Uterine cyst
36315289,Emergency care examination abnormal
36313383,LYMPHOCYTE STIMULATION TEST POSITIVE
36316416,SERUM FERRITIN DECREASED
36919060,ANTISOCIAL BEHAVIOUR
37019356,RENAL ISCHAEMIA
35104077,ANAEMIA NEONATAL
35808854,CATHETER SITE INFLAMMATION
37320314,INGROWN HAIR
35707783,PROTEIN-LOSING GASTROENTEROPATHY
35205121,DOUBLE OUTLET RIGHT VENTRICLE
36718378,LHERMITTE'S SIGN
35809162,PSEUDOCYST
35809299,PRODUCT COMPOUNDING QUALITY ISSUE
42889405,DEVICE KINK
35306216,GENITALIA EXTERNAL AMBIGUOUS
37520627,INTERNAL FIXATION OF FRACTURE
37119587,PENILE VASCULAR DISORDER
35205030,Hyperdynamic left ventricle
36009688,Allergic respiratory symptom
35708629,Oropharyngeal plaque
35104073,Subacute combined cord degeneration
36416720,Vitamin B1 deficiency
36718266,Tremor neonatal
36718041,Cerebral artery stenosis
42890468,Vibratory sense increased
35607332,VITREOUS ADHESIONS
35606817,Flat anterior chamber of eye
45886365,Diabetic metabolic decompensation
37522310,Arterial therapeutic procedure
36110195,Proteus infection
37521672,COLPORRHAPHY
36818623,POST ABORTION HAEMORRHAGE
35607455,Anisometropia
36211766,URETERIC PERFORATION
37521943,Tenolysis
37520630,ANKLE ARTHROPLASTY
35306036,Congenital floppy infant
35809023,Injection site vasculitis
35707836,Melanosis coli
36918954,Morose
36110781,Tuberculoma of central nervous system
36110987,AIDS DEMENTIA COMPLEX
43562777,Hypocalvaria
37522367,Phlebectomy
37119735,GENITAL LABIAL ADHESIONS
42890221,Hypocitraturia
36718394,Hyperpathia
42889646,SUBSTANCE-INDUCED PSYCHOTIC DISORDER
42889105,MALE GENITAL ATROPHY
35809148,MULTI-ORGAN FAILURE
35708153,FLATULENCE
35809225,OEDEMA
36211315,SOFT TISSUE INJURY
36110736,URINARY TRACT INFECTION
36718285,COORDINATION ABNORMAL
35205383,CARDIAC TAMPONADE
37219829,EMPHYSEMA
35104826,EOSINOPHILIA
36110347,SYSTEMIC CANDIDA
36718130,CLUSTER HEADACHE
36718510,GRAND MAL CONVULSION
35707815,OROANTRAL FISTULA
36211375,HEAD INJURY
35707861,RECTAL HAEMORRHAGE
35707853,OESOPHAGEAL HAEMORRHAGE
35909614,HEPATITIS ACUTE
37622471,PELVIC VENOUS THROMBOSIS
35607473,HALO VISION
36718238,PARAPLEGIA
36919071,INDIFFERENCE
35607446,BLINDNESS UNILATERAL
36110534,ABSCESS
37622505,AORTIC DILATATION
36918952,FEELING OF DESPAIR
37320102,DERMATITIS BULLOUS
35707937,ABDOMINAL INFECTION
35909454,GALLBLADDER ENLARGEMENT
36718503,PERIPHERAL SENSORY NEUROPATHY
37320096,SKIN ATROPHY
36110915,Herpes simplex
36718287,Dysstasia
43562865,Intentional underdose
36211464,Inappropriate schedule of drug administration
35909611,Hepatic necrosis
42889658,Foreign body
36517132,Chondropathy
35809039,Hyperthermia
35741941,Tongue movement disturbance
36918957,TEARFULNESS
37019315,ANURIA
36110939,MUMPS
36211496,Overdose
37520643,Joint arthroplasty
36617158,Fibrocystic breast disease
35809378,Fibrosis
35708395,Gastrointestinal stromal tumour
37219844,Pulmonary fibrosis
36617190,Acrochordon
35104669,Plasmacytoma
36617538,Ovarian cyst ruptured
36110693,Laryngitis
35204913,Conduction disorder
36313532,Aspartate aminotransferase abnormal
35104242,Castleman's disease
35205148,Multiple cardiac defects
36211184,Poisoning deliberate
36315866,Biopsy breast
35306206,Phimosis
35909505,Liver transplant rejection
35708717,Sialoadenitis
35707789,VISCERAL CONGESTION
37320170,SKIN EXFOLIATION
35205355,MYOCARDITIS
36718368,RESTLESSNESS
35205351,VENTRICULAR SEPTAL DEFECT
36110552,Infection
35809369,Drug withdrawal syndrome
35104378,Chronic myeloid leukaemia
35809098,Thirst
35708141,Eructation
36211305,Laceration
37019293,Nephritis
37019295,Tubulointerstitial nephritis
36009857,Sarcoidosis
35607272,Eye movement disorder
36516868,MUSCLE SPASTICITY
36110212,SALMONELLOSIS
36009829,POLYMYOSITIS
36718265,Tremor
36718353,Crying
35809076,Fatigue
35809310,Drug interaction
35708628,Oropharyngeal pain
37019318,Renal failure
36110568,Postoperative wound infection
36718347,Agitation
36416487,Metabolic acidosis
35809101,Ataxia
35708179,Incontinence
35708705,Salivary hypersecretion
35708567,Oral disorder
42889310,Injury associated with device
35506790,Hyperthyroidism
35204977,Torsade de pointes
36919107,Psychiatric decompensation
35809015,Injection site recall reaction
36009829,Polymyositis
42889558,Skin wound
35607489,SCOTOMA
42889163,Glassy eyes
36918945,Major depression
36919053,Affective disorder
35205255,Acute pulmonary oedema
37019393,Bladder pain
35708756,Tongue exfoliation
43053882,Juvenile idiopathic arthritis
35909444,Cholecystitis infective
35707820,Barrett's oesophagus
35406375,Hyperacusis
37520931,Pancreaticoduodenectomy
35204918,Sinoatrial block
35708641,Oral mucosa erosion
35204954,Atrial flutter
35708726,Hypogeusia
37622440,Labile blood pressure
35406412,Mastoiditis
35205202,Endocarditis bacterial
35607440,Amaurosis fugax
36110400,Systemic mycosis
35808904,Implant site rash
37420470,Victim of crime
36311994,Pulse abnormal
35707532,Diaphragmatic hernia
35809129,Fistula discharge
35708564,LIP SWELLING
36313089,Prothrombin time abnormal
36211212,Brain contusion
36919038,Blunted affect
36517079,Metastases to neck
35707840,Gastrooesophageal sphincter insufficiency
36718305,Dyspraxia
36009732,Analgesic asthma syndrome
36517077,Metastases to chest wall
35708583,Lip haemorrhage
36919153,Shared psychotic disorder
42890547,Facial asymmetry
36110426,Body tinea
36416506,Wernicke's encephalopathy
36314196,HAPTOGLOBIN DECREASED
36316139,ANTICONVULSANT DRUG LEVEL INCREASED
36918933,LACK OF SPONTANEOUS SPEECH
36717992,CEREBELLAR INFARCTION
36110491,MENINGITIS
35708257,ACQUIRED OESOPHAGEAL WEB
36416578,NEPHROGENIC DIABETES INSIPIDUS
36416515,DIET REFUSAL
36617155,BREAST CYST
36110878,CYTOMEGALOVIRUS VIRAEMIA
37522209,MEDICAL DEVICE IMPLANTATION
37622445,PERIPHERAL CIRCULATORY FAILURE
36516950,PLANTAR FASCIITIS
37219798,BRONCHIAL HYPERREACTIVITY
37219791,BRONCHIAL WALL THICKENING
36918876,FEAR OF FALLING
36516940,HIP DEFORMITY
36416554,RENAL OSTEODYSTROPHY
42890497,BONE LOSS
36617689,TESTICULAR CYST
36516737,DENTAL ALVEOLAR ANOMALY
36315510,GLOBULINS INCREASED
37219956,PARANASAL SINUS DISCOMFORT
36314665,HEPATITIS B DNA ASSAY POSITIVE
36315274,Breath sounds abnormal
35607122,Eye irritation
36312070,Blood pressure decreased
36009833,Rheumatoid arthritis
37019399,Micturition urgency
42890354,Hypoxic-ischaemic encephalopathy
36416712,Hypovitaminosis
35506447,Cushing's syndrome
35809272,Product closure removal difficult
35808970,Injection site discolouration
36617300,Neoplasm malignant
35607172,Scleral hyperaemia
42890546,Limb asymmetry
37219839,Pulmonary alveolar haemorrhage
36718428,Logorrhoea
36718586,Myelopathy
36211105,Tibia fracture
35606969,Hypotony of eye
36517141,Ligament pain
36416673,Hypercreatinaemia
37219843,Pulmonary cavitation
35707932,Helicobacter gastritis
36211134,Scapula fracture
35707798,Dental fistula
35607421,Retinal vein occlusion
36718337,Nerve degeneration
35808859,Catheter site pruritus
35104736,Lymph node calcification
36211433,Osteoradionecrosis
35406398,Acoustic neuroma
36316023,Total lung capacity decreased
36211255,Epicondylitis
36718358,Grimacing
37521049,Colostomy closure
37119783,Vulvovaginal pain
37119540,Postmenopausal haemorrhage
42889225,Pharyngo-oesophageal diverticulum
37520827,Thyroid operation
42890333,Upper-airway cough syndrome
35707681,Gingival injury
35305715,Ankyloglossia congenital
37420552,Drug abuser
35606896,Iris hypopigmentation
35707780,Neurogenic bowel
36313103,Thrombin time prolonged
37622493,Superficial vein prominence
35808948,Infusion site rash
36110227,STAPHYLOCOCCAL BACTERAEMIA
35204996,CARDIOTOXICITY
36314765,VIRAL LOAD INCREASED
35104104,BONE MARROW TOXICITY
35707664,ENAMEL ANOMALY
36110569,PURULENCE
36918991,"HALLUCINATIONS, MIXED"
36818788,PLACENTAL DISORDER
35708618,MOUTH INJURY
35205281,HYPERTROPHIC CARDIOMYOPATHY
35708054,GASTRITIS HAEMORRHAGIC
37520888,CATARACT OPERATION
37220001,VOCAL CORD THICKENING
35708736,TONGUE BITING
35809124,EFFUSION
35205171,CORONARY ARTERY RESTENOSIS
36718041,CEREBRAL ARTERY STENOSIS
35707721,PANCREATITIS NECROTISING
37622530,LABILE HYPERTENSION
36516928,LUMBAR SPINE FLATTENING
36315181,PUPILLARY LIGHT REFLEX TESTS ABNORMAL
37119653,SPONTANEOUS PENILE ERECTION
35205043,NOCTURNAL DYSPNOEA
35707802,ENTEROCUTANEOUS FISTULA
36316028,VITAL CAPACITY DECREASED
35305619,CONGENITAL EYE DISORDER
36211378,NECK INJURY
35306278,EPIDERMOLYSIS BULLOSA
36919227,SOMATISATION DISORDER
35306237,CHOANAL ATRESIA
35305882,CLEFT LIP
35909439,POST PROCEDURAL BILE LEAK
37320276,ANHIDROSIS
35406320,EAR PRURITUS
37520646,JOINT INJECTION
36314116,OXYGEN SATURATION ABNORMAL
35809305,PRODUCT SUBSTITUTION ISSUE
35306085,CONGENITAL CHOROID PLEXUS CYST
35809296,INCORRECT PRODUCT STORAGE
36211304,INTERNAL INJURY
35104483,BURKITT'S LYMPHOMA
36919019,DERMATILLOMANIA
36313655,ANTINEUTROPHIL CYTOPLASMIC ANTIBODY INCREASED
35708192,POST CHOLECYSTECTOMY SYNDROME
42890557,LOW BIRTH WEIGHT BABY
42889082,HUNTINGTON'S DISEASE
36718231,LOCKED-IN SYNDROME
37521034,UMBILICAL HERNIA REPAIR
42890169,TUMOUR PERFORATION
35306214,CLOACAL EXSTROPHY
36315697,Urine analysis abnormal
35104748,Lymphadenopathy mediastinal
35104686,HELLP syndrome
36315580,BLOOD UREA INCREASED
36316209,BLOOD ALCOHOL INCREASED
36818621,BLIGHTED OVUM
36717995,CEREBRAL ARTERY OCCLUSION
35809153,OBSTRUCTION
36516795,CHONDROMALACIA
37019250,BLADDER PROLAPSE
37521547,VERTEBROPLASTY
35306160,KIDNEY DUPLEX
35808966,INJECTION SITE COLDNESS
36110922,HUMAN HERPESVIRUS 6 INFECTION
36312667,OCCULT BLOOD
35104597,ANGIOCENTRIC LYMPHOMA
36918909,ACUTE STRESS DISORDER
36110432,TINEA CRURIS
36314667,HEPATITIS B DNA INCREASED
36110657,BURN INFECTION
35607368,RETINAL DEPIGMENTATION
36617218,METASTASES TO BREAST
36211166,Ergot poisoning
37019239,Bladder diverticulum
37220005,Laryngeal stenosis
36316063,Bronchoalveolar lavage abnormal
37521201,Tooth repair
36718469,Cubital tunnel syndrome
36316152,Antipsychotic drug level below therapeutic
43562716,Neutrophilic dermatosis
36516823,Nodal osteoarthritis
36818782,Meconium stain
36718397,INTERCOSTAL NEURALGIA
37521939,TENDON SHEATH INCISION
42889573,EXPOSURE VIA PARTNER
35506693,CARCINOID SYNDROME
35607016,ANTERIOR CHAMBER CELL
35306227,Congenital tracheomalacia
42890952,Subretinal fluid
35506673,Craniopharyngioma
36416633,Cholesterosis
35306215,Congenital genital malformation
43053933,Post-injection delirium sedation syndrome
35707606,Rectal adenoma
35305560,Diabetic foetopathy
35305444,Venous angioma of brain
35707873,Anal candidiasis
37219883,Pulmonary vein stenosis
36211107,Fractured ischium
36110809,Mucocutaneous leishmaniasis
36211151,Acute promyelocytic leukaemia differentiation syndrome
36311970,Carotid pulse abnormal
36718120,Encephalopathy neonatal
36312584,Glutamate dehydrogenase increased
37119718,UTERINE FIBROSIS
37520976,GASTROENTEROSTOMY
42888955,ACUTE HAEMORRHAGIC OEDEMA OF INFANCY
